feat_0,feat_1,feat_2,feat_3,feat_4,feat_5,feat_6,target
-1.8315802068822424,1.4187745513487693,5.684795796743716,2.8831676400828488,-1.6422575029436293,0.6266403998145557,-0.9106686985799768,1
-2.0010256901118946,-3.4336302166358728,-1.278799231483462,0.9764845119021666,-1.9136584011080093,nan,-0.19707048897855384,2
-1.2497649159841822,0.9834734222485997,5.5484399808780624,2.811913578173308,-0.7610680782021838,-0.9638354228352625,0.0582600746642652,1
0.019896937068664355,-0.6746980418647659,2.7835378240482704,1.976657280088983,-0.33954519409926437,-1.1276566532307284,0.5926386282992697,0
-1.1417862003659536,-3.154584432259667,-1.4896327938845983,0.3002396232924377,-0.811878331644852,-0.7570559802437153,0.4046263467251606,2
-3.3305694413225115,-5.012134956790531,-2.0415993250572826,1.851821085259563,-2.8419492425410917,0.04355311275440497,0.36801377219164827,2
-1.8844590625111328,-4.056079829452277,-1.5998632418890981,-1.195579884999048,-1.392869075308857,-0.007006179359083292,-1.0044869687982798,2
-0.22012307482951077,0.05412824588955928,3.2651012062368903,-0.2259232796216073,0.05430997006366098,1.5574871749575656,-0.8386043798203066,0
0.9990349076313818,-2.3447529227222637,2.745921062642762,1.794816198831708,0.5753814241433202,1.1695959836986523,1.73405498792156,0
-2.6631150187269164,-5.043987062882014,0.49398530080602354,0.19428626603146693,-2.1842343055044218,0.6256272737147035,1.0912218672616563,2
1.8236168190821749,-1.1118129283604352,1.0531840217158812,-1.1623159254107245,1.7133602013279816,1.6002699199041153,nan,0
-0.8787597746259572,-0.39201245339919866,2.568473340264316,2.701439224461631,-0.22536590479119317,-0.9806716876657746,-1.2033163755051635,1
0.05157745882943565,-0.7377344628938666,1.001368107103424,-0.4401002346557633,-0.2992884317062816,0.26746513435544994,0.17474717505794302,0
0.49719276965840675,-2.395059570485332,2.339475956247825,0.9730909272274153,0.24080884078025488,0.40192596491443355,-0.17183568710768266,0
-0.5015728479033814,1.7212768457424317,5.721427316695559,3.616014260958821,-0.3683998482954853,0.3912928171531974,-0.7485932307784069,1
-0.3803322064976262,1.393263219224086,6.6513518919101955,3.9146272714855934,0.08573934337097339,0.24857140386790363,0.28372965710676123,1
-2.432125636003743,1.450310200126467,2.822300745966296,4.5258660695829676,-1.9853983967608493,0.5812368105220509,0.038085880412395634,1
0.16671351727283878,0.770456637606763,4.450839646742171,0.3775887555550018,0.443002949165649,1.1062537389317901,-0.024112986066608354,0
0.4783110832247694,-0.613362292043387,2.614569266517096,2.5835893470309057,0.2572107768569209,0.8174239171916904,-1.4885978664542734,0
1.7241063553626774,nan,3.301947800262327,-1.6908128432344918,1.4528706015812296,0.740584285789731,0.4352004179871417,0
0.5639777526275355,-3.2919041427369446,3.3657959278113667,-1.8016195310723342,0.870626309345643,0.00395875332706946,0.4557808874060643,0
-1.9154214625843071,-5.331807217045089,0.3776620359474294,-1.1199144402508951,-1.1783490922827125,-0.01934504774794299,0.5325920396952856,2
-2.203667103218065,nan,5.007672823737767,3.522126681508277,-1.9841937275264239,-0.425576050370573,-0.23873948479151902,1
-2.1046706990600867,1.3601158314828132,3.8144457868961728,3.1492010301153663,-1.670317867588384,-0.4960166080995756,-0.9771048400497292,1
0.39636901254225504,0.2685324316034002,2.322717011999219,1.2138611310766652,0.38335126372903355,0.8748151389736487,-0.2893870294278776,0
-3.3617871999423796,2.6762671272209664,5.021790674360328,4.95432696402166,-2.588015631255401,-0.263147632551638,1.3472858689811142,1
-1.9308967798887142,-4.530487737241987,-2.0402939474093045,-1.0088754502889188,-1.4657951795830735,0.19008133028882268,0.515154869798958,2
-2.1009724161663543,1.451914425989811,4.6986941186356415,1.678412417528818,-1.70532568308344,-0.2557646520269473,0.416679032913374,1
-1.3840330671512056,0.26226209371208875,4.3493191851439,4.166060065595609,-1.3111862658807318,1.843801933630595,0.4687563770191398,1
-3.1693786233941443,-4.55409432220534,-2.621608157416927,0.6849616610743348,-3.034470763226078,1.9013475587483561,0.5149935106988229,2
-3.615293543638711,-5.980161970985179,-4.255718086913034,2.320596975166781,-3.2944509052821203,0.8518283398242108,-0.9642158444226631,2
-1.7851886086342432,-2.8107386601623654,-2.555497365563057,1.2671590227198206,-1.988856229321505,0.4699261511905426,0.5087472163359494,2
-2.320011432449043,0.0028041937045910625,5.410960669140164,3.0203347451704934,-2.140346500251854,0.9216923355712702,-2.0251521018396024,1
-2.2031680843019092,-4.010031081252537,-1.5899808007150231,-0.0681105162306235,-1.537326228117536,-1.0910681980165158,0.33442719141377203,2
-4.772537651655922,-5.617021085933927,-1.6159661503871345,2.0915569205434945,-3.899295267255628,0.868712263010324,0.31104359529584286,2
-1.910020241149405,2.6453391915308684,2.18730665436761,nan,-1.3729519936771006,-3.010592631688804,-0.42162374574041717,1
-3.5986582898495425,-5.442463610531242,-2.481242549112005,0.441325014241545,-3.1637317686260316,0.35186835465036215,1.017301871268622,2
-3.6608226647128523,-3.43286984527633,-3.6236598331334,0.28067332209850626,-2.4258777280793775,0.013772144225054609,0.28949062245930546,2
-3.3468893478778172,-4.215587764410259,-4.199029607415646,-0.834662388748486,-3.147930949633797,-0.755364554587813,-0.4399305526912749,2
-3.1238987031481287,2.175261689560257,2.3243125381320957,5.04569737563067,-2.394438592168014,0.6432856625957134,0.35562110025120325,1
-2.9763254989604238,-4.239156745929223,-4.7289763641706655,-0.6523414899104928,-2.2354810920222703,0.6387153557833382,0.4787031108084666,2
1.2776760570921075,1.0379919523557648,1.2505240526047001,1.4998893646337357,1.2084297566818758,-0.5303586751376336,0.912316865863454,0
-1.699839813406195,1.907578182350186,4.351501824920557,4.829763741454333,-1.311105096268658,nan,0.4816876510860112,1
-4.170633289968751,-3.7865562696985364,-0.6437850991114997,0.9137780300397104,-3.7746155041692697,-0.467350808110262,1.26811835127119,2
-2.749724570654734,-3.9114303530228587,-1.9200480937187003,-0.1306901337483675,-2.105216373524706,-0.6770302666414552,0.07681395700459838,2
-0.8052146673903651,2.608372920701073,3.2033128660625225,5.173244831419816,-0.7463715720157759,0.8532370759708157,1.254091163967035,1
-1.8231015856497539,1.0948517359139194,5.490429655673057,2.547582468007733,-1.4338720101270326,0.5657955844297512,1.1836888196075748,1
0.908233238125586,-0.789834265738738,2.206542922505877,0.7545725937648877,1.0705648065058602,0.7621723106232449,-0.3313828984985177,0
-1.853699619141157,0.9373873342422062,5.76918058117001,3.8884667541141718,-1.7579534566080053,0.7983695906688574,0.10590267561391911,1
nan,2.150526785657724,2.4746881139993024,4.224058535424332,-1.3062316974359598,-1.133990728116401,-0.6615660008429558,1
-0.15609073153708009,-5.4632592906587005,0.336607244275243,-1.6454326827450636,0.24125953539287534,0.42689800260622607,-0.8006144392811545,2
-3.1605325614266704,-3.7546794405821133,-2.7791936846277796,-0.745435977875925,-2.5017483760643655,1.5125171326387197,-0.7575002166273458,2
0.5930995375284569,-0.02508654182568837,3.115914855502914,0.09499828685374334,nan,-1.150692214205122,0.6123409318923192,0
-4.491686643008093,-3.8563716833213286,-0.8860328151981676,-0.3166180453258728,nan,-0.6066614942656829,2.7215096266087393,2
-1.0881107219983712,-0.09764452925101308,3.841628366440306,2.1283534937334627,-0.6769749423433044,-0.329749824252908,1.187878937162205,1
-1.7788016936947242,0.09409186545922932,6.220275917866665,3.8271828823780516,-1.748431208764408,0.8021004372773928,-0.2955631239674654,1
-2.419484062141664,-3.713156716215218,-0.9039895263191529,0.5333973691685636,-2.0410586763493894,-0.8908902513557284,0.25323348050038635,2
-2.711399391288258,1.3528749589737108,4.127667781979095,3.8533409865031225,-2.13572988968773,-0.809127531651524,-0.02157720401677799,1
0.05295013606715149,-0.3915049795682943,3.29160990547542,-0.43146159527809147,0.5692612827679154,-0.6988232519315115,0.04900747879279077,0
0.29237144459133435,-0.6957548327405834,1.6319367465141705,2.926037053486484,0.20742288161587352,-0.34465332925441505,2.8897063326492267,0
-1.2936954323796026,-5.0876874383135275,-2.8236479076513157,0.48598888114190353,-1.0044447244280958,-0.39454086762701523,-0.2544143177483311,2
-0.6083352742649941,1.1631287937958523,5.416499865719044,1.567701505584397,-0.3146929839150968,0.1811112998156554,-0.14174521964079556,1
-1.470483056057898,2.590905742713332,4.726369642838445,2.679337301179764,-1.1170155651278084,-0.5487833898442965,-1.5068393559269497,1
nan,0.2821951636378257,4.281808313585962,3.928793429616954,-0.515424392758197,-0.052874292993654426,-0.2782392363682849,1
-3.3709734962113176,-1.7777731463923314,-2.3709874424829755,-1.8677868208975708,nan,-0.28002924603832463,-0.7253208709433308,2
-0.7708208238802008,1.6280008932638719,4.527271174239833,3.8076080645803327,-0.6328136577138554,0.7128355593043681,-1.1595397297658203,1
1.083254769976231,-0.5634899919529024,2.936170170165681,0.7652150233061351,0.5978567889314597,1.862053355790167,0.08988604072026449,0
-1.5023150861080676,-4.904724918145821,-2.558633562271115,0.7809173884116173,-0.669718451768465,2.338615418668435,1.6144167954585027,2
1.1492477347684389,-0.47820238308732094,2.345364850352643,1.328511837065814,1.1249921890312993,2.2842311975239147,-0.5834779892540358,0
-0.40431578220548225,-1.656489448914697,3.0426307234832097,0.7594530622855542,-0.6293544337305402,-0.12412435397813118,0.6722268299404054,0
-3.1613211400057293,-4.709657755629184,-2.93600087679929,-0.3730322502778445,-2.5341413970136055,0.37884708691507096,-1.4827065845162164,2
-0.5482049670430977,1.3193959524593626,3.455183957228197,3.842135785022262,-0.4721214649906472,0.6396091774955461,0.8664783340607268,1
0.9699180698460317,-0.5221472309936883,2.1741251693362877,0.8728489210267482,1.0780992555050126,-0.5989655416535202,-0.7141889565011501,0
1.2112711473997022,-0.5589883319591784,1.6774942266860826,0.13999555440047104,0.7478702936030787,0.21763033647771515,-0.39512984473742874,0
-0.894249924989201,2.0393607295739065,4.143314992432139,6.155941164701387,nan,-0.2702745263087816,-0.5192455027103822,1
0.048204459243323505,-5.48120144988816,-1.1515250872303626,-0.8516337424996683,0.39589615390991695,-0.589931827958969,-1.8900820236479825,2
-1.8306780051196472,2.8193966265862542,5.338034204545516,2.1210139944968778,-1.2079673336580354,-1.6263852675165833,0.7308558818161751,1
-1.945205235048435,-6.881915800004734,-3.7675948975468394,0.17991845262959053,-0.38718195008956613,1.8189724329703494,-0.09100546603865063,2
-0.3855834099994696,1.1149731763355764,2.374976052166808,1.6447429039577877,-0.059154540738395656,-2.307260846927574,-0.38191963576567967,0
0.5576367495568114,-0.2928682236012815,2.4143116121017125,2.333667450693573,0.3717745195285236,0.41939686382860647,-1.0409236404641422,0
-0.8454731697554467,-5.547598274919801,-2.4413310823357577,1.8306607575743161,-0.4801765152232245,0.28019078529988134,1.502887908729919,2
-3.9689671123617485,-2.5899995246396235,-1.5470111010540561,-0.8759545451359794,-3.1505762413367133,-0.49343095086320027,-1.60245957452005,2
-1.7818233735003859,-0.40239706366888994,3.9846308182452232,0.6016501957061089,-1.5189534301634788,-1.8255318008181727,0.0273104419877739,0
0.9943275359836412,0.02441817208504593,1.9957598800873206,0.7643640369313334,1.1356124023190695,0.19428834320858518,-1.3984757863123836,0
-3.090816603039505,-5.002186618035557,-3.1051930440464943,-0.22933833533413964,-2.2150877199208328,nan,0.6215633074084798,2
-2.249440306097731,1.4522329961068157,4.218427891834219,nan,-1.7886229894168286,0.6393560571932799,0.4726099570612634,1
-2.980346503182994,0.9975949202448176,5.093139819276354,3.0252943144714877,-2.6805362231603564,0.26007954224805374,-0.391522313326466,1
0.8308327416528127,-2.0009894305270377,3.4307631275474595,-0.09410296929689538,0.7479147593892316,2.3519756231016538,-0.7263966714071814,0
-3.268954033161571,-4.390218416789585,-1.730745820685958,-0.08136606586307943,-2.2772755744185225,0.34487623254776717,0.40519350359969103,2
-1.2148024696662438,-0.5005149695087652,4.463938608478575,nan,-1.1261034990906293,-1.1166745689795112,-0.38303744478878926,1
-1.9835141220935188,nan,-1.8559972009192647,1.9013650141962457,-1.789756494507313,0.5647229923519387,-1.1128219454301513,2
-3.592404853140743,-4.167013890385581,-2.055255842544125,0.8426546902772161,-2.7990588962792984,-0.6129497931649872,-1.1006434225222574,2
-3.604277236935807,-2.8271754946697953,-1.3098523735404362,2.4634780665688965,-2.9598546427454755,-0.3542094987397631,0.13483716296779397,2
0.5206902590004806,-1.0642803168581862,0.4446499845760379,-0.10489157500502855,0.19865403760544834,1.9401758112574177,-1.8909582473338546,0
-3.7319900932563437,-6.44015447684377,-3.0476282909049974,-0.11696841152986012,-2.8107922613983516,0.0874714536172171,0.5313690066355435,2
0.2731430032207004,2.1224917358128477,3.8007674720308673,0.5632366949963068,-0.1514052535668642,-1.5729214195339152,-0.06713483022866798,0
-1.1542688993657313,0.8886146638261556,4.150266386135549,3.8133058283586427,-1.0576126267654706,-1.1153744956100682,0.6591371822625456,1
-1.9861964661256706,2.8667134775398395,5.3163314916880955,2.279948784202351,-1.3637987193194663,-0.7889803019765305,1.6432006745478187,1
-3.9532911729183953,-4.269854908144796,-0.9770827309037031,-0.9008355289141674,-3.39284197239633,1.2006781845148016,-0.3969403823334679,2
-0.4893407295465543,1.9402787472089387,2.2715564589095716,0.035791530938680205,-0.3354983984825298,1.0491147116796182,1.499727315986182,0
0.025407146435274086,-4.72270575271616,-3.310396973370568,0.2283638480147573,-0.2633653010178694,-0.4988155340036221,0.11274855235997634,2
-0.8085496339469417,-2.047458750293339,3.2068385219272932,-0.1898024167584652,-0.5836196206547632,0.18081967393716772,-0.7126767804874029,0
-1.3837608484223436,0.15823628056354422,nan,2.0853550152522646,-1.284052072487303,2.0268111814345575,-0.724857322834436,1
-2.8183044439373424,3.017019311037967,5.314500519240421,3.9972341517263836,-2.347807972769163,-0.909786167185607,1.4317721173089482,1
-2.483649258034571,-4.776048647577779,-2.2073396533950533,-0.2852345865792183,-1.5592580075771627,-0.43023002216543327,-0.716985560711483,2
0.9562236877959869,-0.555672172832245,2.4398185115068345,3.04458453381909,0.4396165970081814,-0.09216261965340966,0.39464460549211783,0
-2.4652814013772515,-5.516049477224612,-0.5872889903414373,-0.885870594256345,-2.399757033630906,-0.16448807192093354,1.5426281476280654,2
-3.497815247143188,-2.616399963098178,-1.7344673934800567,-0.863869432551468,-2.547005538401647,1.2997379228339803,0.05056045208171263,2
-2.3618359812630922,-3.0109553685782093,-3.0855638899119096,0.36128382242928975,-2.0392272464820467,-0.11712680385246586,-1.7270075405347427,2
2.8852229492422503,-0.5881689948713666,0.5744087353407688,-0.011089810609407225,2.235452861860785,-0.9087649872495911,-1.2833746415598566,0
-2.7413381326983424,-4.947360194335684,-0.42805735378209175,0.35756694913746734,-2.0407115306057415,0.7376769702939684,-1.096698647263598,2
-2.4207882331206805,-3.867190388976938,-2.0211051548867935,-1.7815807499548473,-1.8443108989030585,-2.4376846002921826,0.5042995420588482,2
1.1215122038014946,0.09129682968869451,2.6364273620672636,1.1072596328329136,0.80757396805561,1.7316557833479689,nan,0
-0.7538330758330396,2.6587256619989876,2.9675378152083463,2.559119434151455,-0.6920366325460962,1.1464189412301709,0.4566354065216707,1
-2.8915296520863185,0.8106043591395731,4.932570041780369,1.5293429963672642,-2.5535855100072453,-0.9760610540480997,-0.7882215871436499,1
1.109058678097525,-1.9765261999147359,1.2478929485689052,-0.8526181157386427,0.5307549908622464,1.0685197076099178,-0.8470595138499231,0
-2.3680050704645024,1.586714212119014,2.5063997494998485,4.8762354201697775,-1.8652790632781813,-0.23882445481981274,1.0239273963792066,1
-2.8401218783252924,3.429433725046782,3.024994182115357,4.178434235496337,-1.9283931070847082,-0.47504535160411937,-1.3237910381032778,1
-1.8935338407799094,-4.661955536736697,-3.6133358230606323,-0.32363881128585303,-0.976905976997571,-0.6869460922403857,-1.092861780863523,2
-1.173463503951829,-3.570818168226853,-1.3212404504261945,1.6369589526167325,-1.309361783383332,2.3405293377078595,0.4344810245920101,2
-1.3881418245964063,1.2037188768995628,5.436919302005684,4.012148947859066,-1.1512508932660612,nan,1.127259350483916,1
-0.4971253083780909,1.7432632755865354,5.175409462079991,4.327158202985125,-0.589978891809196,0.9750194200549896,0.12908138798879026,1
-1.8745750816838929,0.18129142336213833,4.529034416383614,3.4142369459901474,-1.1088194453840992,-1.071595396877455,0.12041953433183243,1
-1.3354075738840878,-3.7757741441332935,-2.6818727402314746,0.3758988732511902,-1.996208199149736,-0.06228438589251779,1.4083126240539527,2
0.14191006921058597,nan,3.0557238126286865,-0.677370756732461,0.11245849671061947,0.5741741545219637,0.4737347158229168,0
-0.810971998355922,0.922661925769469,4.996170200499706,2.914901463812559,-0.6632852377697814,-0.13633076134418196,1.7361132055096329,1
-0.22224974811848952,-1.0923301326464958,3.086637956905464,nan,-0.47899830029364054,0.21302085832325576,-1.680521186066578,0
-1.7570544739483167,0.6220022625760749,4.057032674156698,5.138153263342226,-1.257164792131723,0.5090661362914279,0.16250602265460307,1
-3.1641310263271043,-5.166108545112506,-3.728234741121237,-1.7255137085046912,-2.4772594540637547,-1.0029315534351002,-0.5467575801994768,2
-2.116252034720885,0.5801889903414972,5.2548939600685305,3.517334922582383,-1.8665072364533293,-0.44394478141991045,0.03623451277606105,1
-2.7850190015883705,2.734072443376173,5.663494909940899,3.3337859105787784,-1.9940018394276038,1.524165076450352,1.5447078997202752,1
-1.6794871806507512,-2.7160667849739974,-1.7878182585885285,-0.4024118853843013,-1.3547498721290339,0.549482453260947,-1.245544211905653,2
-1.7576483641966751,1.4392833325887218,4.841573046321555,4.460614215785187,-1.2209674713163106,-0.4482757963354493,-0.057005265858134375,1
-2.14539464184727,-6.081039622859235,-2.9819781474727516,-0.9218865433140679,-2.0723316038882427,-2.0267588096721267,-0.19073211890984734,2
0.7945730304697987,-0.7309898595818427,2.594155858374854,-0.12721634546883837,0.8223851034767771,-1.040667949608052,0.6799685730510702,0
-2.603188484939285,2.2829053034169684,4.967002209494303,3.075444055465567,-2.4026463676091896,0.8854652551927916,1.02042645294465,1
-4.12598553637466,-5.715564058664205,-3.3658346491705555,0.0834529893862837,-3.4402457499016554,1.3724359026915371,2.2631306748004896,2
-3.4216797916606576,-3.3589395210863,-1.4390417919720697,-0.020295778291117977,-2.927775860433423,-0.13519298527883872,-0.45542744899032456,2
-2.7265886181752226,0.7629723741817624,4.855073372385233,3.3358214533300137,-2.17841073043686,-0.1895490590854866,0.1696602564827215,1
-2.0871652554028883,2.438506189136029,4.214397680952031,3.176735091547415,-1.9334866386157268,-0.9301782744848193,0.03965484210091521,1
-1.3208812353732036,1.5363680651432157,5.644826090154367,2.8224617228516715,-0.7658399396974319,-0.7168586566052575,-0.8315169610389361,1
-2.653540275494436,1.9234464137441547,4.69147793325132,4.106701817077551,-1.9161225569021625,0.7708322419083098,0.8988522707114269,1
1.1618220298539463,0.24464509551563746,1.2663997249996077,0.2703759022504051,0.5973386810441694,-0.37959100136875373,0.828680105625864,0
-3.002626466317091,nan,-2.058120694697096,1.6605432217108407,-2.3700586568611577,-0.5143935108682166,1.702299719874026,2
2.528559383699919,-1.2852241599713567,2.200711630988414,-0.43778071002036023,1.901592788568658,0.37166651613694457,-0.8027072243903104,0
-2.654641598353942,0.9952644269269348,2.942259827666339,3.6743142276125678,-2.3860407495831595,0.9235900930464629,0.8709534334341916,1
-0.6875229003192181,-0.6372629287542455,1.4430166047408117,1.0466254873886904,-0.2779456930347952,-0.8035553851424004,0.4585428646128463,0
-1.6628080840421262,-3.8244364329046014,-2.241669821752458,-1.4648899939187188,-1.2792929019535446,0.09152567068443983,1.3810737758386387,2
-3.522821333202043,-3.986691790988171,-2.791465192946015,-0.17619342472661545,-2.9850103600416618,-0.8078596794242818,1.4061454897221717,2
-1.9490022606798243,-2.3160835141779317,-2.926911961155508,0.5762518324792034,-1.925626011484567,0.6144640423607588,-0.6997755393374193,2
-3.034110256978201,-5.555172641749023,-2.52626059312952,-0.10831091658400335,-2.277194790750454,-0.7081945186025407,0.2673768101972162,2
-2.8990390549953027,-3.9204732201988453,-2.471102583896537,-1.9176765202311048,-2.675785353059222,-0.026887524396062096,-0.15532177465090705,2
0.9675195082859509,0.018279524329765318,0.8061444317303521,-0.30909023408585834,0.5667689908162215,1.9050444567558844,0.20720016195388116,0
-0.04214558850962652,0.21538785922939113,1.990684794613447,1.317774321012645,0.1588937774370986,-0.12589087386558712,nan,0
-0.31760676014535516,0.38977387329900043,2.2431286127254624,-0.004020557295834004,-0.28146020440846775,0.7805412554176454,1.5221010214664767,0
-1.629821968850508,-3.6329070797132132,-1.606114831553841,0.016302574323840607,-1.6172016984651951,-0.25750478612912037,-0.9536855092289989,2
-1.416471567941121,-3.235240453866604,-2.49257043011085,0.25215160365883216,-0.8564019243124389,1.6052557256016113,1.314149245223803,2
-3.9793491896427504,-5.110749792398225,-1.2078790300419804,-0.8107976498954291,-3.1781706236984513,0.5359574136601396,-2.1240482124720086,2
-2.129082754596415,-4.467105332809608,-0.5378837800129681,0.2840495093282581,-2.1176320854752815,-0.4570907038054908,-1.3024867246131577,2
-4.34019764597221,-4.8516378376758285,-1.7591185633647641,0.7520912535721891,-3.1690433355441088,0.6949552797565844,-1.0485282014773856,2
-1.9987129397637533,-3.158574135923529,-1.9287912601205992,-1.7490888549901809,-2.204222654016068,0.24066529660704256,0.9815575035987945,2
-0.19951832192551233,-0.2509987692808878,1.5572713522129278,nan,-0.7622545213342002,-0.22196014441155126,0.8897862501690069,0
0.7237625319060899,1.1502992287514622,1.5359017863459443,-0.8348723526855496,0.7057703568584244,-0.4933469654869311,-1.2989735210947264,0
-3.7177769254843698,-4.904769739833436,-1.6810987364463954,-0.011862292094859894,-2.9909344739171777,1.5194179412684152,1.7808759029084198,2
-0.24922575987590712,-1.5708285333538843,2.0062182530556156,0.9871623146531254,0.30784097979845354,0.37969250076474437,-1.6014871208576338,0
-1.3477555946281137,-3.18043936500999,-1.47115695035103,0.44867558927627804,-0.8562425199573511,-1.5850170893133457,1.3841292228903666,2
nan,-4.117833895171314,-0.6976901250913068,0.25266191541585603,-2.256308593537778,0.5295936030075874,-0.1719424574421638,2
-1.7177305313515858,-4.426526260022296,-1.7078373181160145,-0.7813429790958991,-0.598108077793577,0.3719109118529111,2.038291777344768,2
-3.155620911027084,0.28218589913250014,2.616268773890854,4.174611428430579,-2.2745183192929295,-0.6218512755693713,-0.14582916843346902,1
2.82368736953449,-0.6710669797452938,1.4475356850800511,0.722882291320292,2.0008680536173102,-0.808652295513336,1.454049310237469,0
-0.28027245749441,1.356068419093628,5.848184899340049,3.305257794496838,-0.38696138693790794,0.47075545744050984,1.0410060933845342,1
-2.230314397090404,-5.945330631819175,-1.8317828401711564,-0.7857348395093121,-1.9849801523635349,0.1834934498990091,nan,2
-2.9222648381985503,-0.3010632786360823,nan,5.6001179603806674,-2.707213015328869,-0.7571645760027265,-0.9202519673220916,1
-3.183900569490573,-4.698579542590728,-2.542063242377432,0.5857673887392719,-2.640924381937536,-0.7875252346549649,0.21513609872808032,2
-0.8913749478891301,1.2288749671139734,4.163822841949053,1.517418375384779,-0.6850611093287229,-0.3592051113324755,1.0219972324179782,1
-1.8303415368508642,-4.3497235510173455,-3.9892123788463882,-1.0294147223154437,-0.6585546261830023,0.04537362791770336,-0.20654803111026404,2
-0.5461253000647457,-0.9083146284989401,1.3439091839489388,1.1447887572401378,-0.7147507734972609,1.4808279628885181,-0.7364004343386165,0
-2.826103264358757,0.7604407289919317,3.5174590605469263,4.005631432375978,-1.7658279409648898,-1.097917271667359,1.6672552515206407,1
0.009003198371070498,-0.4570483717283499,2.7941323446053645,0.3568793822677445,-0.21479384579787283,1.1568699482885063,-0.7104178613682337,0
0.2981862042059493,0.289714854266603,2.616133570994558,0.48301979507706083,0.4926097156884196,-0.11285474964631041,nan,0
-2.8478929816719964,-4.265886022434281,-2.900616235016873,1.6402776135729484,-2.2462854275859394,-0.08722432390393094,-1.2345956019793567,2
-2.179307981467888,-3.9786518858524915,-2.8227790200469838,-0.07854074460075564,-2.0587453595779848,-0.2594915317544406,1.5564211953603297,2
1.130319938065056,-2.411545092203055,1.9709186804050298,-0.2746363098476715,1.3458276034650465,-1.3048831116482944,0.24340653790616829,0
-3.597061361345117,-3.748566411221783,-2.949399467654241,-0.8947720487039661,-3.1545643024289687,0.8370620202575701,-0.49123071369266547,2
-1.4619307264140033,-6.307882015102057,-1.1479178849942087,1.2107822097981045,-1.1167885941706124,0.9487000308579935,-0.5238008734783478,2
-1.6044120960137334,-0.6903404814893598,2.5283004248296312,1.38494808214124,-1.3746985573252661,1.1947527769994426,0.8195812799051819,0
-2.4054002797398097,1.0997755901805815,5.308602989529694,2.413041228964942,-1.7709209721827681,-0.8992795488618955,nan,1
-1.292722383072292,2.370679964740761,3.515281411285422,3.6141655391237872,-1.2474153020776992,0.25853754474815827,-0.747981451671407,1
-1.7968280991589893,0.21514877249894826,4.7157500784256,3.057105840556871,-1.4439483904390165,-0.8532879357562125,0.0829041058428823,1
-2.6686146505629846,0.9043875921426394,3.587016662182275,3.7129506078083137,-2.790880784954811,0.47158411640334175,-1.5294480084981263,1
0.8496071412926534,0.2941824992121936,2.341864570195999,0.5781336957588231,1.0434610816995968,-1.3138512624909426,-1.6090312107709794,0
-3.0221385864006467,-3.7774169788595806,nan,0.7092807346823657,-2.0273464933194076,-0.17282543165747838,-1.0945285690571607,2
-2.9208295767881816,-5.203293259670736,-1.7917769512195831,1.7791918759408165,-2.1103602400161123,-1.2691373100166274,0.504378077164098,2
1.2961045936648978,-0.9117302059421283,0.8519542956731698,-1.1357009080323732,1.4200019724395505,0.946015385011634,-0.29486129602880307,0
-2.1827838489606823,-4.265190606743993,-4.111474479659296,-0.01427423761132543,-1.7394769199048143,-0.689992422147716,-1.3442070481793615,2
-1.3860823410964997,-4.454563572238066,-2.213822460918474,-1.0155511902472516,-1.0404643772543534,0.7331597894546724,0.09971359843022708,2
1.1296798073547352,-1.169075583851283,1.6711642581779809,1.5133171379314891,1.7656578261889724,-1.1512981507767888,-1.1851568252972426,0
-2.8880710872231448,1.0630571358447478,4.553896335354613,3.6999706126285288,-2.2194950361328516,-1.073062597231178,1.3173728470539088,1
nan,1.247242541911923,5.086123655978145,3.222477658141787,0.05192185299509533,-1.1068792368225626,-1.186206549043944,1
-1.2340107580434165,0.6499713585584532,2.973907667191655,1.568501169342193,-1.0387497431239083,1.0873643657900407,-0.05644215400178821,0
-3.5151364403811094,-4.287053445236636,-0.2801840392572912,2.349343054213913,nan,-1.666757681844041,1.0291950963747647,2
-2.3877012888231337,-4.132886658954853,-3.14144631816326,-0.061248972695669424,-1.926098730396567,0.6016795760106137,-1.4301062539283493,2
-0.32540248779167635,0.5833983182491342,1.8381611607931043,0.2757899132599353,-0.30516894558845975,0.44756264453733197,-0.7925127923957356,0
1.234491984724717,-0.5943672633462509,3.2811576129312856,0.19877659637971293,0.7018355450017723,0.5866663929405588,0.8423297733018268,0
1.1888374120398923,-1.4738930055400492,2.2243430075062554,-1.108378668572624,0.9178996784051178,0.3807676820706621,-0.252513517878028,0
-3.3259434044045153,-5.167039934831286,-0.2485555597190665,-0.914048364810486,-2.8406673829664735,-0.21822533346273204,-0.46386023653367353,2
2.3783027610811405,nan,2.7033610016016736,-0.36203661642902873,1.904252281144151,2.090084495803792,0.6688982467966876,0
-1.060782618122209,3.152740738376626,5.542912428627833,3.712548911793988,-1.0007358892374314,0.39961952644976406,2.2330986637878913,1
-2.3868373538159995,-3.738188905519477,-2.022292715615862,-0.06260910751000284,-1.5250563100480434,-0.15728944569097367,-0.6673072030301851,2
-1.5927587255546614,-4.760423838908286,-1.2940208442127061,2.248861342324461,-1.3068105281517277,0.5832709457123656,-1.4267013752591267,2
1.400254701611252,-0.9447032932327465,2.0544624371017783,1.4277498030257156,1.7044335919778595,-0.5413357567363386,0.9258170446322093,0
-0.3836133760022441,1.4059697786607248,2.0463982278018626,0.5057307045035301,0.08045421593728691,0.37337326693814127,1.072196640622233,0
-1.4528230147893582,4.522781766899961,4.47653523613358,2.74245464909733,-0.717377738382105,1.3878295304411057,nan,1
-2.8667795699267353,-3.7715045115820134,-0.4850817012738591,-0.872602526628204,-2.4719830080991523,-1.0257780661219822,-2.008346606082808,2
-2.2273812471780077,1.0462883651594859,4.177930927369771,4.815831253548984,-1.7315535685860628,-0.4460822842271557,-1.6042768301569175,1
1.3257136401080094,0.9540592756921964,1.7617365216866427,-0.7296423220396194,1.209549624808848,-0.2896571272150917,-0.6541628880053966,0
-1.9259586970312403,0.5180090909160715,nan,4.374485114471828,-1.7638470535953708,-2.051730410905667,-0.6036645000550588,1
-4.061426490211964,2.0040403849686155,6.7058281708275125,2.088781647118365,-3.561485780108621,0.19314162274494787,0.3494848832999982,1
0.7615522222927404,-1.640217971516839,1.3685624289780138,0.4813311921097366,0.8482933262813228,-0.685522850303141,0.608691512762964,0
-0.05026475113311446,2.8745721844737897,4.6778224847842615,4.341590675712511,-0.9163214179090429,-0.06952896701658202,0.2534440278947922,1
-5.228651249991531,-4.781183009918022,-2.4323703087673216,0.7182513548118612,-4.3001574348088045,0.9617208732651644,-1.067645696804755,2
-3.246796837233802,nan,-3.1043982785948807,0.7141447359435029,-2.6914483115627217,0.020705514132611996,0.4416043274831215,2
0.8148214259915507,-0.8288043384301216,nan,0.22618084440959216,0.5230627718748773,-1.2364660009632078,-0.12489549349786905,0
-2.5022863928740584,0.571388869635052,2.4699197741297554,3.4790343554211454,-2.0324433802935924,1.5372659079236626,0.18296843357980644,1
-1.7685537309114916,-3.9308175546761452,0.47974532831873296,-0.20717451634963682,-1.8113061993398383,-0.168768845662133,-0.21662435459371118,2
-0.8497220570839407,1.325334761926808,3.8074282080369346,-0.41708471992407126,-0.47704819514880087,-0.0878476421822209,0.20914183388097068,0
0.38108180419645626,-0.9522334238045651,2.7826182861380007,0.0302778598222615,0.32655162475731736,-1.5520112666864958,-0.0507584958879581,0
1.2101090212552408,0.5209885386668687,4.224506729697711,-0.04523296135583743,0.6464534129142969,-0.39339565312898345,-0.408495546579771,0
1.2146357189114378,0.5802350490838186,2.483672068133487,1.9902047999402868,1.41308783486403,-0.49500899584620406,0.6604841224582783,0
-2.0202893753793982,-4.2855699956534306,-0.05424850293973815,-0.6251095726895851,-1.771488511278138,2.523029254908532,1.0517640781062902,2
1.634807761918775,-1.1968067086998062,2.8399389788816185,1.1842159678958715,1.332233000848949,-0.049153061851018066,0.6293756011268506,0
1.3965495538409247,0.9904945199111577,1.576664668590286,-0.8788307410256867,1.463242628824133,-0.6937035677952876,0.2383750992661793,0
0.6526204549867343,-0.1366989286867637,2.1627235572198953,2.8621635972084873,0.7056876739803613,0.8017585018933832,0.9627126919404433,0
0.5688038523255932,-1.7404160406106493,1.528194710189014,0.841287525799167,-0.06468876047321453,-0.6526792996459783,-1.1216733648505302,0
-2.5537978617840325,-3.2408875082039117,-1.289120074197629,1.0669010943221693,-1.9093398237622927,0.24041618692184924,-0.049576395796278726,2
1.3035833951225886,0.3578214136890469,2.124738181878002,1.932504758498522,1.436479087812923,1.0171404958596915,0.21781376549746434,0
-1.3328585188037527,-5.1248501211717885,-1.7333915601785737,1.1877874483878008,-1.316169110339796,0.06755277185731713,1.286440678780152,2
-0.4234914680584667,1.744907172097293,5.4302752797176765,nan,-0.6085399262873983,0.742418074559334,-1.6978014889994102,1
-2.713390056515579,-4.419925249915553,-3.1977107484922644,0.14321295943547713,-1.9019647457858289,0.5706382887997918,1.002362275392866,2
-2.135265037038897,0.10561549573631068,5.128369078105476,2.6548125276383496,-2.2301159351607875,-1.158655648888533,-0.07167373274670262,1
-2.8525324487269756,-3.4590275362469374,-2.826881480268196,1.5453037102019809,-2.1591671169507696,0.1297866783609131,-0.9385935106431015,2
-1.9916510043603362,-5.261114715066262,-3.6333951902026067,0.22597069653392401,-1.485731241937851,-1.5524439929545117,-0.3318813143582048,2
-0.29204356539363285,-1.6428934812831715,0.9702012940797655,-0.1513633357677162,0.011249420764567919,0.3640893480207471,0.15131611086989194,0
-2.3506351639458805,1.4271482729838278,3.3130097127330904,2.7856980925726003,-1.881070442247218,0.618231987186571,-0.02845964488792638,1
-2.4976021600233738,0.511337796778834,5.8659074851731265,3.586340338472096,-2.6901557705864563,0.6781425594600204,-0.24192544485303696,1
2.586721718102977,0.3293360794777986,2.612430689824893,1.6230721739424299,2.53168651222051,nan,nan,0
-0.7033852050779807,-0.35455266091401016,3.760020616746568,3.0890345244617667,-0.6477659194486305,0.6617216029913433,1.1354455482428907,1
-1.5893898347952595,1.54694082551423,3.0206060254728033,3.6923043622584513,-1.131003019984903,-0.8773446623736614,0.08413022222557348,1
-1.4273304715274637,0.36633064435788376,3.3956304434633156,3.88511876408397,-1.0672804501612563,-1.158891438656368,0.27489487975338783,1
-2.9057774293708043,-3.5791052516461517,-1.1689284412739802,0.5208173766037195,-2.98328193828662,0.15264220230581682,0.15290913694448696,2
-3.897213388116821,-5.31974203767197,-4.011258509502064,-0.3647457080659122,-3.6516630568741264,0.8097970015749048,-0.4493456552851786,2
-2.7646925779442055,2.8291185430941264,5.20893453366175,3.066188549858206,-2.5336156014366247,0.5118271679408665,-0.2217205212779572,1
-3.6833248599622657,-2.6233259586609288,-3.0583610686515463,-1.8708544595843788,-3.678271476229121,nan,-0.6988891403862544,2
-3.215222403791789,-5.869737575864106,-1.364731938306039,-0.8820018991696508,-2.7005725510352483,0.3673379643026348,0.5276042278109793,2
-1.3625425845629664,2.77104627922358,3.64404557947649,3.196855410090023,-1.1829707822272044,1.401004557605762,-0.833845525199564,1
0.034175206418985304,0.9976160414300577,4.307396594912936,3.003309517931487,-0.4519701117504015,0.22780506013611004,-0.29191729039037306,1
-0.3099985581034743,-1.2561614192034936,3.2870241801317155,1.6072898729267435,-0.2571441592920738,-1.4835488846978826,0.9389250406570743,0
-2.776565612083396,3.2722643497025015,6.211815032892493,3.005840708683144,-2.1298231308906077,-0.7152214471529329,0.5605748663636173,1
-1.2150124258435362,-1.4841954319011976,2.0387868647069047,0.12537478679880704,-0.9558730531100978,-2.0813521507089323,-0.008760142609392297,0
-0.15635876536505489,-0.012467626492416617,4.44940124112962,3.1219174957086127,-0.3370429132952176,-0.2307510547573058,1.5851227229798708,1
1.262062680553053,-0.6962688358229234,1.9611840890823926,0.34824499837543277,1.0733388053919197,-0.5210151820479332,1.038802874753243,0
-2.925662362067987,-3.8786795635136744,-1.6304122107686558,-0.7258833721377206,-2.0833232998147717,0.20695828638585034,1.422898027630681,2
-1.6110446649860575,-4.100089742217957,-2.298322566325705,1.122871093766182,-1.009759081688729,-0.3481735531782668,0.15173551957025022,2
1.7254376932990256,-1.2283094912686168,1.881025384546636,0.4742338972692355,1.9432620879535318,0.601512381455043,-0.680394795089857,0
-0.8010446548785923,-4.029431852854662,-1.9454188310480143,2.14900026771521,-0.8333793387237409,0.5898935843415929,-0.94772674424107,2
-2.112478358497395,2.2440840795574295,3.887662574835032,3.4118558411026148,-1.8704836942483112,-2.0406254564082174,0.35071390931114377,1
1.3550676825929946,-1.1787764836074202,1.58326600400278,0.2356194952574635,1.0066157341263973,nan,-1.1080689769281233,0
-0.9634491966902381,-6.079966827649251,-2.7754068278187414,1.1359542969132777,-0.8690198369035491,1.3873957606655063,0.1537001299830958,2
-4.658563953794136,-2.5372608641794416,-2.0172892092385606,2.149520820046232,-3.5346766026677305,1.5131274870724343,1.0345588264514918,2
-0.5077982668101407,0.36527953681276853,1.5902894732983315,0.6520752454404114,-0.20642242012489842,1.3091359939448004,0.6432031379777395,0
-2.6146367232057113,0.6303089968910619,2.8470956149314652,0.48013765586667345,nan,1.0056753089899146,-1.5079786097654926,1
-2.519036597651722,-2.0659255372255143,-2.4742887509591838,nan,-2.0983264388887304,-1.3874315712245362,0.15935329470652046,2
-1.9735802997303957,-5.099043279481816,-2.695911033819896,-1.117340455519173,-1.359713814836858,1.0864465906054768,-1.3129017445682396,2
-2.803492528015374,2.3432856363795143,3.7122421532929746,3.51704571421922,-2.140853655260516,0.9389686636575186,-0.29821481342972694,1
-2.8325893931843624,-5.298157490274967,-1.8709143830797537,0.9712422707766419,-2.755083780675009,1.4519996002922282,0.42765898101470645,2
-3.6855760453315973,-4.080098986436833,-1.395245713109709,-0.16159723936507212,-3.0233743773803448,-0.15388921622175472,-0.19557196100261018,2
0.3602859596136221,-0.4574159399753088,2.445058749853068,-0.7607973972709624,0.35231139784941595,-0.7259416438245649,0.8709822499759504,0
-0.07579346655075836,-0.04882228431675101,1.4827895562689621,0.2806110199904278,nan,-0.2997116374796906,0.6547792488336327,0
0.36734431250447136,-1.2419358995165763,2.3745836181484874,1.6748440272740064,0.6021598016376214,-0.22940969883074158,0.12194728385620172,0
-2.6678874035844213,0.6500371973720248,4.403605039884672,2.1075680860477597,-2.247783716405864,1.0692022502218226,1.499406913191132,1
-0.16179685583345216,-1.945868600215839,0.37489943827908756,0.7020470007967079,0.02621545380141549,1.5906001292922325,0.7837429933409416,0
1.2775098368563693,1.2744723910929847,2.0805182493867846,1.3227160943261618,1.072977418486706,-0.1405802297726898,0.30862277608601263,0
0.14532928880280976,-1.1969697341935628,2.8865685881540184,0.11585162021765905,-0.6738682216042116,-0.6829729147260358,-0.5542457028308861,0
-1.2164210861919318,1.5580820263503794,3.5880997503331606,2.2137911449796803,-1.1574161827305203,0.24007288205755298,-0.46931698007869643,1
nan,0.6061780507941469,5.471527952107537,3.202235679570819,-2.7917599201201693,1.8404887045961458,0.6059065593007016,1
1.8627241473878855,0.08323462034946222,2.0636990719807162,-0.48912483292957054,1.6057182386078501,0.4567484558468761,-1.7175258903276716,0
-4.427840482962543,-3.3440406459832746,-0.8769825023026376,-0.08879358561853071,-4.15218362576933,-1.58669855483796,0.5140556056906712,2
-0.7142945176417013,-4.493502785733127,-2.205376085993409,1.2851082325516532,nan,-0.18729978956368898,2.0197510567525905,2
-1.8624074017094512,0.8113089381466341,4.20533313863662,1.5962699078706923,-1.7372528823954567,-0.007745117030212387,0.7979747764553581,1
-2.54118458885295,-4.448959687865387,-0.962615144963912,0.7886496641036854,-2.032152778540191,0.07318313038280828,0.07201266149172791,2
-3.2087756469258055,-3.6227093535895234,-1.8882910497387642,1.710766277768648,-3.0099666807189327,0.18513299425202237,0.7398491902233788,2
1.3436759635503084,-0.5660171959466599,3.285213088929562,-0.005904098744374531,1.0454205507318246,0.14649945467305472,0.21639831809678498,0
-0.5190926491698454,-0.22026353566482115,2.7983333672616943,1.4126743513714217,-0.29755771783445545,0.5065170754799879,-0.002905545121296744,0
-2.4921640614248672,-4.370919857779533,-1.4563144444015546,0.07215564825156438,-1.921068168586534,-2.574078981758162,1.0109475797851821,2
-0.2644967599602248,-0.22028562919988914,3.2977817123132054,3.038985903345485,-0.5331520604832058,-1.8254323139228474,-0.22117069397526154,1
1.5480738312355058,-0.5542267304836462,0.8867274346573684,1.1437248629974435,0.975704516363697,-1.1578541930832453,0.37275818793058807,0
-2.999261972902728,2.548665573137181,5.468628528349554,4.82014892405771,-1.664072345680172,-0.35206971763302036,-0.252021273846232,1
-0.6208496510713939,2.3608655818377304,5.279624940798157,3.0051769428845527,0.06768139317741989,-0.00095442949470367,-0.6670925846514937,1
-1.9759493801543533,1.2796902792954907,4.761842851798046,2.7771573594490175,-1.4805770941090053,0.8480690765002553,-0.17260353593478464,1
-2.6054314540880577,2.685549484228737,3.393044734768253,4.3946705332071705,-2.048782393590688,0.9225799863000946,-1.061913100474468,1
2.4761369765040855,-1.479108651687794,3.632309457823644,0.253142020820472,1.9856780431762628,2.0070652820471535,-0.41541820072566304,0
-0.40871958944139974,0.7040201441935205,5.859707035007046,2.627721178148848,-0.45298943579978734,0.9972062611724751,0.40572331172148784,1
-3.1828337140117684,3.0353879796733167,3.7308376687398694,2.044042529245126,-2.198036204145853,0.22791064703240274,0.44608870700717623,1
-2.4280824276007253,-4.742706684720189,-0.9903780565012643,-0.720406576213451,-2.4713526661515197,0.26339926480724385,-1.6713063144760756,2
-2.898933593566262,-3.637710612379995,-2.900621890831593,1.179274039750932,-2.4283764061880464,nan,-0.19980130043011396,2
-1.3878101821408484,-2.4428421184104385,-0.08047942159508548,-0.5781550986906541,-0.779342697931735,0.4617411089407035,1.601109951554507,2
-0.27553870382770884,-1.3756551502247152,2.2247508416821877,0.24139832278881973,-0.13381642921354084,-0.5627659623995424,nan,0
0.22339895702963777,-1.610782182316477,3.542032505999111,-1.1151520170091551,0.7008482422042662,-0.4449420590810567,1.5455966538997343,0
-3.0007032522044503,-3.6286284927124592,-1.5541629947400748,-0.06236776053357884,-2.5858275429869684,-0.6007293431202113,1.0143002267276222,2
1.3918927310826907,-0.7925117609113942,4.223512710922929,1.4155454741235536,1.256579770330519,-0.47264690604626497,0.7924919012052879,0
-2.623555221634495,2.1235685490711136,4.345047701215474,3.6999446935523292,-2.3870022772730213,-0.0703825062092349,0.6157923554331288,1
-1.2394883843688833,-5.254286278932964,-0.7759587737684897,-0.12198988656592538,-1.1524686717033181,-1.0566813618021202,0.9372288300194158,2
-0.7807197948448421,1.7084114644271888,4.012781331597159,1.9559277271482736,0.1642282968407318,1.0125540222861944,-1.0409961511460188,1
-3.687258360135817,-4.131685726309755,-3.268737636256746,-0.3499130383922091,-2.67739307286813,-1.357563613538355,0.09397236272957364,2
0.19365946856592056,-1.1035190726996884,1.7944674806571919,0.9743205185186058,0.5327343893200966,-0.16836961654579868,1.5113667663804784,0
-0.7558745940830711,1.732403642031462,5.209244441499738,3.8491533470084986,-0.7900786886539426,0.8721357487849741,0.7634204739334007,1
-2.3135062202221515,1.4510146534064399,2.8735042503208765,nan,-1.9136580623614439,-1.2819674628811186,-0.8450408245658957,1
-2.302472989001716,2.5031271891005584,2.7060408695281373,2.2447654742495384,-2.4188129019421925,0.9027150606829321,0.3834668364635855,1
0.40441342036366534,2.0005295960134344,5.946798748846492,nan,0.1344163580380728,0.16368763699682443,-0.6745431383093473,1
-3.916880293754164,-3.946541374324757,-2.0212116859441775,0.6889443473886995,-3.2416657537559055,-0.14384458255126012,0.36105796447666477,2
-0.9164138484597104,-3.5746688818090666,-3.728871164772097,-0.36554122222210883,-0.45156288651350757,1.075012957797403,-0.6145039565490341,2
-1.7664574395074628,0.08464137195530025,1.776231069469131,-0.9036429166433565,-1.2274401846332856,-1.2041073239586604,-0.07008502550934674,0
0.7995439533907112,-1.567796039579522,3.2497389957542673,1.0842471147315722,1.0039367035609805,-0.3452405256320204,-0.5068028538681382,0
2.6746968183252853,-1.2150917062158941,3.195994472785776,-0.08384033335251612,2.8279110362196764,-0.040317175936902275,1.5096125598205072,0
-0.7638102978819407,1.3958758490793612,1.1800708355771472,2.0177982541007435,-0.8687511236363012,0.3897853852106844,-1.1631180094062235,0
-2.818477051023692,-3.704457110210856,-2.6084417191266343,-0.6285230082620257,-3.017301661203757,0.4365250362737755,1.6967908736218242,2
-0.4602661678696671,-0.8797123501577024,2.4875549578645764,1.7685877952928561,-0.24127557772423194,-0.1472425740015342,0.9196768143206534,0
-3.2567277348928414,-4.400487087901553,-2.450835125310635,0.060336112415366,-2.2868190247651903,0.327334890322218,0.7222858545818015,2
-0.5830045064422488,-1.8428945957757983,1.772622119506943,0.33489566240392427,-0.6224972488752588,0.5185736892269032,1.8961769183447263,0
nan,-2.9305779940864634,-2.586457418720493,-1.1502706425250229,-0.012614984581055734,2.6647793784450946,-0.31668562521076404,2
-3.584459570082242,2.2088779165261783,5.767859235836527,5.391564225852543,-2.9564610973449716,0.6333238450997286,0.01617920237164311,1
-2.725692865090566,-4.039568667125653,-2.524166956261144,1.569422930671157,-2.146486314906224,1.5065386970655166,0.11079091382343075,2
-0.9462571722751418,0.49107009254775846,4.733106881176645,2.315540078002467,-0.33515006570725775,-0.3339520317401265,2.593345931479248,1
-2.351854632875348,-5.8444746884403385,-1.9851830743676988,1.3372999000454615,-1.3870124446866234,0.782903723390812,-1.0064620607617518,2
-1.1990770985162633,-5.668127749524827,-2.130380028601045,-1.1905650308715126,-0.8158995377293803,-1.1700820425394927,0.7191424449731912,2
-1.3712958241446118,-4.021842768187439,-3.3163016562105323,-0.7688265137895044,-1.1603533336550766,-0.9307889403608026,0.03454947934937744,2
-1.3155852614603545,-0.43309178952807326,4.632794906013931,3.6766731021154793,-0.9703215254543135,0.46718252556911344,-3.430971097194208,1
-3.1230653470897463,-4.6944634746491305,-2.0910672337938054,0.7224689697876289,-2.3989394352652478,0.966138841393985,0.6084511114584709,2
-3.7117976301198405,-4.990791163781902,-1.3805421134043778,-2.4664229013609527,-3.153691128009898,-0.8953548891981179,0.7319731095937968,2
1.4204848975640703,0.8750915209435461,4.1383810307041715,-1.9925903852797604,1.213719841600218,-0.4850350236999992,0.8112263812011397,0
-2.3339856965148034,0.6180978452586027,6.015267217661572,3.982140380238246,-2.4657621882968943,-1.4500845851442186,-0.8144292172542612,1
1.4644486913892254,0.272730042756483,0.717522576828191,0.7872014852307851,1.1900816863264252,0.0597493221389939,-1.7198548062261965,0
-1.737770358651919,-0.02046804944464692,2.4427049111842627,0.18673823427332598,-1.114571260583209,0.2861535557155139,-0.4659646383588372,0
-2.224547197127711,-3.7140871648854645,-2.9630835951605943,0.5031764722216745,-1.97887979310909,0.736384029398307,-0.05849997083699107,2
1.8962030940400187,-0.06663072585672669,2.4721703588774293,0.3526399054088055,1.2487221581143553,0.6067677013767306,-2.593425158518272,0
-3.7609045045491976,-3.000451080686452,-2.593842575499011,0.18488303339324472,-2.914676273696318,0.15982062550462658,-0.20537002168217758,2
-2.761364995283317,-4.784571571185493,-2.7712711469307223,-0.5596273407304235,-2.261790345970186,1.048407297611509,-0.5744009181766496,2
1.372379329588861,0.9034233487593497,2.4835985398172316,-0.7880374285902395,1.6033830096162611,0.28643668461317395,-0.8789204079084542,0
-2.5292540917654267,-2.208420757507956,-1.869102178176099,-0.05124026481204283,-2.013494729833801,0.31903073196954185,2.123798988492866,2
-2.6939779309599508,1.795768948807123,4.324727505936076,4.598858480338315,-2.0385099427268885,0.9482185764600006,0.44167986692967043,1
-1.376354372165641,-3.9148347220720723,-2.106187607844374,0.6833839224537054,-1.0957138767620354,1.683347199525912,-0.14949458738326749,2
-2.1474257106373003,-4.662738621181753,-0.8516046207139594,0.051937462596238326,-1.875027245588302,-0.41486537872656715,0.7645584468946374,2
-2.409601658342141,-0.41208002885847295,4.349135927605305,1.7810828697453636,-2.1602185022524614,0.7674338664744997,1.551726941020756,1
-1.1121219885816678,0.4595027433389153,3.648762298289321,1.0503940986831997,-0.9521411737340048,-0.7100567593136139,0.07873504421772202,1
-2.186937789825749,-4.731892017929014,-1.4815030713942936,-0.7833647696697614,-2.0835383126095945,0.6883794819112291,0.04143392864716639,2
-0.851961322062214,2.004163739759224,6.2035823361712605,2.8598982278252114,-0.9841559133058144,-0.3942178822047607,1.1100512973490524,1
-1.3338651010715388,-5.244947159352631,-2.0759656940534903,-0.0912232104479653,-0.9580625841171533,-0.5886133905310204,-1.0127955103053266,2
1.8297407008762403,-0.025589328460932204,4.20190477171525,0.7672880419216195,1.3694634582129197,0.7064621389326888,0.03615390334062442,0
-2.2834509470370965,-4.4940754166925,-1.9064564681853806,-0.571232873922706,-1.470628621429848,1.1611031480653375,0.5172426330977433,2
-2.939906012917449,0.7353594234829163,4.2059983745329586,2.8055237193567253,-1.9673803011221662,-0.8836730208960134,1.4845110139941788,1
-0.2750297430026203,-4.60353483834433,-2.4714704287868994,1.4086186113087418,-0.02993126055490844,-1.246289738286819,0.13082570474559815,2
-0.9675029431243295,0.5432156617186013,5.425030788007123,4.335199076182348,-1.1898915975324655,0.4208779418970092,1.7350383142722912,1
-0.38480418129635463,-0.5933203679107985,2.9615823972068185,1.2796665414276909,-0.605387389912163,-0.12507226289326026,0.9240740553420447,0
-0.2959768562701032,0.7428555658072697,2.7957397768036447,-0.5399811256623971,0.317536253427135,-0.8194197888592005,-0.13909922110234282,0
-2.1092396207911173,3.107528988559178,4.9629379637635065,1.4293728575363411,-1.9666227813905757,1.3154143155992137,-0.918512244784498,1
-3.6996006909638037,-2.912508285816703,-2.2305173502368087,0.3183155613056955,-3.241405119250064,-0.29746283896617637,0.07121706891357403,2
-0.7226435632497862,1.081493759594627,2.130331215773243,-0.23292998834330036,-0.7954791494858735,-0.06660188058815059,-1.2123357949053453,0
-1.9948516866453732,4.2793103273799185,4.596565720718849,3.6915812224881552,-1.7219979947066952,0.8730084891020115,-0.9840227098071898,1
-3.3052939347392165,0.6385704253476671,2.7047209962215693,4.273592895313595,-2.1193310680231963,0.027006767069148615,0.557436740437863,1
-0.23879251071554453,-0.9089750934550069,2.368766922815542,0.7325123267937965,-0.05620971534133368,0.7096022879031652,0.5290808891664225,0
0.1876686520806954,1.2910905790455403,5.6222471075572535,2.602849305260629,-0.08801498805856664,0.5577998397914341,1.2593962093826392,1
-3.4549968079073836,-5.140717914824979,-2.238477343013593,0.4043168275610868,-3.1911512100951605,-1.2827969345645764,0.7137387251665888,2
-1.4055233813350647,-3.506584207714743,-2.74398796206819,0.4414571067467056,-1.0811008977397214,1.1394696053628899,-0.3560444998891181,2
-1.3815973553721148,-5.76429967630307,-2.8551105117188476,-1.1260261010648511,-0.833473209326637,1.1061983653517804,0.17788523302518158,2
-1.2660534003273796,1.2427646286350924,3.6936098414815763,3.8246591245042425,nan,0.11118822938858336,0.902191360156154,1
-2.231049533239631,2.2525367958633,4.368632622890025,3.6455681120599053,-2.335245577386546,-1.4300688171633855,-1.429807362666893,1
-3.851789385732085,-3.975834966814758,nan,-1.547130851754876,-3.2668833612066517,-0.4350276249185186,-0.545342745811091,2
-1.3710537903214863,-1.4359398454155197,3.025094666878921,-1.751655401886501,-1.233147963881632,-0.5847941945874108,1.0245032922685304,0
-1.2871979253127879,-4.6029059104138685,-1.9474338936078992,0.8985192533950279,-1.0603927365006192,-0.5925921582088269,0.7567476506013148,2
-0.3509868871280837,-0.49084602115462744,2.0962033408355096,-0.22188455726612832,-0.21270890484428245,nan,1.7161950987337555,0
-1.0190645963396112,1.388231406923276,5.319723808940237,4.174508806070767,-1.0109960396010576,0.03307849698716151,0.7329577997541561,1
-2.0622354393085116,-3.6556586872927195,-3.3052985762807072,-1.1644217492548847,-1.7211535946051513,3.1484338454513576,-0.27470015726967023,2
-0.4219763492672317,0.8873997248332872,5.215416600779805,4.412352322253284,-0.2619758237694276,1.1286272737025829,-1.05067422525439,1
0.8076835555068776,0.34533641476912597,1.0278621659683653,-0.946998432331336,1.017962096642713,0.01667896279778483,1.0774466860393341,0
-3.0323666871783947,0.6575378685008773,1.9592409803755224,2.911353781349747,-2.1414376751324182,-0.064105124558591,1.0213925694590515,1
-3.7267988869246373,2.262176665084995,4.996504402421225,3.800922216148802,-2.503944696032728,0.4228766433793689,0.7322564573426968,1
-4.400113256812281,-4.821272442879985,-0.7266949192519085,-0.5684502946173452,-3.3518770268767826,0.2329456000603442,-0.1309083981330818,2
-1.0170970375445543,0.3781849456912517,4.410681847351194,5.961757642031586,-0.8277731914178597,-0.00842765855430808,-0.144834911168459,1
-1.792635506265456,-3.1133888278824187,-2.2301146086731234,-1.3899913630641132,-1.3530525974220606,-0.6758030540226949,1.2736581755658347,2
-3.9152233405146575,-3.599309647365607,-1.8810324106363563,1.6001436302942462,-2.8128614381817334,-0.15838454168499097,-0.5748311704514181,2
-0.03607499877797049,-0.1064876181120486,1.5460520802021214,1.0319982804838745,0.25456046758743023,-0.2743298174980404,-0.31037582010187864,0
-1.6420823746861064,-0.42482376550839596,1.354621623521408,0.23766185068156223,-1.8262023670622745,1.4865675634556939,1.2591608406850376,0
-0.8602262347830327,1.6529235044852777,5.190891083766756,2.52110887914374,-0.8865361537398401,0.3499813215732605,0.04007333751333992,1
-4.546733122448728,nan,4.825741826094622,2.1455952183544778,-3.4957605576369963,0.4383514499248093,-1.8747783148513106,1
-1.503805382589438,-0.5761610618968669,4.40718641325655,4.64695119269858,-0.7739705776912547,0.0938878658999584,0.1641970747703619,1
-1.9603640736885368,-5.278511543828638,-1.502369490748854,0.011487706776858064,-1.0826285110851865,-0.57992487021035,0.6053396986880942,2
-0.18399565017297703,0.6624861353017153,2.6213108536860332,-1.5925470437905203,0.12398348385461372,1.3101141259514313,0.657439937946003,0
-0.2009785777165053,1.0803949902320893,2.1262298039208516,2.3470329991540484,0.3239645702636503,0.4752960840040102,-0.18376166001159666,0
-1.709491256462588,-3.480350373494812,-3.846762236920987,-0.3327186201246627,-1.3028444205719192,-0.1202285609029683,-0.501636545241813,2
-0.3664080606345419,2.638698874997167,4.76021995124349,2.651136464680718,-0.841257770997949,-1.196461013783411,0.7403983313311844,1
-3.360833654299877,-4.701233260509068,-2.2883321827908754,-0.836031692681623,-2.595656092408716,-0.9492520488883296,0.5617613966795738,2
-0.5335495320834422,0.10439682189823113,3.5089658879785444,0.7819080477138937,-0.6366934786397104,1.2488294308776144,0.8595850110515019,0
-2.346396325436658,-3.0630174451296295,-3.3831724867163366,-0.0179519361865291,-0.9797535594654773,1.6168795934994893,-0.6431998364678688,2
nan,-4.952687952128498,-3.1410070468551625,1.1449440159181954,-1.98158012136093,0.4639494382431387,nan,2
1.0314897697269472,-0.6941621923795644,3.773184234374892,-1.1267843123102157,0.54924515872162,1.5530661687585856,-1.328654911648474,0
0.2526134014620034,-1.3988096260134946,3.9183801922332213,0.18749412044084443,-0.09176988443087566,-0.932696389966661,0.17649801122471828,0
0.7517590314053875,-0.8159695755766013,3.340704649223923,nan,0.5097232439352578,-0.8189842066293271,-0.1565583985896565,0
nan,1.422728010285911,nan,3.828211181825165,-1.5475888672499871,0.005985093315653969,0.07301986839961813,1
-1.8417498194805555,-5.856661956366227,-0.9607557690027317,1.2358867943963798,-1.2729318719881295,0.05788219634431535,-0.5071972711945738,2
-1.7683704227452859,-4.709682093230124,-2.1373379078333126,-0.9240456128393157,nan,-0.5472050921438075,-0.6642005176367711,2
-0.03755888294278342,1.541840815737663,2.128604361180687,-0.18001029716536776,-0.12459294465283764,-0.5742396097356378,2.1545383877586786,0
-1.5764438870654833,1.1500849191221667,3.5072178051082172,3.8132205159753583,nan,0.07171440491179186,0.1625765014689874,1
-2.299446473288516,1.3305407492034644,5.761067365636353,3.5912459106800934,-1.4307606009014795,1.7769627520751723,0.49207540787477594,1
-1.1101445419451332,-3.880660582367559,-2.8388734451443094,-0.6081241433793525,-1.0428843986118606,0.9526123304787928,0.11769446582260049,2
0.5363844085639641,-1.48573879472569,2.7024403306877876,1.8747613211626133,0.5247056771729769,0.553675118658666,0.46633959173141887,0
-2.6724052253284216,-4.539948199025115,-0.2630978226079175,1.037565491596968,-1.767121305776906,0.44658068630369685,2.503631881960466,2
-1.8858568867586567,-3.4554434554354514,-2.001467537899174,1.7225596161575671,-0.960075025455872,0.1273499327552355,-0.654389255197752,2
-1.5175408469480804,-6.773468772095318,-1.4169405543018132,0.5566637570252945,-1.5260365948599097,-0.19718754799528135,0.9344886056193693,2
-1.067485660789143,0.683100168948612,2.195663610438127,-0.1838303085506937,-0.9126334963539472,0.5948362857377266,1.5804743099919518,0
-1.6252877969701953,-0.4756576663149806,2.2528572253044468,0.9949265000825586,-1.1592116061483972,-1.3837003139698387,0.13963971086849566,0
-1.6239895718932602,1.2474653507141378,3.801656116056252,3.006536724160217,-0.7236428677921299,1.270025703735313,-0.04999867604018742,1
1.0038491682418256,-2.1430134869452755,1.7357343378947614,0.36637105307268775,1.1837065668238287,-0.470665239505653,1.01521916005176,0
0.40236938745586215,0.21783533228929924,4.061726600237883,0.05133310829226523,-0.05591553155084544,0.7542404780551087,0.17837591250428828,0
0.20808692420021394,-0.852437069642243,0.1125272582249468,1.575235649910403,-0.21558355360003428,-0.15690866846627438,0.7973393128081518,0
nan,0.24622439512381872,2.2808550393143685,1.2260374290767915,0.9975028272562523,-0.9596645818182578,-1.0215544520729536,0
-2.6917174644345074,-3.7195887657086364,-2.7935880029025264,1.3663122051350194,-2.737635474669589,-0.7432532866765359,0.44641671903370495,2
-3.6106860845456668,-3.7223046779958646,-1.9112427276823523,0.978458906411848,-3.224766068887929,-1.0832851482389736,-0.12243346151025002,2
-2.1301788740942778,0.5700864962950712,4.038899483600722,3.0439326259481403,-1.0815691408835422,0.2215002662141952,0.5235821312136195,1
-2.595615025403784,nan,-2.4752500403913436,-1.6980766479866123,-2.0092385858340434,-0.7126832041559761,0.1155625263923876,2
-2.257920593207474,nan,6.5205770815768505,4.902369944227438,-2.1096967056096494,0.32360349723549175,1.5163872044553108,1
1.669230596229582,0.3054953397666745,2.2117739358867756,-1.3217412010613403,1.5556201699743037,-0.44327468335623854,1.323102743792486,0
0.10777327557939398,-0.8713636936415783,1.5143650554203463,1.2693506145802647,-0.06614779998665968,-0.3570035519005132,2.996771440521021,0
0.19052791342739106,-1.2447468297307993,0.6033971627072467,1.7476076419802875,0.4243838717490451,-1.0481710270855054,0.17175772866474942,0
-1.4852328250090507,-4.472212015580224,-1.7450947211395311,0.04541777663751881,-1.1705031746661112,-0.07605643978034655,-0.4255876248982619,2
-1.1284318175636947,1.6033404910237503,4.131372969304306,2.707466876294794,-1.2302131431447068,0.6924519391018694,0.2919250339094468,1
-0.8208341632465227,-0.8004625271430171,3.393721811060897,-1.401986290142938,-0.5406400468964773,-0.8137482656733924,1.3376937276429217,0
0.9057792044028299,-0.003411880798631306,1.6333759259673186,-1.2076914513408314,0.8095590886902043,-0.3753882592576218,0.46786220779413834,0
-3.0673326018836686,-5.028075543944583,-1.614627168733945,0.6462913167956125,-2.6232625168660673,2.0058493135288926,-2.1613193666542565,2
0.16091552325008984,0.12364162319700506,1.4234311963548723,0.4070966462022815,-0.3587619051705421,1.8240787929290803,0.7140902250137517,0
-0.7586779514787951,0.9456253709549078,4.488153172251172,1.9639483595945193,-0.850190360352409,-1.3334677347100314,1.4932129921265669,1
-2.65108311701641,-3.946099086090693,-2.6560802230933898,nan,-2.2072073281293325,-0.2835267441982872,0.2511455098413729,2
-1.2212686415945806,1.3447016305666633,5.513481228732908,4.547628175577721,-0.9609602223848185,-0.9201893566831038,0.6528127199894426,1
-1.2141295023340362,-5.41460812939523,-2.8765955342115097,0.169979490934836,-1.455061975434632,-0.4193248758759385,0.25697667622106046,2
-3.194474757236322,-2.4589370479471393,-4.058136283346994,0.347514850123262,-2.405880311026305,0.806440353239726,-0.18298684219627484,2
-1.0289905317006065,-1.5424969331941698,3.53617696972192,0.25136429079612127,nan,0.48741524684135273,-0.1828792902238361,0
nan,0.011304509770216076,1.7702260325690395,0.9614030514265329,0.16046268932544283,-1.643504714334983,0.37567438105820683,0
1.048112153611872,-0.45227596522760827,1.8817104685548147,0.5819930686336454,0.720827761562129,0.37683859114743007,-1.5990198637535402,0
-0.9162517712769307,1.1109019769370279,nan,1.9877670583121207,-0.3371027995470752,-1.1639969387183695,0.5516730044776789,1
1.3179318868013985,-1.0864405859726647,3.170555092891319,0.8937196798956268,0.8110158594785501,0.13953792865232445,-1.0947025800293653,0
1.7137921662171358,-0.033491449622064295,1.3597158147040593,2.716344857544337,1.6371125943102227,1.1328105996800202,1.1598123093692931,0
-1.2168746369294423,-4.408015146195727,-2.841783775299755,-0.9067402689806849,-0.8305683352934482,2.309497776832826,0.5066068623247683,2
-0.9040367531870748,-4.652985607479441,-1.8397737818986388,1.0054373891818813,-1.0520616630002466,0.29841228768831557,-0.0042972544312770465,2
-2.1411633048241723,-3.8846681637471967,-2.2990602226838455,0.8778331030013148,-1.661628704239456,-2.0539201099943294,0.1713668251718351,2
-0.8365041341513719,1.1793385550421465,4.920671647495457,2.9850938963099156,-0.4805473014250342,1.437591847508482,0.13466877434120247,1
-1.5934858559572087,2.6230252285311915,4.955147726459934,2.964090184228383,-0.9663777737316079,0.013964174521167248,0.5860817517708363,1
-2.5116343752254364,-5.486787390534948,-2.4372144318954025,1.4397956332398518,-1.987946530574435,1.232814108054098,-1.0046683633542326,2
-0.3031330704836419,-0.4615433106535509,5.295544528774022,3.5396739225871174,-0.04170953653753673,1.1615804412801016,0.47731273739385244,1
-1.242582559084548,-0.031249153779061845,2.6310635224568744,1.0228525131770723,-0.8571135960105927,-0.8470264008295326,-0.5902451237419215,0
-0.8111891564245007,-0.9385086092538664,2.6797250365333647,-1.2293374286121979,-0.8964971031365253,-0.33207642917141944,-0.6185391935282406,0
-0.968771767940777,-4.068243225789249,-2.645237348677585,1.49425325196319,-0.8708946243472772,-0.935953384015968,-0.8992586911940552,2
1.651621803827032,-0.8359842004941664,1.31455041484912,1.1542144976343076,1.645035053711736,-0.36358625463773286,-0.7122852309730777,0
0.26756079429701396,-4.174590388760632,-2.5336835992347995,-0.9619311818451852,0.19496292742448426,-0.17367870337316182,1.2723203800669123,2
-1.0865516844907623,0.005187785355795782,5.198422630123512,3.8372201478573196,-0.8689177799872848,0.39143605745613963,-0.17450509600850567,1
-1.6220917031276723,1.0132140444622575,6.653262574427474,3.3947855912612126,-1.2906499988074434,0.2772280925381558,-0.9027412953624973,1
-0.6186638280065107,-3.804595346494082,-0.806461973394051,-0.30743155003977685,-0.18099108158152843,-0.175493191548391,0.7154980380184901,2
-1.9399039802403286,-4.3656598530295145,-2.374775388462862,-1.057817997348412,-1.9116372776492754,-1.4372993045198101,-1.0831397900106507,2
-1.7546692064925407,3.4991553028773907,6.383110149297483,3.1889447012044103,-1.251935097559886,-1.7863547150244647,-0.29276044494122316,1
0.07900719437890324,1.4610875866224629,nan,3.264687529123918,0.03475196565167871,0.2248383750806538,-0.7559243231044303,1
-1.9442021834194114,-3.658727528721535,-1.9719939641697548,0.1822933331146892,-1.7300940317855864,0.8793889158158614,-0.49578573232856576,2
-1.2421811539771288,1.4042412135201905,3.5601904504489417,3.1924822578914105,-0.7855131781153296,-2.2532206033334576,0.7204544304704319,1
-1.8607691253349672,0.8245466512197399,5.02056799019109,3.469017144772764,-0.9526905371616505,1.3639429173169435,-1.672460659467041,1
-3.0969357814391407,-3.13522600205164,-2.5578713671068267,0.39773521090466823,-2.5015903377469995,0.4598688185747751,-1.104946563114782,2
-2.571983879352532,-5.1627319855552924,-1.6209247417057462,0.3924670728983459,-2.2767655086535092,0.3233356322484327,-0.5559333231989119,2
1.1754504733570532,1.4545592661440767,2.3178957459569087,0.1689983847532794,0.9959979549133556,-0.44083367733137324,nan,0
-4.736458937437466,1.8035324079454125,3.908333466619688,2.5736270566822954,-3.6338141907025565,-0.5735320056445891,0.8389054452342586,1
-3.02868310242223,-3.970532493498532,-2.4499988341022454,-0.10680705847444019,-2.2760280903467534,0.9408890901494511,0.870798920659028,2
0.133774278907274,-0.48955889242317396,1.924033959751783,-0.35081544074169546,0.14919846747258286,0.6026285676065576,-0.3549143087082148,0
-2.945016027483089,2.208636199211472,5.050780146616984,3.278041157574501,-2.2390530038307035,1.0852821106745263,-0.6921084389879268,1
-2.53524827632981,2.984557262501473,4.1602728747866395,3.9856668652965794,-1.8820383220922239,0.7601983348224851,0.587349994721712,1
-0.7608961002416793,0.617406012090755,2.9385320568687723,-0.5105314699309977,-0.4336566713903821,0.7362491430038997,0.45364390659363085,0
-2.379897605662221,-5.4554175978306825,-2.4995597603189843,-1.1377009402754827,-2.0776047682873373,nan,1.1000359895492104,2
-2.2726282713315,-3.414676233531379,-2.8333390921116695,-0.24458052248382053,-1.4712891802701438,nan,-0.4550832731912899,2
-1.5620801179577233,-0.5158206607719247,4.687747574410671,2.8405832915604634,-1.5843692560334888,-1.712985215663429,-0.6277884160170775,1
-2.4347041726250582,-7.162072765035008,-3.2578379570887694,-0.19063094353672697,-2.2060690740047133,1.674096242608112,-0.6765556117284961,2
1.1972863651986592,-1.7911031331557095,0.8970557679460798,0.04257400952835261,0.785915805944549,0.04085794188832218,-0.46068871490974184,0
-2.399794801657402,1.4965863060956786,3.7840214832389725,3.3656508306828927,-1.5093038009051694,1.6670467280656862,1.2463477128421914,1
-0.5991232777223833,-0.4228433917913046,3.1271485581792593,-0.23713250157469723,-0.7810163766101617,1.07463635721131,0.45620925521004974,0
-2.385765743278186,2.6516593935947403,3.6947987251503687,2.2266655178840615,-1.7005116049350888,-1.8712915470410103,-0.926787835510583,1
-1.19288562786836,-1.331864757058812,2.100704972790912,-0.12004940487071908,-1.1954841611126719,0.6340107212436847,-0.7842164715927065,0
-0.3130496249358359,-5.273428844285616,-3.1518800936659064,-0.0035262956841974613,-0.12017535187310724,0.6179616655127101,-0.16119511907044257,2
-1.3246893175032683,-4.90522492909937,-2.0468764640276254,0.3078914732498961,-0.5846521938032304,0.5019482814257855,0.39849114471344965,2
-0.016738523195565902,-0.5372274936652285,1.038060809815874,-2.1899821592352215,-0.4244650272442422,0.871683707710193,0.14566888827469274,0
-2.93313221771925,-3.5771249875751185,-2.262431280432021,-0.926322743768295,-2.414349258342185,0.48607947841608884,-0.3689077756190598,2
-2.770375676096493,-3.1705853764433547,-3.192697746091108,0.181746722983519,-2.371946001498098,0.44820609792338056,-1.2956460616186427,2
0.5089092343079141,0.41056990894012074,1.5769980036512656,1.5169916086012036,0.209797772798517,-0.6280994640843303,0.06488201745782991,0
-2.941262827441766,-3.7357277556505375,-1.1436459698566508,1.846778373917866,-2.350698094674859,-0.49334027495928523,2.512415875699132,2
-0.7084433604744342,-5.412017325924232,-0.7451679950691756,-1.3814755344169425,-0.21522310257960053,-0.08466536120339266,1.3552536297835618,2
-2.995165351624513,-4.164153593336733,-3.504772764202069,0.20622806948388922,-2.254355842706337,-0.7028338661399909,1.584409357649463,2
-1.9716949484440025,-3.56031559312171,-2.3556918431706952,1.3892369251011256,-1.5919760766640985,-1.033084943807466,-0.5951668725516694,2
0.48872614774671996,0.3754307008468422,3.252363496035806,2.2173706596790517,0.23807628644653311,0.2731174703831238,-0.48479097268826227,0
-1.976303310089594,1.830027634443316,4.468856352287953,3.1357801611773675,-2.30839656720053,1.3208094470113017,-1.2101863530200456,1
-3.3016717274582588,-3.4304666780861806,-3.1283237908602546,-1.0720631576677857,-2.461927682904844,-0.9159631028096394,-1.3798924495679747,2
-2.6264904817771497,-4.978195364740461,0.1040543441519044,0.40539149018733567,-2.1623142399583237,-1.1177441760005082,0.921018110546029,2
2.6454434410373766,nan,1.5253804123219368,1.722721441816463,1.482637278189748,-1.3291074238315557,0.5611648788209015,0
-2.5073158187400666,0.5892338746340247,5.094976662993629,2.613770651786583,-1.831539424761587,-0.19636950333372327,-2.16384022552445,1
-2.578359508750379,2.0390394747889307,4.2799908403865,3.4533091347240092,-1.8860919998603067,0.39540056916195654,-1.5942420238701285,1
-1.3164192975470965,-3.1831775752517757,-1.3229799340488761,2.1395188017911666,-1.4495212810593903,-0.17001118817556785,0.9016826994653826,2
-2.2382393457762504,0.34365209609179304,6.383288554532323,3.6947501835317915,-2.0136506018212037,0.24045542467097647,1.696628176543999,1
-2.138790284461401,-0.865166750813845,5.626212487524026,4.164808803202144,-1.8568150961644174,-1.169120821145701,-1.3789963363464095,1
-2.5969638131615445,1.6636651493041814,5.4925293253117395,1.9808672137345256,-2.238316288351172,-0.38923707500907967,-0.4676558601913817,1
-1.121007152359558,1.4893995461893068,3.6586057480521306,2.915455170761498,-0.6580396303312921,0.6123701406437336,1.3688753671503113,1
0.029114656818758855,-1.1557667950825254,1.8910967112130108,-1.5226850081387937,-0.15830943852314577,0.12622391059436094,-0.8740451533460076,0
-2.6430475874858623,-2.620251835869971,-1.8364863718791784,-0.551783974995815,-2.2369535477364018,2.0027430228120173,0.5741205245622969,2
-1.3980041478540783,1.9224061380728148,5.0614812088264065,4.403266136936115,-0.9514238386701048,0.9565133803477025,-3.319926255888757,1
-0.5566001458951222,0.5538750973571687,1.0609965033113569,0.5315485431110897,-0.3768188947041944,0.4646463354449437,-0.3620944861001782,0
-1.155624134653793,-0.20787840524054157,0.5191544664548413,0.5559025868766774,-0.7461441717717507,0.22264215484415137,1.0725365694864395,0
0.9837551596360352,-0.506362338616807,4.671267682706409,3.5190211124170823,0.12699702061620177,-0.6417600468397121,-1.1948700337354259,1
-2.508506554252444,-3.8236485054970486,-3.57831242100037,1.7525381177462873,-1.7599174616162514,-0.3462531844866827,0.243658793702213,2
0.94389094157427,0.22864014335459076,2.1668305957531793,1.1979837264499635,0.4797742940715424,0.5092571730278853,0.4616324606764419,0
-3.825531902632313,-3.5142579024531253,-2.785389398342072,0.502368763889575,-3.2574494302468104,1.1231448597567917,0.3968662860635792,2
1.1612308530743474,0.25873870800930004,3.1179338674922024,0.8052816264258463,1.424831872192632,1.191501212981272,0.12476042954078737,0
-0.8904694193352994,0.6157071068040938,2.564578459357142,0.6587038574032116,-0.3753184768856149,1.8307203440985127,1.2658270785976002,0
-3.2577675799187675,1.2348803153907586,5.05487817822461,3.754461577790562,-2.357624717379538,1.0631808709146329,-0.49601975856996516,1
-2.2831108230332,-3.3037942143945185,-3.230531554938645,-1.1520022777971022,-1.142805006130125,-0.5347268138714594,0.6532962195567205,2
-1.4772248590753265,-0.20896762469869162,2.7714320752662243,0.5654488090006201,-1.1431567897137918,0.8793090558242994,0.28749026506933323,0
-2.321576610021295,-6.470723074434203,-1.7044117678152613,-0.1665872491734994,-2.0282445237853226,0.8078094479644637,-0.892779410469313,2
2.1801370997773883,-1.7067404076860455,1.139515298939521,0.7188939684394169,2.1015030551648253,0.5829349017747963,-1.6714525195083783,0
-4.319992743010269,-5.220430749807878,-0.7769889973874899,0.5850159359316697,-3.8658874950069637,-0.7043766758622527,1.4627136263682552,2
0.036120933799538235,1.3226914124562936,2.653357229457906,0.6389659193179386,-0.19914094189987996,-0.34346843404923943,-0.69449912524542,0
-3.001360137876142,-3.1274856217431206,-3.851564162228338,1.4022864229679273,-2.326464181829859,1.9111901722972056,0.14037224833266318,2
1.398545501521058,-0.42015852684807176,4.267106142287302,0.6442807911935693,1.0961366636117236,0.19350466076081738,0.5860341049783399,0
-1.525110115895166,0.41483468841709403,4.0974461435310685,3.931151702936851,-1.5338774061507008,0.8097364521680436,1.9249547887388603,1
1.0464857724681471,-0.13566811052670014,2.5400698679802676,1.6502624380522986,0.8418832198790314,-0.921771096760717,-0.3549157701592693,0
-2.693712065660606,-4.049714857977854,-3.7154574075970754,0.9965391442812994,-2.3800061825439593,-0.6168799040169292,-0.17922630777077164,2
-2.1445546157420385,2.8810528786350336,5.179694069728468,3.781467626074945,-1.245563369556005,-0.5434547629388006,0.701186918514621,1
-4.262132141556013,-5.926650684533728,-2.29090755191872,-0.509971375891034,-3.068953554608641,nan,-0.006628993082223683,2
nan,0.8973138925358133,3.7099721693021013,4.1849033516938166,-1.5912056979897402,0.4528613083519657,0.16945573543344175,1
-1.4585648003781517,2.8456476514952334,3.5547614787525053,5.432964077723092,-1.2023468004457878,0.7807778404746921,0.1121667822694662,1
-2.4272292754686475,1.4599345342345458,6.515574105956018,4.403488591754851,-1.8409266274500702,-0.8004620457313938,-0.31642613250343454,1
-4.005730342117806,-3.5703625463365674,-0.6451742329973886,0.587199734171112,-3.4162176972311693,-0.7728553346548237,0.6347522089481024,2
-1.2111922009369107,0.3035968660376105,4.531571293560527,2.822869291972944,-1.0829703587915536,-1.4391614250463742,nan,1
-3.8003336503912664,-5.234340170682355,-2.6258713805234275,-0.6953997495081259,-3.011030557868318,-0.11686105400685612,-0.059746789055705386,2
-0.3274002791745798,-1.158603596494168,3.6273487062671306,1.8221257970477893,-0.21039284908362912,-0.2185591832286382,0.19112221250369069,0
0.5404738457344747,0.49926977788850113,4.91967622923373,3.4354032669747183,0.4738977324371456,0.3991696533574848,0.28460091998896764,1
-0.11923543851018614,-1.2558005815674846,3.156052260763824,nan,-0.12276919019995422,-2.1524122986493786,-0.5080368757434918,0
-0.41353609867048213,-5.551266417584471,-0.7590387426769907,-0.3739807074609919,-0.6549031080068236,-2.6471627839644225,-0.8898972092364964,2
-0.5990459872249475,0.430520568379877,2.1829615665219886,1.996324310248983,-0.1932038477001276,-1.0682471649237357,-0.687842409877279,0
-4.271321220624005,-3.2732192873109103,-3.1437905710820737,-0.5877541158430754,-3.9350243346669895,0.30949949665697885,0.5519325248619211,2
-4.52346204101026,-3.8261745394174467,-2.5802142115499516,1.3949418278850791,-3.734530131587294,0.1916924143546283,-0.6154873260142565,2
0.7165244737810006,-1.4373649054202517,1.204473872196505,-0.7544636394305323,0.99455188979935,-0.49199783597047664,-1.6200127630258399,0
-0.8859112069049248,0.03793757373387058,1.1398333965400174,-0.2434658428393769,-0.5128023551034206,-1.0797778736085328,0.3568544411599805,0
-2.4600005000538636,-4.704375483468531,-2.1105668421490558,0.8457142709587768,-2.6833798219190035,0.28421564338848376,-0.033300440278582547,2
-1.3885108945159876,0.1610295369189585,4.550074211336447,1.828435697405058,-1.2976190448277176,0.8695708873914478,0.04292601852520355,1
-2.174978525654355,1.696879414430934,4.211282811901114,3.7520560172830413,-2.2335837450054767,-1.6210249383626236,-0.042328649660150645,1
-1.0656107399970527,-3.0254836778971423,-4.378587341105511,-0.5405683437776152,-0.728334282318663,-0.14617920480157615,0.8054674459461252,2
0.3117756482715227,0.5995067828164178,1.8521034611386344,2.1003532874456017,0.5478049372530788,0.6893925557493708,0.5635128545779651,0
1.0519257470555359,-1.349296798146049,1.3652462078983607,-0.4066886368628594,0.8517983577976223,0.6046771120839978,-0.5466889229801987,0
-3.527591964214829,0.9883056101301116,5.961808727871359,3.7359399016643198,-3.1253522700251533,-1.6301731964944326,1.3558631510501398,1
nan,nan,-3.0085653114948556,-0.2717164214222122,-1.854912853845887,-0.6570905149771638,1.3374983065037191,2
-0.46600152752173263,1.5021857390314155,nan,1.3837200773151808,-0.0346693273643201,1.0451870091618485,-0.8669135833505051,0
-1.5526375417964007,0.7034256987308222,5.580389056454047,3.8884595857277513,-0.7681529859145504,-0.9297015920709251,3.141629309594633,1
-1.4949151575800186,1.2501893799698527,4.839852714104222,3.8791126483221823,-1.4964263909092916,-0.8052301876474269,-1.4970551416922413,1
2.173579683655666,-0.7384543517626527,1.7913855457614258,-0.7778449571721934,1.8423469137612203,0.16136979172679342,0.6702291768147974,0
-1.993160806857636,1.6231318544516395,6.366051672120051,2.2205881606149496,-1.7088312610090122,1.7446287308428505,1.122037301896352,1
-3.9556730727924325,0.7245554534462965,4.297108662934804,2.5907934207209697,-3.139811402356411,-0.6302554706713209,-1.4473008119718123,1
0.4030487398920999,-1.6009271878977314,3.4414614068476723,2.7755643884741494,0.43724032663149565,-0.5066642781248087,0.4423535511816672,1
0.8884817761445396,0.3215605274259636,2.2919518059517316,0.9543470315259442,1.1648430457731433,nan,-0.1946128921920402,0
-2.2003393949756145,-0.4176200940259498,4.5675764867942625,2.2128030934994882,-1.2444288643901802,1.6162731525957768,-0.3006653569316952,1
-4.749440500601809,-5.291149543506249,-2.597716901095414,0.11698792498349297,-3.4689654322978223,-1.1965455999209225,0.17590824904528082,2
0.4426352662988673,-0.35116336059169345,3.811130586609088,0.6412848243257617,0.5212016367781713,-1.1054193433216788,0.5929588832984569,0
0.7006894496452465,0.9843531065884465,3.4012995886317174,-0.4664729576972183,0.5507387370698007,-0.7099091992189305,-0.7875093758291957,0
-2.0693518497998165,-5.2208472943891735,-2.1372191300521064,1.6715017404734271,-1.3218786192586582,-1.7047133164990853,0.027725166994559534,2
0.5674375632923232,-0.8139504347902855,0.9167485215682853,nan,0.5999999113580504,1.3829405614841626,-1.3419879854659416,0
-2.5531885151906297,-3.598559474632948,-1.4421797352258023,nan,-2.083050960916591,1.451872151919108,0.35223584884661113,2
-0.6964456632188012,1.1228454577424378,5.936233288494347,1.6520265455053513,-0.16947198041696815,2.1664837290765995,0.31225182164446375,1
-1.3081786415588805,-5.5028078181785265,-3.946474261856638,-0.07634055459512015,-1.116123714530134,-0.4096260671930389,0.17250897126549283,2
-2.161111714803137,2.1775542577688967,3.7889052546006523,2.1093510053899243,-1.9399235153571632,-0.7920314996256506,-0.4446949062445655,1
-2.3341198778598566,-3.948445158754226,-3.0167287225216532,0.2701792141146415,-2.6716982001327665,-0.0296413972635972,0.3338944908654957,2
-3.070666211473269,1.391883422860576,4.533327500985569,0.8191625796576498,-2.9042118855403665,-1.5574502802517283,0.9061726982564701,1
-1.3993461932522182,1.0747856982976145,3.579757533091227,5.1940878699334,-0.9646516248311464,0.287244282017261,-0.2800961061845714,1
nan,0.8202291424223226,3.9483232874872893,3.5748384179982713,-1.7434542834644469,-0.23424186327847848,0.058766820018626334,1
1.2981517217021277,-0.3344904806514762,2.804820550698386,-0.5845455674879247,0.7118521929051385,1.3782446499728638,-0.2418332583378862,0
nan,0.5705399937137161,2.358407706020179,0.9722517158087892,0.5859601677688016,-0.18591345610570145,0.844084732957821,0
-2.7470853870841934,-3.1259444202661397,-2.834378367628968,-0.6595575418280115,-2.058346325356209,-1.0525441677355787,-0.34136874002034934,2
-3.191990737025689,1.5625362862681775,4.428382618176298,4.156477560639794,-2.16011670136072,1.3210072378248798,0.7609028742056768,1
-2.3485250053037765,-0.31097468008423235,4.606437459571744,2.4195443001201626,-2.093842894883226,-0.0022724515938432155,1.3323082556750176,1
-0.2143677032358099,0.5936546253926376,2.6938532973830958,-0.09412224479928077,-0.47930344230903454,1.184437110015028,0.23106173535066538,0
-2.502118710467973,-5.6243644832828,-3.551807053392619,0.6949033118864381,-2.141434566658762,-0.13338512290083626,2.0375668704843513,2
-1.313626276277251,-4.030519449280584,-3.23340765660834,0.01713784064723839,-0.8768905337273873,0.9094912885889169,-0.027667741096874872,2
-1.971826910654875,1.203403715951082,3.230554404844116,3.77774489831418,-2.017969037379712,-1.1369442381727621,-0.701729262134204,1
0.24063464292765213,-1.586327930568015,0.3888362602841271,-0.8529064404907617,0.22070280536086717,0.9962633268246702,-0.5778176812062222,0
-3.248830560160874,-4.202901248254446,-1.4105483003508936,-1.416974413726902,-2.126563146910019,-0.7299483216233308,-0.45568874621600197,2
-1.2090697699152306,2.0584376311929744,3.8039362534855288,2.544919359579654,-1.4185198678310846,-0.28499832944042347,0.6875658180056011,1
-0.6024137104784244,-4.670989746088236,-1.585681544569212,-0.20952593301025604,-0.3308171195224655,1.0926222536212697,-0.2985147213749193,2
0.14362374866067223,-1.9466363277826448,2.015641019749754,-0.8153490475809496,0.34528661464825006,0.03129748430079754,0.8864152070455441,0
-2.836658793467843,1.7501794012367946,4.009699896134679,5.471141497952359,-1.9399229637213775,0.020354088384446332,0.5283335351117376,1
-2.7276484670849834,-3.620565738763106,-1.813362876680274,-1.319544466311473,-2.3069693697088494,1.4306604369382463,2.541760836316991,2
-1.8090510890881308,-2.1449036090552576,2.039328245753059,1.4400058126394382,-1.5561712461850101,2.3981850200658466,-0.36251247134310904,0
-0.20998215436885392,-0.31006889950295,2.406590094092952,3.012475323286618,-0.26773155175416086,0.6719862915939805,-0.3828876341608462,0
-2.427146667872501,0.7414546274221283,4.502903612392414,3.4429966874505418,-1.8532105294872172,-1.1936611528247396,0.723234375426993,1
-4.773789938344455,-4.452332030407908,-2.7880833394844022,-0.00976070354566358,-4.0888409917011765,1.098482087973282,0.49510861799647604,2
-3.4493111463601513,-3.6260095375096832,-1.1233576118334372,0.6917870322830492,-3.175825983883492,0.1919182769128017,0.45697997934362533,2
-1.590502371578252,-5.320163534550541,-3.0530926823607567,-0.47225333094452093,-1.7381797689284082,0.9913251158387337,0.7616888364597142,2
-1.1743094220178616,2.2068784533801553,5.468501375456423,3.4820374339217612,-0.7022537066918517,-0.34537658026310514,-1.0070906946032767,1
-1.5914347318420117,2.0903887277654745,3.868459442139245,2.9558891877752185,-0.8071667027345268,0.5415506438092728,0.9425466249441163,1
-1.4802509670186932,2.8337843564191996,5.190396269773673,3.282601052605354,-1.224177103544819,-1.158003960963757,1.758099198443752,1
-2.959925695949126,-4.28675503699764,-4.915413388416939,0.8602743444977842,-2.7794332703802187,-1.6810894716561278,-0.7188401953417931,2
0.9265895174322684,-1.3151546140515677,2.578245432157605,0.42913951906814085,1.271945593847433,0.3420035627744196,-0.02605073457313916,0
-0.5907484963088162,0.9080177076735905,nan,-0.6746637891088342,-0.7372089395314119,0.10663798110054411,-0.7421014732068474,0
-0.29267688590623386,-4.474189515853637,-2.85360028615688,0.8922263344084184,-0.6208972170279988,-0.6536002205637126,0.6263247137270485,2
1.331313414175186,-0.14778497891692177,-0.6656557621381252,0.31233279992175467,1.516046908258093,-0.8892065292053292,1.1336663004923042,0
0.365952335762471,-0.5690728207648479,2.8644917456887873,0.6166094547242511,-0.17139979516645953,-0.25237743500918597,-0.22968247206621864,0
-2.7053990551388654,-5.891360655774244,-1.5051489609247217,-0.10567711505649333,-2.070236299019475,-1.0439377159094119,-0.08010895569619515,2
0.6012507364386475,0.6977456183300235,3.0919863333088378,0.5576938927961869,0.6719631991272581,0.060050755953508984,-0.19912148348682202,0
-3.3595691781956254,-5.277662440612901,-3.480736296358634,-0.4102097042478846,-2.799837403454573,0.9796444989127191,-0.030037434021542464,2
-0.6849788259261458,-4.524716068848138,-2.2127274864122706,0.21293579202888496,-0.2580639489445053,1.7816250145272325,1.0749805895438291,2
1.016672637959847,0.7282137508495552,2.032496376313254,1.1730060160400722,1.2841189368027608,0.6217733578889739,1.6798684225853957,0
1.2292653082370826,-1.249490418179933,4.258778691100474,3.2420207242192873,1.1830156255766786,-0.7252115159100457,-0.4627166617751137,1
0.4743312070948366,-0.2660393747042922,1.584734916138899,3.5121846653740523,0.34043659618305444,0.45171018168429644,-0.6179648440612622,0
-2.1769479117402293,1.4908044970782122,4.342541337388984,3.848453369754028,-1.7634749686638294,0.7606812987108958,1.3804887368688439,1
-1.3438228595467143,1.5753334277740183,5.978677643500758,3.1747745335883395,-1.0867697947472357,-1.7304007584140293,-0.44605055621667,1
-1.4531695870061414,-5.901251102339308,-1.1622630880755174,0.6850061644437924,-1.2195885436591616,-0.8728099627932075,0.8037673547120571,2
-1.8858582304903515,-4.288535411829991,-2.5078905971450167,-2.1997797828439984,-1.6983608286071696,-1.2937466987322221,1.2575156898524007,2
-0.12651193602276734,-0.7136570035871076,1.4732631505908205,0.7832292907577696,nan,0.5519968541053207,0.4177967609275396,0
0.06920249095070924,0.07605098325483223,1.6498880848139594,0.8268959788623409,0.4708121711766263,1.963900640051126,0.5986055368043366,0
-2.377199456790947,-4.588788549921764,-3.302302273768976,1.4452352474370869,-1.8036592541328536,-0.2026090365232329,1.8653592801295245,2
0.06615848864149293,-1.6925247147634552,3.5797319499661677,-0.47851826148169885,-0.020673641101459785,1.6188597442304595,-2.223360843652389,0
-0.45021128381353304,-0.30082657486000175,0.8088242049924226,-0.2969487165402064,-0.27506831179143265,-0.4712376321665996,0.5894003260175521,0
-3.6753406552023478,-0.633521474530262,4.551632122338312,3.104243392966357,-3.1158490166140616,-1.0217005634780942,0.623979100713996,1
1.6941680693497214,1.3420068431231822,2.51481833021079,0.7788615480028971,1.3788975282553702,-0.09922803730861969,1.2631341166419567,0
-3.651393849807447,-4.883649758970288,-2.082987735224472,1.1270969285456798,-3.3010942129639753,0.4059978502780542,-1.027544944902787,2
-1.8523756029155476,-4.597885571001757,-2.368526813383571,-0.6745781374043874,-2.1625572907104202,-0.18212540136970962,nan,2
-0.9711604324465851,-1.3693207819559718,2.175671504951591,0.5886666156146457,-0.984474317068208,0.14043540051540537,-0.07058965630834119,0
nan,1.5545120018170016,6.372021577771576,3.5304500541613906,-1.8271028495198993,0.31638705923366817,-1.3931161468197464,1
-2.18146297030873,1.1542932916632762,2.548481992673448,3.871581252245503,-1.248680180150491,-0.6444694759865582,-0.36040512622469767,1
0.6695376078247375,-0.21823093743963773,1.3516738477221335,-0.44071429327233025,0.6548707819652357,0.6656706251937231,-1.047061382972682,0
-3.2858477798833956,1.3074863647439412,7.406053261028581,3.760440841485268,-2.5564322852048433,0.42528404193400493,0.1909343894274047,1
-0.4218245363111657,-5.2334503280419895,-2.031437344817191,1.1692991784581177,0.48578065594377784,-0.3679389768927449,0.47945875295924056,2
-0.6677904178155449,-0.49794409171533394,4.082115213017008,4.29426600298324,-0.12123375879757764,-0.08844585320804017,-1.0237197948743075,1
2.085841043676847,-1.1513117799743575,1.4372516590378144,-1.0683448008069165,1.45832473463814,0.9719636169805802,0.1896956697933122,0
0.27868737634056734,-1.209208681503115,3.943156357230323,1.775945090178157,0.3693379711302539,-0.072034938836403,-0.7087350951078555,0
-1.6855687042649794,2.60853744032035,5.31393733197035,3.366501255514816,-1.4943204211787853,-0.32948964953288884,1.0198826211061758,1
-1.1456064863195605,2.0045677786519205,4.589005743534514,2.6864024674227087,-0.41293004872748196,-0.2933823428456957,-0.11372133627002647,1
0.21703561946167443,-0.2482910681486202,3.5854171407188002,-0.2606900016955499,0.27886256790786906,1.329309149947023,1.1188687640974604,0
-2.0334757031466224,2.462424663112513,4.063057084951602,4.259821223499766,-1.3167885248649522,-1.171286437283769,-0.88169325207699,1
-0.5882275328505339,-0.809006385469359,2.0005628031711034,1.8081673268114535,-0.3298675972399078,-0.4882192775253435,0.41609537488955073,0
-1.7857757511121328,nan,3.311391408098041,5.282436671321472,-1.9674158432650368,1.5162664543867883,1.0798282349567667,1
-1.9234443147473155,-4.882407086175866,-1.341844503135023,-0.5337188147949268,-1.232878792871628,0.12118393640381836,0.6236895852247588,2
0.8225159083902182,-1.0957150551124752,2.3709623642746407,-0.8193439966421804,0.8273359244521752,-0.7250511097619009,-0.45089734678823545,0
-2.076868461066968,-3.3774194539895497,-2.3624599551745997,0.735186405557539,-1.619580584578212,1.2608069859233968,-1.0208565021276537,2
-0.3204490582258259,-0.7194991787087901,2.4397358693265634,1.202006675769268,-0.6922318385776842,-1.4241347237383306,2.8930003930998383,0
-1.806185831390208,0.7681728913568853,3.416960051849112,3.1770885421303046,-1.3607164798068847,0.8067734070174427,-0.6888849341211418,1
-3.6235197101242944,-3.625615199439754,-3.966026487767616,0.37473220779186006,-3.157453674538523,1.4615996662772446,0.9565817489547958,2
0.1919660648150991,-0.7531188467578482,2.2132546489161973,1.0023230600742647,-0.5262284673106062,-0.32560103617400393,0.9403682266619638,0
-2.1534363012268365,-5.7717677644603915,-1.128708903565866,-0.8814602424251103,-2.230977875538179,0.4361886666381142,-1.0174292481974514,2
-2.110879865397108,1.8428376624016725,4.4429151782040455,2.3993231830683373,-1.9910382772921214,-0.8809588495535547,-0.15321545889479618,1
-2.615073857164401,0.7837043161442311,6.021576746410803,1.9770797208829962,-1.9298396601907024,-0.7684681483619955,-0.5834079843831798,1
1.4892070208942876,-1.7948333025787697,1.7129311543896582,0.8558328911844875,0.8244115936616556,1.5893973991008812,-2.1155129211261854,0
-0.34524273346877044,-0.558348739888517,1.9409590135418102,-0.5912100880709397,-0.9308097713253105,-1.187531104858564,-0.5776616106479603,0
-0.8195625891251697,-4.603130587668849,-0.6431691623651417,-1.9784266750663513,-0.7262127545762481,1.137597844466028,1.8045086235754313,2
-0.7928432716538782,1.2467858040486934,4.432499877552997,4.430871406401757,-0.619232261073736,-0.22644230682228286,-1.1206648926066458,1
-1.552758077778924,-3.1844685553917773,-1.3549702367972642,-0.10611594110546732,-1.67680782180881,-0.5702574329596917,1.5296238254216994,2
-2.909521990956626,nan,nan,1.1543767204557485,-1.6836998629214142,-0.5295485000471002,-0.06294237854883004,2
-1.0745932463755268,1.5923258811316852,4.156325185339066,2.522558037488834,-0.989322930242954,-0.9386224905248447,0.3341964770276794,1
-2.870263833664839,-4.651831737019268,-1.6670584244168776,0.7883856231623192,-2.0007009834636924,-0.4675245461207854,0.5918247135636333,2
-3.4456008986469726,1.3514712368852522,4.718116711408034,3.6203336850217904,-2.588399244913773,-0.6494638338570896,-1.3530775354856834,1
-0.6154429064420787,-0.22226363290723603,1.915789536331108,0.8752399447794396,-0.42656288286168376,2.1300593122019666,-0.2919011046789439,0
0.7992667568039926,0.230203254406313,3.7266317803454014,0.8469304802713418,0.6425114182730313,-2.3887772687204762,-2.3185933570355237,0
-1.3004005665512803,2.2030279982291585,3.7367461742907477,2.8114660559047113,-1.1405613207688994,0.4589275892301294,1.8858981201188438,1
0.4109145500579397,-0.7853419474953514,3.8513339863582394,0.41667539494169914,0.001082325827512054,0.9160557929044383,-0.26811932336568417,0
-0.7818728196244112,-2.1163093631697243,4.9006058169486035,0.35571938662945346,-0.5075136139631281,-0.440858865000518,-0.3013385402915847,0
-0.8727674378953953,1.9318462555917448,6.337584790862606,3.260010559672798,-0.8180624931616947,-0.44493400620948315,0.7184335748220964,1
-4.253347870642223,0.011922241839042336,4.354215803337535,2.7328214014450385,-3.2643685747134925,0.5607995301157768,0.7082664910060199,1
-1.25521869943511,0.7856775865602912,6.450215150775139,2.688302645965803,-0.5250339711247524,-0.3093820623311906,0.26587495868405875,1
-1.4669991392485604,-0.24262260210089615,5.565872810106833,1.729875089415673,-1.495320719153088,-0.40642182244725455,0.6504989280016751,1
-2.3548902339969535,-4.595419378855512,nan,-0.7315663678679086,-2.333859666574473,-1.3931568722848768,0.13017057648127697,2
-2.047471569974937,-5.10094855553147,-1.6114253259864468,-0.33399182542324235,-2.0265530059468855,0.8631145643504979,0.1088016408198018,2
-2.1842568064208154,-5.0465735614168175,-1.3867247120280977,-0.2910126299831929,-1.1849944102109249,0.9260057567385317,-0.329849550157078,2
-0.7780921742036687,-0.17920619852817132,3.2459577723734605,-0.30881297950148745,-0.873986233141397,-1.0605821444193748,2.8785006081147593,0
0.33372245948659557,-0.8221404310008936,3.207875473648795,-0.3023295061648449,-0.056004460253102295,1.235779350591877,-1.3418571907472299,0
-2.699535890122947,0.5602543826161707,5.370036983128907,3.1302175134068095,-2.4716403437117376,1.8981222645425004,0.765491224254805,1
-0.9989579168683553,1.0494172471808967,4.575925759924909,2.4092203556058074,-1.439244447880855,-0.3472524727602382,-0.9449428839064113,1
-2.5828044713458245,-5.979449135217011,-2.0578887170074722,-0.8665593039038466,-1.8671382067040687,1.9765175124416006,-0.21079889097409035,2
-2.430800788160698,-4.291460048340717,-1.6204427620194668,0.0474913627257406,-2.3049103979850094,-1.4574721396448542,-0.4696577195958682,2
-2.921175196762719,-2.2112531876656005,-0.8612393696261926,0.5271854799211284,-2.343559125598327,0.19277584850055415,0.2813111146001462,2
-0.5824278399081636,0.02544243221384601,1.3402146714068548,1.2959593335789314,-0.17994187086772412,-1.029058339800876,-0.30351197622331283,0
0.1461888745910343,-0.5907055126084871,3.9690278034297766,1.6605579708050393,0.273099601995577,0.851499960334759,0.8067654534678098,0
0.9187538049383379,-0.6985207959333305,1.0464528534427242,1.329135549914367,0.6601391458969651,1.55831435713562,-0.1736613296147306,0
0.3934978607463888,-0.5072083691106952,0.19923681773162016,-0.7293199639454201,-0.17046747608056623,0.13691238063834338,-1.1847913182646856,0
-4.458438785542858,-4.361684748302896,-2.300192517850546,-1.68544910802164,-3.4666388493911096,-0.9982655362552568,-0.19722721646263108,2
-1.9338257024717032,0.3702228490329137,2.124183867660598,3.8328638086452536,-1.2716522556546166,-0.21720392546729353,-1.1066608113521659,1
-0.5549190378292741,-5.079413882227174,-1.5581835053928546,0.11109066699502275,-1.0367788738734864,1.3575997983237549,1.4985381572618115,2
0.031233162331442132,1.6697096761014316,1.0621758122523193,1.0299623889046925,-0.020627002438182863,-1.2446839645381407,0.1558243783656906,0
-3.173368910676321,0.16294673267534332,5.279841126498856,2.3197926622121803,-2.738412188009416,-0.8940446014283434,1.582774227868475,1
0.42307948839161696,-1.0050930094504162,2.459099256724512,-0.35813364813328674,-0.34828160854126544,0.7546087788235191,-0.2254082361881563,0
0.9212915534586654,-1.3890846502129617,2.207061400208941,0.010542147649633016,0.6474463634105698,-1.5827249843193587,-2.023161654416067,0
-3.5961037992755176,-5.8017073750059955,-2.8065603751325887,-2.2320706247749644,-2.9389449820270768,0.9927033356140498,0.783145540146543,2
-0.15284486750159854,-3.5150485608687507,-1.7541445039708672,1.854853837377674,-0.01720437723877878,-0.21854308658276356,0.6449934016349672,2
-1.7759617329043467,0.23837080165335628,nan,0.6992399891099239,-1.212394633665332,0.7894473370277917,-0.7013056683000721,0
-1.9377174909511028,-0.36275885553433995,5.227598756145719,4.445857146827935,-1.041487042150421,-0.340635414307925,0.33367651670792725,1
-2.191555661603945,-4.25097412034529,-2.0174122055292596,-1.1909103089929363,-1.61547347488292,1.7491917327987119,0.9776211333920483,2
-1.9308365489586852,1.9740376632687746,4.865683607346153,4.8753465096086614,-2.0985154985677608,0.00038775076588751906,-2.1170952363845603,1
-2.2689479962172974,-5.334711460566433,-1.7690096705830942,0.7963871696959368,-1.4732485872614673,-2.2861942438097946,-1.3975018155222658,2
-0.029037017959977096,0.13838720260044252,3.060383971295593,-0.2183512296407497,-0.02381149642743924,1.2213228749934737,2.809558717133633,0
1.2467983852619913,0.5524033104936352,1.0550027464646807,0.33929631035268837,0.9804494486236646,1.6378499576353662,-1.322070349869173,0
1.2142235719824528,-0.3625542593376391,3.0260907478254357,-0.08175473371395597,1.1957438892748706,1.11819544402373,-1.0628035147531392,0
-3.121953589470723,1.393082042762657,2.5919596903085744,3.589830461192455,-2.471469386194235,0.35891097788313997,-0.8315347932242757,1
1.9337500634137639,-0.0747438728627024,1.827602228583399,-0.2467495685759581,1.7653114238540808,0.19650206797833658,0.7586196432899055,0
0.4047154586051129,1.604026495424559,3.0301831144093914,0.2542046022877891,-0.4158696445511794,-1.4835776337135513,-0.015105281187250137,0
-2.232217284624528,1.4693446119685418,6.416289793884828,2.3041148667833036,-1.7270826617721178,0.37339937219017166,0.7339493233479234,1
-2.566286899606798,0.7336394981016038,4.501379189372511,3.645491683307628,-1.6865145711680967,0.6592491987859397,0.8262081248197339,1
2.385488322149582,0.23267784062806224,0.5971302068291935,-1.0171485663551807,1.1599146729431642,-0.9740856644871326,-0.08947154484730033,0
-2.1194066694929004,1.3183714626708982,4.947514657315309,2.650565897104454,-1.757932997527433,0.3545059538284925,0.7908225114158322,1
-2.7176087147832595,-5.585056293528384,-3.2010659210944814,0.07052641986145992,-1.8181968548582614,-0.7928049122093553,0.5706807994557487,2
-1.4727810384816524,-5.721259591417336,-1.1071849854467337,-0.11426730993349385,-1.4520188323019776,0.8382298948088148,0.8563576582474003,2
nan,0.2582973517580564,1.9497449680971375,0.5503283159035275,-0.416370196085048,0.4512272445487643,-1.4494499981678748,0
-2.654588437643224,-4.605242239499254,-2.3703724586938937,0.6724698843895754,-1.8927127945542344,0.07594800205528374,-1.0802858744553776,2
-2.7029871761505806,2.5416474739916293,5.462995205717821,4.030844459822769,-2.1645314298662277,-0.8588301837523336,-0.026596096271552603,1
-1.4757387020190453,1.4866653047350589,5.812243478625474,4.176351264538427,-1.1733093490627295,0.45971383088820655,-1.5524837414973771,1
-1.611045062561894,1.6625896597108791,6.1489440652043035,4.951838422111792,-0.822401839027102,1.7640628294814331,0.2388430730748986,1
-1.0043099285772261,-4.591570309097385,-0.7047077383398126,-0.09216663667133304,-1.3749387770615904,0.8871468781195655,nan,2
1.3387467149038588,0.15076032239591958,2.2081634214292754,1.053384454720074,0.9825169345640524,-0.23431476481844804,0.8431012358913912,0
-1.0701221905095488,1.02560245976542,4.713774681070405,2.3771105707144673,-1.1949466467613594,0.007382894847446102,0.10204141154539806,1
0.08381818611999181,-5.193444742971705,-1.7062345525163756,nan,0.21576284033740006,-0.965234411751482,-1.1690908903485184,2
-0.8345184141243251,0.7721915902042689,5.570243750327809,4.699048645365566,-0.7606475929139582,0.5748174569004922,-0.3966201270998856,1
-1.5302440779467064,0.9414580098380978,5.189753926228977,2.164740516608685,-1.5930101617357812,-1.2540775301851623,0.91759001436943,1
0.6058631607349318,0.8556100427349203,2.4552116749596578,nan,0.3490290144738458,1.9685895863625478,0.7646390177729496,0
-3.1809043557772267,nan,-2.5909815526119115,-1.7590988907313754,-2.2243673015656795,-1.9073797742752288,0.031042851965216136,2
-0.7938122951284173,0.3310378486017928,2.290207221964511,-2.2675249530348833,-0.8245431107861463,0.6048951922036501,0.864272530755256,0
1.4248889761375447,-0.6938372364047583,2.1284120109429017,-0.9327591093249606,1.1950237439636298,-0.5228076795885733,-0.7921099430022497,0
0.90770335364852,-1.1859169837537098,1.9130032206904992,-0.7875045646577555,1.1207479251285077,-0.23814085094626347,0.8210366361819899,0
-4.053311917462808,2.577829000739711,3.46989410061137,2.5262368306432297,-3.4155687063443185,1.18655043580779,-0.0453276274279349,1
-1.9411428564152393,1.9701220956956789,3.981310760996143,3.805919648744843,-1.2194811029835864,-0.8778759891864901,-0.5767331237505733,1
-0.05122181293433958,1.6660302782225,3.9073969717412362,4.465862133485357,0.059592802790866865,2.6153956499442335,-0.025604592133619923,1
-3.3365178361061156,-4.858870847560884,-1.6305093287609904,0.5720879833858881,-2.599177045439119,0.6134180872766275,0.35101824002975734,2
-3.4328360086168384,3.3095439129754896,5.179711063948611,4.635153165557169,-2.596374001763116,-0.48582544823659857,-0.010812793214422828,1
-2.4560249267644387,-2.9394462691921737,-2.7597626235769024,0.08857011690958849,-1.6659450543300505,-1.7312286675348418,-1.3241653451289142,2
0.40189955016680673,0.29492279627948864,0.872095034137095,1.2393736458154065,0.014347566856373395,-0.3827853270417996,-2.1745990929414605,0
0.09287062460047679,-1.0408172313903714,2.531186415008018,-1.592982480058625,0.3552704489396914,-0.2299241734353348,-0.4965968636170511,0
1.0372399527729592,-1.301250436144125,2.652575583027695,0.8850436240486305,1.3866281724648957,0.8793377350589894,0.6110018046605249,0
1.263377186159939,nan,3.6569952497039893,5.266869573096657,0.8272486754312706,0.918199641192618,2.532400984060084,1
-3.4407098189628473,-4.625566497917031,-2.4437481512254533,-0.4872086159387963,-2.5669672679625126,1.2624586407725138,1.6881162671794432,2
2.4019914748974047,-0.46265711700278084,1.8036891895908016,1.7426473801506188,1.7303531455946475,-0.013720233365565826,-0.904866962660768,0
-0.040807773967853345,-0.5828425612248006,2.0479628727134775,2.2013521823600692,-0.09476930778333534,0.0058804544757314085,-0.4921282843900912,0
-2.318197530714093,-0.06256495406967577,5.220551768216747,2.3046787952283108,-2.03105642513156,1.6224408348288548,-2.4427938269703726,1
-3.152891465762518,-4.132396151724805,-2.5257221567560904,-1.1076819134409328,-2.4962515964831513,0.6709270071680717,-0.544109240727238,2
0.41464117913327125,-1.5998591884519422,2.3717943215974953,-0.8077435178569622,0.3578640444271727,0.7933985866574264,-0.5667011347902224,0
-2.832776679730681,-2.6420417623247863,-3.0453623117355915,0.16339715732692983,-2.5866546549622056,0.7431058132531283,0.5557126066849147,2
-1.4071614873127336,-3.3248146751935246,-1.529086840056705,0.10212765067446389,-0.6341555413209388,-1.3951044782568514,-1.3424154644022046,2
-0.7048491775092456,0.861262340225287,6.623295085195945,3.525347970000899,-0.3747308825268648,-1.1548228524413446,-1.4662637639679768,1
nan,2.0020511459590202,1.782953164113711,0.8107306852843605,-0.6381941589391606,-0.15295679816157395,0.6226296434606738,0
-0.9512300352265238,2.3013648541938867,3.824630131326447,2.785552846337574,-0.7673891462796981,0.2244550160220043,0.041176878344686044,1
-2.377037569625664,-1.4455857107420886,-1.7108341759030299,0.1036945608300288,-2.0821071651886576,-0.47850117137392895,0.8888194914037526,2
-2.217215840800743,-3.4713284976464096,-0.3947750314049474,0.024407462541929353,-1.404354786791874,-0.5990705532543598,0.8335927222794858,2
-0.17495033176615127,-1.0557973751340093,1.658110126868095,1.2578763617502544,-0.07016387775618006,0.05615423461773095,-0.6446301594065443,0
-1.965318525246285,-3.715935378355025,-0.42957363382786484,-0.07856351663582833,-1.5504828747530355,1.4347759796342423,-0.01688587538920095,2
-0.7759933260945593,1.7295271099807163,4.112183561694077,2.8291896078474497,-0.5301945228868207,-0.4274769555455062,-0.16015166364376374,1
-2.778615182516715,-4.332706053370209,-1.2320221628642667,1.1738690716087516,-2.516379772465342,0.18551596996904976,-0.4405481813981104,2
-2.1442053070745306,-3.371240054042725,-1.9130753985487505,0.49519421188566903,-1.5013531343528932,0.9642023014692321,0.5443951595706594,2
-2.586021889425853,-2.4264525956204586,-0.5475409014917447,-0.3466538831397553,nan,1.3961927478964835,-1.1809154301381886,2
-1.5921220321084348,-4.188714895672312,-2.40827233386739,0.8848049829168404,-1.3956351260097961,0.0016387665373211516,-0.8556031198107698,2
-2.2825266379933606,-4.269129772853996,-2.4077942188626107,0.05108219437077938,-2.0044348004206376,1.2638909237583946,-0.6473968118574256,2
-3.226707435680699,0.6030105789152708,4.482199818816912,4.194204403408174,-3.1736901970186553,0.39586477741463444,-0.006562606853174155,1
-0.8589797317479992,-4.06928395769037,-3.367626671262739,-0.5853688636528692,-0.8309784020440331,-0.6042803380846646,-0.7252445644209062,2
-1.446241598545004,0.771682471800252,3.463821985428324,3.007259696664904,-1.0001758786088402,1.3866390805614308,-0.5386092582072389,1
-2.4776694119459473,-4.01834336097155,-3.1065771753462372,0.003242270550308235,-2.2036670448641136,-0.6707668192480233,-0.15048893016125103,2
1.0748163369585182,0.22780367836299115,3.3771564638399836,0.8938119138975322,1.2187206393254526,0.7161059528646656,-0.8296911162975139,0
0.5522559563673124,1.6795544942099745,2.193595522172232,2.013698692471597,0.5230827801721727,-1.5629017952005617,-1.0998522000346922,0
-2.3951182840858785,2.4245884113374885,3.112896695891177,4.067132542342801,-2.3772240764457386,-0.22626720333350941,0.15677892805043384,1
-3.1128491606260695,-4.744885779262452,-2.4407583435067086,-0.46195825177421457,-2.07664507028834,-0.42921710010196656,0.6415791644388679,2
-5.223542855109236,-2.468971210974469,-2.5658714992646763,-1.237395281600995,-4.193233975993468,1.1193222379412897,1.7656004152935207,2
1.6512704639315863,1.2037145154046969,2.175097791735313,0.15836129785276432,1.2639596646849707,0.4694160799699044,-2.309951723097737,0
-3.690941424544755,-4.03306575570654,-3.189993970864312,2.063618276221447,-2.7490885196527683,0.1794460989065223,1.1044370947533595,2
-2.0364420188132284,1.7990099517210787,3.6889832387296244,2.7252302172316463,-1.9136871494822825,0.6685720626933152,-0.3764601362589043,1
-2.07840287610169,-5.50740562200289,-1.334197172524476,-0.6598828391970758,-1.5819307713363835,0.1448387463824913,-0.4104923692143929,2
-1.5668121237142127,0.34854985312954667,5.4705844253844855,1.867719884976947,-0.9638017211120886,-0.48803883062729375,0.457428812949218,1
-2.534067148794793,-4.5437340240713135,-4.087357551379857,-0.6493435904113822,-2.1382615058756507,-0.23877778091008917,-1.277088403975946,2
0.564603284297125,-1.557392491820636,1.9561335073261867,-2.353131276321856,0.452415704316414,-0.15401128821192822,-1.1937665750298176,0
-1.8143868022116632,0.3110828938414497,3.3844776657152673,nan,-1.550727403747786,-0.5766257640849579,-0.11360876981050001,1
-2.8691979914147607,-4.988771279718842,-1.872518108920152,1.0313935327103074,-2.532209706135601,0.4606501987157356,0.1320940562071436,2
-2.021676055971195,-4.671452491391038,-0.9643398691194547,-0.8089520411306892,-1.6580760350096218,-0.10635021070436335,-0.7458197235623492,2
0.008884262635259488,-3.4534855309016534,2.2170966837462185,-0.15156466352280862,-0.013170585943391964,-0.06047759366894169,0.3473226758218928,0
1.5726507929696623,-0.9424026732913175,1.6283090632037407,2.661540128146332,nan,0.46364927908360026,-2.9369803062993474,0
0.8580970637900249,-1.2511031266371593,0.6655802660303529,-0.9761321381040914,0.9583914999860919,-0.8424417647051137,1.9563098909659824,0
-1.3430261978810083,-4.417304937850835,-1.665834330394306,0.47226695703617916,-1.2524226148252684,0.16195139170212425,-0.2284579704952734,2
-0.23087759257792373,-1.0520594073375864,3.019830628542552,0.08422801867319657,0.312202411757454,1.1108799200136363,0.43286965347676426,0
-2.234495894441206,0.9802310923488612,4.629640421551203,4.650142884965183,-2.0169781587260007,-0.9255474617331239,0.5079130760116233,1
-2.0956064063909032,-3.5239487707292376,-3.2371531218864735,-0.8367788257332948,-2.096270381100898,-1.0318255548720912,1.1642388019099221,2
-1.2166008962884503,-3.9739551494614207,-1.879731734002137,-0.05475575297754748,-1.2119178443469076,-0.46979767501908953,-0.25166740084837447,2
2.0088952570856677,-0.09423645816633902,1.851983718279492,-0.028355923016473716,1.5742988574803385,0.49862340330459237,1.3207307215058917,0
-2.1537187288891726,2.1523682611031543,5.205834871349742,3.87082210879847,-2.011208449840528,-0.2906269314740496,0.8877050307135056,1
-0.5544516343513006,-3.9628537304669442,-2.09023071826188,0.8476682864960541,-0.750344570811823,0.5824197391887985,0.11253254592729257,2
-1.265960818712656,-0.3902574595201742,3.5474737330961377,4.088017711092703,-1.2884414348075015,0.10093905815688642,0.985419565832853,1
1.3147562118158513,-0.7056760935064625,1.8052263973138492,-0.9397469529842083,1.0505923349140436,-0.203469344092,1.0177189970718212,0
-2.3113273593939296,-4.097269579533309,-1.5090086634151096,-0.2456054486899418,-1.3547017831214003,1.0782127815855755,0.18604951389064942,2
-2.4411314250095195,2.2572419519114373,nan,3.4293628180118017,-2.3668660870238947,0.9258257862953108,-0.29909853407031545,1
-4.087962494889094,-4.903917422413676,-0.8663849812486542,1.4826827993457847,-3.102682555011552,0.5150059245780593,0.7109795000754475,2
-2.7142777392738027,-3.95504835748286,-2.1119493990075924,2.2255817282858383,-2.3224818143969213,-0.6132067434479631,-2.2040657925933775,2
-4.428112748162785,1.1900009909409035,1.2918075287511388,4.063225722780705,-3.773500606009481,0.35448634613791996,-0.7941979365550285,1
-0.8906171192635406,-4.536317236228895,-2.028312031370295,0.6571259542760441,-0.7271725349224812,0.17642538016082077,0.19723590434584715,2
-1.262801803429177,-6.56050460017789,-2.527043503168947,0.4603546914619905,-0.9067430241138545,-0.41486329670920175,1.6683365843223865,2
-2.846385252456522,-5.088781045673609,-3.0805957605116574,-0.14450724676194895,-2.0417548143050053,-1.838949807517843,-0.0280668368760592,2
-1.6369884186730215,2.428450084131901,4.664835430678035,2.406821526419015,-1.2859772431857437,0.5826904633274838,-0.35147951512437364,1
-1.7457360061477858,2.3273831223300503,4.022727650977042,3.2297969238555604,-1.4486312741061615,0.7981386461606909,0.6538249067368007,1
-1.6885491527561447,-5.04470086699899,-2.330627531319678,0.17050650264140424,-1.2639738987972033,-0.5876025797398183,0.5019373899490922,2
-1.9532397472058698,-6.379754143444297,-1.9367975433107683,-0.27201360060777846,-2.2789483518183133,-0.7527554632912797,0.18175713521330028,2
-1.9629429641800555,2.2643059114020145,5.112694703143021,5.560783444582169,-1.5925166769586723,0.21919993200192062,0.15470583500796797,1
-1.9512632431550996,-6.383107026546238,-2.7892891163039257,0.523780042313941,-1.6618341250592972,-1.7869007101338907,-1.6788076533160161,2
0.5379284117540634,0.7968468870981167,0.3940405445701489,0.7949467545478762,nan,-0.10870248951320448,0.47178376544185885,0
-2.3338322902823623,-4.214272320592622,-2.372394369573227,-0.1148413503152391,-2.0318084360773057,-1.1212374515007715,0.5196501408111261,2
-0.9950034445786381,1.3424558949595398,1.2707013414984871,1.364762042894578,-1.152302670643613,-0.7290610398045926,-0.61520215335374,0
-2.6764336223895393,-4.594460244618547,-0.3093601575174929,-0.05071603258783808,-2.6356279504526,0.3595668359716967,-0.07556502725692367,2
-0.7279458980083993,1.1500842186230351,5.150837867113797,2.922279226115892,-0.6773184934217702,-1.3638517216658956,1.4450849737166944,1
-2.8935173607387936,0.5475668921556468,5.367225914504224,3.7750237003702543,-2.4604553552718085,0.0567922005519393,-0.5609741588489814,1
nan,-0.6600028438236414,2.4682603881552656,1.2619914009184647,0.5247285094604232,0.8246943092151047,1.3789307259664443,0
-1.6854963515014367,1.4744610477422442,3.1661911302626833,2.696725009040803,-1.3692922364392255,-0.19850862704860192,-1.2859386946909166,1
-0.24289023636739682,-1.3395984865600694,2.4918933662789686,2.1780212279113673,-0.7776578731806751,0.8172633033517421,-0.07900386864136677,0
-0.5266469344230793,1.809269871569315,3.584679743359749,3.9205066390407093,-0.7842888187547725,-0.4411533474834219,0.9506874810502685,1
-0.8244740524721201,-5.512360689328794,-2.9755729808180438,-2.475866600376626,-1.0769294928268278,-2.445824744007292,-1.660577135247606,2
-1.1012250051391046,1.4830329476233526,4.192780086482238,1.172838169460214,-1.1275318082973806,-1.164233660962478,0.24968614289067126,0
0.8520667033876691,-1.0098451678488956,3.0920418104693583,0.1863978745941712,0.4044491212257697,-3.3356311111078205,-0.7907362094288333,0
-0.46801754938060247,-3.4375828118610374,-1.131273293655302,0.32367829140457893,-0.35534122604554735,-0.3131650988129935,-1.043113651081203,2
-0.175748095422398,0.7511704031533994,1.8517170128261597,-0.9475009134213975,-0.044189027118606866,0.0032751367964764756,-0.4273534384426262,0
1.689736560211502,0.3738867565535147,2.253026739848419,0.8619801958142012,1.66578765583127,-0.5780486612192676,-1.0817813246599821,0
3.024872588632216,-2.805027601930665,2.1710982893482447,0.817714851068159,2.420958845516654,-0.5146721800719181,0.3857337406637957,0
-2.1469384897312946,0.44617406536550386,6.0959138337047785,5.631828950835642,-1.8375604805551513,2.0683715910870357,-0.10140307403744453,1
-0.8678449054097617,2.5893560015160224,3.8781007237686516,3.0628539106733776,-1.5484097007329,1.6790868609427774,-2.0110328133842996,1
-1.4960494338130057,2.124172702231694,4.31201175693451,4.684806731361417,-1.4422717926391397,0.620820597571829,1.5056133805390466,1
0.8276663146879633,0.45690997444013265,3.852905249177545,1.0048192728480703,0.16570727206517338,-0.022111745543152806,0.19750382804888786,0
-3.335718169909678,-5.645831525807472,-2.7781152515786953,0.0627295144836971,-2.778314781241209,-1.1985026009782647,0.0448003511663505,2
0.39403219706392006,-0.8858692336775371,2.536881339446353,0.47451123799679384,0.9637322466724982,-0.5787162105867455,1.6142488360721579,0
-1.8958132945731518,-4.865967899233956,-1.0424771769348642,-2.1380220300184556,-1.1109822443668802,2.7479542313047536,-0.9273850022555812,2
-2.1179355184801807,-4.341553977405641,-1.5807172841284998,1.932744426447455,-2.429393398834434,-1.0447651478737487,0.7187452432634923,2
1.3644010933036932,-0.24194542373920808,1.8289673827335706,1.0425709212464889,0.6321331717236045,-0.10161125310871341,0.6128826709976817,0
0.2242072273558294,-0.890324642653358,3.4129500832852684,0.6491942169334269,0.6064516208300071,1.3614857481167022,-1.6354498251320275,0
-1.4568015223013182,1.2920696347465992,3.732970121484516,1.2791825244142214,-0.6988692893247392,0.5433121756363817,0.8941167656458768,1
0.9449819278661081,nan,2.470350642367528,-0.704161088438929,nan,1.1043342117493549,-0.8913920398283798,0
-2.342071430698471,1.2077144985728243,3.1239538576509904,3.1693954365279247,-2.0093667009392417,-1.4244165226596077,-0.05016714132440273,1
-1.6730424606010503,1.2537918185683308,3.3829790500345744,2.9866885206435354,-1.299485064680104,0.3624727126536939,-0.3160158894615283,1
-2.5717226339011887,0.004605565042166804,3.2139606987369014,3.235467686420927,-1.8669842576723052,-1.7405182781298163,-1.123340012559948,1
-3.2125604367146035,-2.397986132916499,-2.0646283836969586,0.42866251661959354,-2.7439454766702047,2.537088247446142,0.882536270910358,2
-2.5074515742168324,-5.0830632510255525,-1.3781165998171483,0.6695604678843713,-2.0292454424748536,-1.6220944193109146,-1.498941401423235,2
1.0457862688299915,-0.04250217522477884,0.44935114869898074,0.938694159884169,0.7433498359445841,-0.06544941829270422,0.8638063566883377,0
-2.099555241337303,1.2913604480693095,5.540800331154239,3.030743638257868,-1.7964820831953234,-0.2523846843847055,0.877459927162484,1
-3.724132325283458,-3.9641465710173045,-0.11235440320929024,-1.1309550790606377,-3.0863948557799796,1.6928029592602925,0.7764198178415322,2
-2.127824087181665,-4.793223365079257,-0.9445123891017324,0.1493302800186531,-1.5221144594527476,0.02377277182437271,-1.5573067112016463,2
-3.760895854297255,-6.46037699150367,-0.7344983204489799,0.12349591226468233,-3.038600307302635,-0.25801392769679077,-1.0710003435854465,2
-2.6223457790243607,1.0826685444726383,4.562308428756988,2.508646927062729,-2.284026945701177,-0.4988377120255102,-0.31240146168047334,1
-2.0982608293347216,1.989703094332862,3.3090565766294366,4.395764771143019,-1.3160148177705373,2.0344675151847746,-0.33327722394717046,1
-2.5075531176387025,1.5132666205779057,6.046327895458326,2.296188912025932,-2.4366166179777524,0.11736436029643778,-1.160761957253274,1
-1.9067907297493378,1.708777521006732,5.489871591279794,2.5025223446515,-1.5694617814692235,0.8103961408832449,0.5431951621786767,1
1.8885246001832354,-2.4015636779766756,2.475714396763412,-0.7084756168701704,1.2547022891533846,-1.6223669476292208,0.41724989567925774,0
-2.039895302041977,2.0562546099025125,4.302547545479444,4.332483127487303,-1.2085245663296087,0.566260733238076,-1.1294473192418386,1
0.636699419820289,0.18223277871488025,2.7618527811669233,-1.7550511137164566,-0.04045570165870227,0.7641251864118536,0.14332415143798863,0
-0.2472842448086281,-0.260086794341035,4.784776234817933,3.641556805737514,-0.11312845972755446,-0.21019868703818556,0.7154323499125045,1
-4.123949938312828,-4.678995075856151,-2.7531496280653256,-0.7277931981186033,-3.316273614880666,-0.6587295939398292,0.14262152053723587,2
-2.1564170094398056,-4.198767933041036,-2.0996125587959664,0.35417267925872153,-1.5458605887529842,-0.9540789667078087,-0.6913490900839281,2
-3.8208425820984315,-4.014558593020731,-3.366637339251694,-0.2777806955721721,-3.5277635137746652,0.025025232164188862,0.09128230324606879,2
-0.11271170670532349,-1.8524299900603933,2.8156088290223886,1.9492180463105195,-0.07135861052288024,-0.7830190513267947,0.17407897314974285,0
0.11686410101455269,0.23221518814490832,1.4610773326236166,0.9205979729203995,-0.08798433638727829,-0.04623979129415321,-0.8876023919563,0
-0.22279387647106152,2.0224172888608347,3.5012027897357383,3.4183729503377203,-0.4393984148651391,1.261103122017843,0.6263554471493802,1
-2.823486059082718,-4.702740391754661,-0.2775279802972166,-0.412173829300148,-2.387173047602235,-1.0816463631115112,0.12891873303372445,2
-0.33318395234126463,0.21837279594130593,1.3869666383501729,-0.7242387075508662,-0.14534383108423,-2.355725014551648,-1.1893988629374501,0
-4.532773800242213,-5.74458279352807,-2.825636978820016,-0.5298256275954154,-3.711687412136415,-1.0594270142987243,0.7365740249165826,2
0.8949149838355723,-0.2844409995836741,3.7286100494770427,0.8947133037484302,0.8508346459318626,2.0103116242947516,0.9081865556748869,0
-2.1717429169661404,1.3741506286926535,6.7852314855513995,3.5219272616170545,-1.866061611796772,-0.1935395605016604,0.3260896477305114,1
1.2609836632713611,0.9590978647550148,1.728272173506001,1.183442441526182,1.3446525673636343,-0.7408540649316885,-0.7061290292503207,0
-1.984229814331662,-4.742987290510058,-0.6954692791405166,-0.7073102089359234,-2.0260018701564775,-0.09335243932460525,1.2635427433830853,2
-2.72626210185564,-4.743486723312995,-3.5044196638701255,1.2386843783264332,-1.6763042676898177,-1.2157252182047686,-1.85439055984886,2
-2.0905294002109986,0.028827692822599005,3.9400707035374993,2.542753617921503,-1.189814242304389,0.8658215724130779,-0.8744559691181897,1
-1.0590531006580193,-3.792717776531867,-0.9666506553192,0.3550286792410162,-0.5712459313773591,nan,0.6405825811606377,2
-1.4176240032921943,0.35007611480872913,5.250719711868406,2.9550927765532373,-1.1089890525704824,-0.8736416968628155,-0.28222786813214534,1
-1.9683999254076046,nan,-3.2493489848101675,1.6806313379262865,nan,-2.5584034187830293,1.017672521076063,2
0.05602392751329005,1.6962188142033303,2.4129989211372305,0.48170166092613104,0.14751555295683186,-0.4018745912274161,-1.01507877859583,0
1.056127090225508,0.2517326129447371,2.942495997240424,0.4315895604018156,0.8103104548114598,-1.699433512738401,-1.006895415367485,0
0.9906355049833191,-1.175964174993635,1.0627892518486814,2.159330957443452,0.6552886678168226,-1.3599990032038964,1.2292272445468968,0
-1.277697151479275,1.3677717259196054,3.0868057549171706,4.630205615473104,-1.2073170740441843,0.018958958830524047,-0.4487368038467495,1
-2.4402457335744043,-5.722434764682336,-2.5030844473910747,0.9412123807266989,-2.1165377078072622,-2.3145135406114563,-0.13570575078806493,2
-2.2018469937826683,-3.2342261817787903,-5.553045204798698,1.289464731451125,-1.786018124572615,1.1929235787175307,-0.28875678372458163,2
-2.993241376257237,-4.0450753800413235,-2.4931783012724176,0.7187188649999093,-2.6868310856963653,0.9953107980263369,nan,2
1.1842246845579785,0.6465300736395783,2.45089846704021,1.1307835764396441,1.0616190131892524,-2.209024079516075,-0.5600912698401137,0
-1.9516023719498445,-5.063455724504554,-2.2059753917947265,1.3336675585301931,-1.8462108100680261,0.6145200819610229,1.4138792520169292,2
-1.6243454822452246,1.0469750159508464,2.1164294304335987,1.374622133116414,-1.6560707389123428,0.24791023414252183,2.3360610280070233,0
-2.0481225141984147,-0.16658936267382085,3.0102889530074672,2.6706872853953514,-1.5490210595809608,-1.9971268537291214,-0.4527816455503784,1
-3.283542690397348,2.0755832157117045,3.0527882714044674,1.4656916279295222,-3.134207950754655,0.6471810394356148,-1.1947754133020592,1
-1.0098330449600965,1.0286217498852719,3.5451534069690265,2.6016909750572497,-0.6552672086504888,1.3603287285726404,-0.6440230419880347,1
-2.093934863736238,1.1527565536557287,4.12947423655417,0.7084470502548452,-1.676516795985548,-1.0863684910511964,-0.7146106773706491,1
-2.800015976858138,-0.1639105052868015,4.301195190612926,3.6325062971617523,-2.427153583197145,1.7507136745360306,-1.523156945177148,1
0.3372299896385528,-0.7700283584636952,2.005791167467268,-1.6050939549114878,0.214315255811925,0.2797731691054565,1.5105088479311817,0
-1.7278070260915706,-3.7445683857446577,nan,0.3387238619899999,-1.0482240268649092,1.3151637494704351,-0.8234149701894631,2
-3.3944662605302973,-4.807185029472243,-2.4869376572808424,-0.7560747162355076,-2.7048973574670465,-0.5075827329570477,0.1474443105157327,2
-0.3875630433307058,1.6455602784995824,6.178309376665442,4.281675530519244,-0.6530916622443452,0.6774160373644894,1.019287823511984,1
-1.6207588133127904,0.9728167599639702,4.673475056765808,2.818360225515082,-0.9592428582185157,-1.101810743245519,-1.69685860208168,1
-0.49385044052771,-1.4402182290812988,2.5476134062577427,-0.8984006437127737,-0.08020683255672906,1.1073363064450836,0.2612073514077756,0
-2.053610757494221,-0.15999712231173202,5.784599753011134,3.1895480344390394,-1.6906949517023948,0.21373544430035474,2.2245898757987854,1
-2.68375644417336,-4.176723562566494,-2.591358666611251,-1.213519195963706,-2.321258526426664,-0.9115752081644534,-0.6222769681551076,2
-2.932977994013207,-2.9613825019295397,-1.8821312268264503,1.2774656739080124,-2.485176655561912,0.5401303690163181,-0.3184421726574935,2
0.044359902387032246,-4.171095678497111,-2.358802112000979,1.4281107090889111,0.07145327452021336,0.45978465034513655,0.6572547252780334,2
0.5147757514987218,nan,0.9147376220916137,-0.3321596807090119,0.38370133766089304,-1.5310527705477353,-0.12154592505352037,0
0.70031997786549,-0.8033544463111882,1.8577647451460901,-0.8049578033384687,0.7244823358540995,-0.24628575975203867,1.110315535637741,0
-2.9470409559389843,-4.356168872774418,-4.0091029232114135,-0.6931904858541871,-2.4584549087874072,-0.33017640700449474,0.8125485717708878,2
nan,0.6399236292731714,3.534783825693,-1.6873955472502966,1.770558005641604,1.253033153794218,0.7185039316539401,0
0.308555166230851,0.017734292613948988,2.187526949435147,1.2331413244969802,-0.14759264711772604,-1.5172026132098033,1.0097045265898303,0
-1.478621244940736,1.8431321409215573,5.596699175957299,1.5816315501519538,-1.1916885541228692,-0.28375528414240747,0.05584808235804551,1
0.7848499072276486,-1.6325117097267925,2.680385200866663,1.6803828580192217,0.7480722642165113,-1.891945960873401,0.8346317768689965,0
-2.543088710795264,-6.022655636515085,-3.552098165599103,0.09825969827499781,-2.429871375776141,-0.5894270547359964,-0.41314242669003653,2
-0.18969440821247885,1.1423259522973255,1.9493199741429805,2.211847630579887,-0.42265789918846225,0.4823414512584857,-0.9086924179180443,0
-1.8860573744599485,0.15728051730705306,nan,3.0181663649983954,-1.5231331442126939,0.131634213306339,-1.427219562441896,1
-0.37829653338618696,2.7466494110647175,4.415891463388213,4.011519662504416,-0.16645652811951056,1.084533189581694,0.3653956842986475,1
1.4276682220399208,0.9278828681907842,1.980085749133071,-0.70906191601406,1.2840863490689953,0.24618221680053692,1.4758289359924954,0
-0.7070172759967579,1.8605447866633145,2.704248540444177,4.386381926378925,-0.775425540966094,1.606582023286612,-1.3638877312694329,1
-0.9345382961326626,-0.8148609989053283,1.6544525082212929,0.09154595478008748,-0.45350781371473237,1.6005829255929647,nan,0
-2.4917005073288814,-5.358409772100446,-1.1503269243505794,0.7079989235890733,-2.137814615599172,1.5075954403221552,0.48387750638913346,2
-1.22869053678571,2.5447256358736157,5.830752593119858,3.5245741922983487,-0.805558211051133,-0.3307008029250008,0.5945140478326979,1
0.640544392862694,-1.023245564733223,2.655868978003998,0.07577806150604643,-0.09051715067225952,-1.3830884198242441,0.2110079501428098,0
-4.196522577584777,-3.9713226830721915,-3.2057575374686893,1.6328908102973076,-2.7554210255292175,1.6704302162451783,0.3255440956108849,2
-0.6046501656028325,nan,-3.214955018300882,0.24089112575807553,0.17519832977938676,1.2706844834032627,0.37011745155759135,2
-0.5716609745615947,-1.209725846913465,1.345231724096744,0.24888171800522407,-0.8269665274002513,-0.268873479310188,0.319887808353416,0
-1.7699071676463851,1.19323493577498,4.875704363926258,2.298873072381125,-1.6200797838235397,1.1845530798309098,0.23763143518895183,1
1.567969011778663,0.5951532319407409,1.6289675237241932,0.7972927577291853,0.9863206748283289,-0.8667858260360467,-0.39042815255627145,0
-2.518596546759941,0.43254263705680474,4.510388436343234,4.261208403837961,-2.263029081877889,1.4018064010091809,-1.1429235054905704,1
-2.1167138675199593,1.5484243406272749,4.854981469571509,1.9797566789695853,-1.453762175629392,0.7578807066662661,1.45144278712937,1
-2.404888167644736,-1.891773207248387,1.6337757415341907,-0.4395921850181508,-1.8035136724031466,-0.4765033517656752,1.039986170061761,0
-0.5131843367451645,-2.277714040508434,2.4631425143330867,1.411728202066064,-0.20572795530228613,0.5214972456364176,-0.3476138999200226,0
-0.5102480464594557,1.8269798343336991,3.799535232755626,3.837789587362105,-1.1169016976665065,-0.960299929826148,-0.6181792810056652,1
-1.4116728405544006,0.41928207392999867,3.1140097306744248,-0.49873658017300904,-1.1256852367039907,-1.068776752724631,1.4065742563838157,0
-2.1741225026984914,-4.118260471507747,-2.0421714042603063,1.9466535576287276,-1.8624389239969903,3.3682900057097176,-1.0437240881816279,2
-2.320602626132073,-5.634405753868462,-3.3697803636362056,1.2672752717176565,-2.0051581230252737,0.5986412388400962,1.3293771934314684,2
-4.0593979560272055,-4.23365077494849,-3.7414544344873604,0.7157424310863718,-3.304533532447169,-3.045037759734117,0.785316992278,2
-2.5916912726218952,-3.4240694804261267,-3.665673327605533,-1.3515779947047017,-2.156066422280184,0.5780581299127108,-1.341104990284688,2
-2.76033947608823,-4.991320250663438,-0.9778117047255539,0.029252626984182545,-2.1964632081240048,0.13043261704256728,0.13282218836159337,2
-1.8328951233365167,0.9577806501790664,5.901142917069548,1.1014048005291022,-1.5199789317432422,1.2928718748460057,0.4419675975331396,1
-2.067709613306665,-0.11331663068323539,2.9167234600771965,5.198370654454376,-2.107435702999746,-0.4561840009435668,0.6888465334227897,1
1.719170357727152,0.5249722623859594,1.4036150431370815,0.866300979316873,1.514397346532997,-1.065228138252799,-1.9029197322531781,0
0.919919750835716,-0.4283897767147589,2.910764702020173,1.5048867719021017,0.4773946756062751,-1.82466941530016,-0.2097261980501824,0
1.185113392901525,0.8272533928540322,3.3436734085093995,0.10897440471501346,1.1395706615466394,-1.2548062198423882,-2.1027100180864724,0
-1.8623892267845101,-5.589780937874025,-3.7881162682412697,1.2250279221450373,-1.4550984632695099,-0.25704267164248285,-0.5039575824608016,2
-2.768160786437415,1.575167963472742,3.8651311553535166,3.351835708398444,-1.7717049643022549,0.8365879694019235,0.9020297412873726,1
-1.1439850522116362,-3.1763548165844258,-2.319327183592155,0.662739635502827,-0.6643364961383026,-0.2842190645850005,-0.5377726509900602,2
-2.1044983849269205,1.771040181745185,3.5780061502965976,4.238082148268545,-1.1033130086660998,0.9258693220722694,-1.20779728119229,1
-1.469584725156924,0.5156114280270446,5.742354490429316,2.9326492794273653,-0.8030496515128459,0.8344585311899558,-1.7482352396377554,1
-3.177029276765035,1.2438509458784153,4.8229972126544105,4.0953751352049,-2.5589529027454034,0.6313048802492504,1.6618354812875595,1
nan,-3.3171525555898786,-1.7651609482623922,-0.5768817145911921,-2.2821749509457447,-0.15714766701538607,-0.3694027526641504,2
-2.053853047934565,2.7240428986420016,2.7604726185127855,nan,-1.422346244686278,-0.10904789991836225,-1.4744188716962143,1
-2.548892307799983,2.1262154027488767,4.105807268763874,4.192177730714263,-1.8518301130353954,0.424126524870102,-0.7256033499264635,1
-1.1754792665212161,-0.5729478908979344,2.8042383837266063,2.885719562338927,-0.442126709738725,0.520105750674253,-0.23343338082729734,1
-3.605601690583906,-5.480757522805519,-1.385363573548303,-0.4076752406313532,-3.046132848137248,-0.9688114213419875,-0.3094496168884569,2
-3.1538305281030183,-4.963887559542019,-3.2958807133939017,-0.41412022282612715,-2.7379447233807,-0.3673287702173494,-0.11712354907159438,2
-2.767949544906114,2.9436035250335175,5.913222511734532,3.390697015943923,-1.8544302299876496,-0.012405490844397108,-0.028820904378037082,1
-0.6755307894763349,1.943660244602515,4.388059254518049,3.286498547203758,-0.22859832865956736,-0.498337361704448,-0.3335689672539239,1
0.29109596916171476,1.2341597507241757,3.2480604225497505,-0.02181402204788152,-0.2874047936001092,-2.2100388343369746,0.10575187968409101,0
-2.874796084869187,0.3499136444844976,4.693610733556034,3.8501513838404935,-2.158743797888816,0.32799047675657195,0.8525455304321482,1
0.7743754496777422,-1.3335214932395318,2.4670252736049947,1.175474224313954,0.7137077769111597,0.3660215021085839,0.358093655484049,0
-3.918842194454747,0.19903403379391005,3.480652904355005,2.7950028316077837,-3.1531533092166493,-0.6530472623341139,0.6584446956545816,1
0.22186546385568814,-1.2303612804819455,2.24809182660711,-2.4296857062727306,0.4887464035952007,0.8694928121263915,-0.4506962755795305,0
-1.7594689224096371,0.405679251419205,6.231478438857984,1.7016327583736128,-1.604700511476828,-0.5364111450852269,0.9749007199978572,1
-3.2064941378638787,0.3406962155649146,5.762286540239357,1.878579992633126,-2.464507973521847,-2.270663274848924,-0.3239597185061917,1
nan,2.3392659925454344,4.793236905810921,1.912320283065764,-0.7398543205808245,-0.5928635924652443,-2.3134300372100847,1
-1.9495150424734966,1.1360087138133337,4.195748649954272,2.5151199127417527,-1.2148611428523788,-1.6143986691640833,1.5378497308491228,1
1.096267072407398,-0.25350222307175085,3.2134279122424454,1.2366011697891865,0.11139210545002187,-0.37876291229103975,0.3832589404860149,0
-0.3614242664544026,-1.0653022643809849,4.013668578158946,-1.8306568986520801,-0.23993756496817173,0.17453709961053002,1.7301557702179227,0
-0.5845060433691169,2.862475545879161,4.583566788477099,3.903668140068452,-0.282370280789884,0.4170715434331843,-0.4227698854027073,1
0.6046314602145273,-5.264165001833806,-1.037781809412153,0.7605305091322571,0.7058781342039653,0.23296071364167747,-0.3242803553952465,2
-2.372749186535655,2.314737601742242,5.33572181950537,2.798158382822189,-1.7876035233379466,-0.8365261501394982,-1.0083082424202485,1
-0.5950178920526419,0.813883159005287,4.551879955476053,3.6315458482812977,-0.7348319020577974,2.241952703708708,-1.0476683022949287,1
-0.063069564087467,2.6520448915264887,5.539904440431778,3.071067651308298,-0.35450934320875127,0.5856978446748068,-0.6754041425938896,1
-1.333852325022584,-6.159453098326496,-3.0117641074009596,1.213316923589003,-0.9861333225019617,-0.8228480116454637,nan,2
-1.0597707874936901,2.8140813257298998,6.136116003354694,3.1664474903248463,-0.5503871364357351,-0.6010819384449231,-2.0101152691622772,1
-2.9763094525720257,-0.2072614340892569,5.083533315513844,3.834652365647284,-2.2066504721877225,-0.7820966581320399,0.5410971212949026,1
0.44530474101198014,1.0659270268779686,5.525393017163156,5.63133115344157,0.49252986792897935,1.6370924938104774,0.8900592541305374,1
-0.9887107384879116,3.630884211863415,5.84769944571667,2.6443625951675847,-0.9258668046867411,2.838063025159486,0.06481960044151247,1
-3.6838551247731033,-4.239172884731377,-1.203555418670656,-0.1660020502342426,-3.0046951492252156,-0.5082027226762044,-0.4545570046397677,2
1.7153341675657776,-0.0591427591074597,2.1327051490785975,0.27591081789082594,1.1690109383042862,0.009889744211348367,-2.3761503771011987,0
-2.108488675043121,1.1740982628285817,4.431328838282253,3.840781297772141,-1.8010923626470838,0.011883135724623003,-0.4023766149462608,1
-0.8580187878109881,-0.9892768734953838,1.1855268012190647,-1.4269412141680444,0.08388229806615999,0.6782540350642983,1.1188261908973742,0
-2.5540278682408877,-7.135572692958338,-3.625192861105422,-0.5095339381804495,-1.477250376397718,-0.41029587392821126,0.08389101734319145,2
-3.5540830520821043,1.210443490648006,5.523697448793783,3.113360178205348,-2.8539255368669374,1.1756152856399147,-1.3562091448806437,1
-0.7743490323696017,0.46935632591340776,2.816190717859321,-0.9085283473282398,-0.505896239250688,-0.10580268110033435,nan,0
1.202916567831051,-0.4713950198239574,2.286994150177232,0.003808456782653291,1.0604463697452982,0.32432209914676335,-0.4492737738909445,0
-3.046442046940246,-5.282271979230018,-2.192785535917274,-0.5067118714778439,-2.5146703797176424,0.8374204939963021,1.042648605190993,2
-2.3443238573095257,1.7516414169416485,4.259651710479304,1.942593396692998,-2.2004288661594305,-0.33600453431017036,0.70090910133256,1
-3.4293948932466796,-3.5340892297736852,-0.5698182553335018,0.07396227305245048,-2.794061455591118,-1.2125665643432013,1.712398963882232,2
0.04648224188576172,-0.8651860243810019,2.5329182004636053,0.38610384153287924,-0.09386878516049885,0.5180531218599279,0.9107639562541227,0
2.8838545599864935,-0.607329390200273,2.118546738840726,0.9257131876777499,2.0546510910005087,0.9355058739003016,0.12902959546037587,0
-0.7607438538242361,0.8564904968502628,3.822928992591867,3.3593444019923346,-0.14595783408409513,-1.0280726320721205,1.483307729120379,1
0.6392823410839248,-0.5150798134863739,4.0984252356463164,0.996339953066962,0.8431509848811469,-0.37423752840868685,-0.4174663528102698,0
-0.55119519349594,2.4344926795893844,3.043569324273281,2.6508107166786212,0.09864147752576108,0.6941598480671402,nan,1
-2.054861713484782,1.346789693171,4.807518602563727,2.436187275249569,-1.4027413137404787,0.8933018478999116,1.418627942348016,1
0.9345988694197793,-1.438369311822452,2.866517107118903,1.7334889789204317,nan,0.9522108768234284,0.5090080133097078,0
0.7133500339435652,-0.1547388538729374,4.512643245800428,0.5040378452768104,0.8975607094835507,0.5478977935471482,-1.7300080314348198,0
-3.126134888701748,-5.329593150051171,-2.6862405229743387,0.5462673482737667,-2.3287036105874823,0.2738100574277924,1.0189090952428481,2
-3.116859695076492,-3.4866029268500136,-2.772934017387043,-0.9910777401615949,-2.3859543325457735,-0.38748924800146756,-0.836151251034944,2
-2.447662170319894,1.6668508783283318,4.322859981088641,3.8338372475315063,-2.1569020892378292,-0.34764553007410637,1.4886459395224523,1
-1.9486109090509718,-2.4283875635200323,-0.3017886722470535,0.5573809074571989,-1.4339833675684377,-2.35178379329575,0.6077973614227669,2
-0.9173703818113509,1.509605024144839,3.9194530491482515,4.255972549629053,-0.6564379708166135,0.5176931400069851,-0.8464916706703621,1
-3.9818090756608635,-1.2972687511808871,-2.687910817928135,-0.3841545901723702,-2.9248536147464366,-0.6112065005549395,-0.40942302322188684,2
0.2113750771439212,-0.9379223001560525,0.12636619337823296,1.9722152450746089,0.6709395196616421,0.05203015662197402,1.0068434186001967,0
-2.7628870820335454,0.17228938846755915,3.8753702428323153,3.7112057625891164,-2.6830177933072115,nan,-1.435963168449642,1
1.6889744002331777,-0.17911482894956005,4.0844429015692825,1.6455489565827475,1.2729255766070982,0.2575898832173427,0.3709172004175333,0
-1.9564816908896123,0.26206008324616326,5.518252476961864,3.4087190893051784,-1.189481888907394,0.09893285961992428,0.6173581191552492,1
-2.0852032983627886,-3.8030760659858225,-1.9626514123165857,-0.16471743967152766,-1.8959698728698395,-1.32192478014212,-1.272319887173871,2
-3.383361998929699,-2.9644712245291895,-1.5617889953597206,0.8130571046418514,-2.622381268584306,0.27901948670870286,1.546471174088283,2
-0.18702632129283936,0.2272864571515752,1.296080129607818,-0.35727254175285583,-0.13751059803290094,-1.7933318981189665,-0.8389154471322378,0
-0.34618049359009606,3.2789530161664135,5.422893448759919,1.4369278294011663,-0.2348141241579561,nan,-2.3313772672329542,1
1.0227868412579704,-1.5077283526815166,2.94803432829605,1.8171972649001513,0.6666655464733713,-0.3447516599947087,0.6959807229313184,0
0.32844463693853654,-2.238851322944842,1.9492969596297667,-0.7068765778567335,0.8615411549430876,1.8816966472326757,0.9480995108668469,0
-1.9631647730845057,0.8129311758504607,6.07364649649426,1.034107585446952,-1.416213463164225,1.408059266535013,0.36489508570572665,1
-3.144493377585193,-4.84887273506634,-2.881244362508633,0.017483248901162124,-3.0583143781007074,-1.478128850724713,-0.4346501531339137,2
-2.0848342492095067,-2.5819366726815183,-2.2016642104326953,-1.7769926736420487,-0.8907036544309276,1.073049156390137,-0.7747246825188754,2
-2.0361596774840796,0.8407808296653134,5.515443168717777,3.0580301064022377,-2.1239962399136796,1.5862490391189457,0.68733102549063,1
1.6981697761345766,-1.8910673824871584,-0.06040557801018798,0.9153276327709277,1.1790646232417517,-0.6289520797887664,0.06622358701669051,0
-1.2524879933868334,-5.071914984344256,-1.6775304525668049,-0.11861137242368594,-1.2324230611168172,0.47999291176507936,-0.41976009706416234,2
0.1758922714637452,2.265614157056069,4.85581652820505,3.500451577206974,0.6404811333603903,-0.09716452353062982,-0.8748561409916865,1
-0.27747809899664544,1.4491658300713413,4.785912976422634,3.4244604523572995,-0.9340423931907814,-2.070101339361863,-0.4693856077590608,1
-1.3728005174296487,3.675230072714406,4.29570025586954,4.098916497242367,-1.0984196423114119,0.9150865586091109,2.08693336215384,1
-0.4866227450198939,-0.13293117799143428,0.5764820171532137,1.941529966144103,-0.44352315317719887,-1.1112779476424774,0.8408633481684292,0
-1.475497059312661,-4.325488247881995,-3.393454284244802,2.333718986155304,-1.3537740358772794,-0.946545003882074,-0.38246662358827926,2
2.3133099945077262,-1.571190748013568,1.5448216748005346,-0.2873571412731487,2.1204423857289987,1.4318897976338472,0.269269176438252,0
-2.4509312153872145,0.9020690717714377,4.800566928312448,2.115899106802458,-1.834530267934673,0.09463309950115943,-0.9504088771606475,1
-0.8856348230771436,1.1845247957389526,4.534889537225939,4.719218111630476,-1.218999487663862,-0.69104332331035,-0.17189190937786145,1
1.6655384141769591,-0.3837476795981931,1.8318510821526353,0.7845416313777149,1.3017132911382527,-1.0420889216911582,0.6682477341699794,0
0.15327717412618957,0.6259586366177194,0.953133197825357,-0.08839024164959902,-0.16600345353249213,-1.6755431641512193,0.1421417451409541,0
-2.315051224545,1.0213974591128252,4.600697892628775,2.874308081245333,-1.9715297808433283,-2.393684580988264,-0.06788717236532069,1
-0.8332579822074643,-0.48009728687977493,3.154055934184731,-1.8287176381922317,-0.4491048237722006,-0.46099835604088446,-0.08466821967301343,0
-1.7457421990539286,1.4471441954867295,5.565214852461393,2.737798907598137,-1.680741809627347,-0.4172294361244671,0.31953774156564924,1
-1.858783770981583,1.8784797289552935,4.132973153861014,3.0353109875517674,-1.3756697922554706,-0.2779607828949167,-1.6677802558557182,1
0.12492411228899547,-1.798168553468445,2.8252988136576827,0.7842717224967493,-0.24178599593264066,0.6866016736774853,0.3005668503571411,0
-2.3907377481965617,-5.298745144635507,-1.8154569951932014,0.3548815975007289,nan,1.3434145623194729,0.3550194365334754,2
-0.10761139051632607,-1.918353508371031,2.69288640255606,0.36492009548430165,-0.1042786585592177,0.005874403566756752,-1.775252286330985,0
-1.1695426608802655,0.07389715657572582,2.0554425306548874,3.6507837781407293,-1.3579697189586786,-1.589700940511118,2.58811972929189,1
0.2401067753459364,-1.6778019162308992,1.7174626295460795,-0.03481387831078736,nan,-0.8759062310391442,1.2056933329788098,0
-0.36997889200465517,0.21155392801719813,0.5060557765388896,-1.5829188681841724,-0.1789312947799786,-0.6126989059970457,-0.6065445749747146,0
-4.113293339738745,1.6070118118570724,1.3794753625670007,3.516542558602369,-3.045691090807482,1.3989972123572911,-0.31514315827725803,1
-2.142261532956935,-4.560934494496544,-2.0936423856122195,0.9254039673694167,-1.7492559285386016,-0.9099671197000936,0.18852713152807674,2
-2.380230482246176,1.2575116300900921,6.477536552729922,2.9552645855167654,-2.0058725120456664,1.1932596648536047,-0.6625567956980266,1
-2.1577311408828845,2.0127179231886383,4.862679340182663,3.270863676327607,-2.0984636536534453,-0.618215361022854,-1.1460466763187682,1
0.6469859813935848,-1.1061094217873346,2.2938789512898055,1.3687258191134322,0.5703175790774226,-0.14403693514881577,2.227192442385282,0
-2.232524404075311,-5.5905885851453805,-3.128696842064391,-1.4148283719565742,-1.9105946834641412,0.31635147836677024,-0.8946291804636338,2
-2.1932353996084304,-3.379436778966713,-2.8056693668279697,1.6115190647324003,-1.8218955210988352,-0.03302283381306992,-0.039028766838018425,2
-2.97550990497734,-6.015710113466098,-2.8130300239828383,0.42284945809496843,-2.1333942690365384,0.023175946126149073,-0.10345955352186817,2
0.5359525986906412,-0.49861668706381895,0.8109059982180378,0.7817712758773934,0.5936600924093398,-0.6669325533022425,-0.8357961169759016,0
-3.050515634998175,-5.778646315304889,-1.9715616929159117,0.3051853077624971,-2.3228597156671067,1.3864738361077713,-0.583830574400397,2
-0.9863637490619955,0.9363937904459114,6.9923900163100035,4.379411029472494,-0.3245847742907289,1.2392323587665401,2.327330584241914,1
1.2397822998235695,-2.0175487527506397,0.08082435804593358,0.36120927306821665,1.0389602431570895,-1.3819183644029456,-1.048900277793535,0
-1.618241211193539,-3.179784575516099,-3.1324005372557173,1.8760817980759896,-0.7645529962797466,0.7221900988303258,-0.804969462725224,2
-0.8466705483782514,-1.221143487386794,1.4943803704045675,1.0654423127085249,-1.0181994754852408,-0.4052250666391127,0.417738094349782,0
-2.2852192321964337,2.500207233205043,3.830684818374806,4.888592175322244,-1.9731785010099454,0.3561141903869696,0.7962093040593342,1
0.5613185177361498,-1.0305233621721754,2.2031513695651292,1.1630409235513524,0.49991036829678454,-1.6602943709854634,-1.2297534883569046,0
-0.13587861248619415,nan,3.217579544703486,1.5929958466658878,0.07683783497443797,0.9097443540265723,1.8861228911147288,0
-0.5329334831797983,-0.007462821415298304,4.930835834945196,3.948548852970368,-0.7686931110937313,0.5487129661331468,-1.869589480470264,1
-3.4335463144726406,1.7189462797533823,5.206879150663551,5.189130821899821,-2.5573093574692254,1.6372725701582187,-0.7500664868387906,1
-2.98997104268205,1.198574976777259,7.149916729477298,2.4353172546278294,-2.805123254592168,0.057258702256026764,nan,1
-0.07994103818531395,-0.9566621115303576,0.7434319041748783,1.2282582676842972,-0.46513220957075274,-1.0859181263789144,-1.881778032299306,0
2.8695584328868144,0.18399635838072365,3.1651709369305085,-1.021635130703221,2.4447339930356398,-0.14236179957358908,0.9723131081754532,0
0.186102337577788,-1.2498883415584001,1.0154161240575081,-1.2984634860919346,0.5560755351461029,0.6425321085952411,-0.12900973266500187,0
-1.799460403279884,-5.46580471764427,-1.5048006645892005,0.709028489213465,-1.8803557578646644,-1.3988809974740763,0.29124646214548344,2
0.7584849701364551,-1.551824204563488,3.6701033333460127,nan,0.33897912507619093,-0.940582289121217,-1.2904882163535059,0
-0.8437530470235488,-3.093778234669907,-1.7472545195204998,1.585221583976848,-0.566709635789829,0.3689989898362901,-0.2258257673809798,2
0.7538135098691949,-0.731762899842017,1.574223353316134,0.472538640911866,1.090003438979043,0.22804114461605168,-0.3655420712616834,0
0.5518424520407947,-2.184886898984312,2.50020618102173,1.6539888944922265,0.7818548226674532,0.9294922015156651,0.5768301935256284,0
-2.4039590816537304,nan,3.7813403137713992,3.7678619503493813,-2.139250777186035,-0.38974621970778867,0.19611435340085956,1
-0.6413086237614531,2.486276444283723,5.13842446055748,3.524922073947078,-0.6572815690143132,1.3804592467422168,1.9492726834768634,1
-1.2871619225736455,-0.02147007939045653,4.224443102683194,2.360223493709401,-1.4575430105894647,1.5410919252918476,0.5205528604719422,1
-1.3146993212889728,2.8924455469309764,4.080779701902199,3.393408744858853,-0.7856524620343406,0.9482957448109148,0.37908401143565734,1
0.013097417412933687,1.1803044394180964,4.8792600103882275,3.5518006964570246,-0.0609686331700104,-2.4870956283467613,0.23746795216595307,1
-2.1283439142122065,-6.082021508277159,-1.2975456712095572,0.7570156190816043,-1.7998288549717576,-0.9284045576044799,0.0062961131534783115,2
-4.328908582052042,-2.479536545571279,-2.2836399682820345,-1.2117024079853083,-3.7543185725755164,1.765860398742315,-0.27573504385770353,2
0.327575805205392,0.30375165920694985,1.5742430510580778,0.9841108880994944,0.5342177032478781,-0.2420656125116206,-0.20958920255939575,0
0.2761045804259677,0.4081536210244378,2.1806853755442397,0.8590930025863877,-0.0865867891902784,nan,-0.43200160595762677,0
1.2580632382302674,-0.17755202924987867,2.9247742753966586,0.4022248501066618,0.9253268596088776,nan,-0.6761125677360553,0
0.7922622165708646,0.9998244497406277,1.7700977069924386,0.847985841913375,0.9355887684205804,-0.11080042993619275,-0.9630591785608925,0
-4.717351174698772,-4.504105086014751,-1.384575917764748,0.6019381205033404,-3.721965054462753,0.9157533158780351,1.0197733977554735,2
-3.292365982260885,-4.327540835777625,-2.3644744970947604,0.8398099468400674,-2.346622789348218,-0.2297785054719171,nan,2
-1.293866791955626,0.4891306685388844,6.794384859435808,2.297982587479585,-1.16647012533741,1.1071953879069518,0.7806046304571141,1
-1.4938022040535297,-4.75370913131778,-1.247911548693675,1.805916303987074,-1.6608839356750447,0.0891962533388715,-0.2953687088976504,2
-1.414413038884548,-4.197903059118775,-1.8354553267381457,-0.17772818921773573,-1.104276698192355,0.4154463755382129,-0.050519643257048004,2
-2.7912033785635697,-3.347126735988805,-2.3822294036811678,0.5893943455129207,-2.346033262921256,-0.18678748738696943,0.0754770482253734,2
-0.4040777390763661,1.7791365793851508,3.5636909030040105,2.335000028538057,0.1306241567668599,0.4574129720783035,0.6827898603371436,1
-3.184279759680811,0.2745439662992143,3.752061706798048,3.7904232114093346,-2.302973949083074,1.4196031798518822,2.5077954108408598,1
-2.7842505323361064,0.7521919218938273,2.730868319952063,2.3313788127472272,-2.5781625925257896,1.0243998619716965,-0.2840676295110367,1
0.22034828676634446,-0.36891764536663574,3.432063981024549,0.25504045268691566,-0.420728722688151,-1.0588929245605676,0.5678761819541823,0
1.9906208335490305,-2.3710226340628213,3.288852751363102,0.05770898396202129,1.752524323818448,-1.44148275768233,0.6322713556288962,0
-1.4150681556337708,-3.1849666926622207,-1.6094975759513195,-0.7010637891397996,-0.9648012784444672,0.9549724221396824,0.028018871559618293,2
0.7195252610272406,0.44430580429184746,1.5648590082653,1.014625752719522,0.31306007480821313,0.16143840739686965,nan,0
1.4083964388748065,-0.29894966729666517,1.191403733545121,-0.30390209445364547,0.6708685634975864,0.41563931469108517,-0.37649249810311236,0
-2.0645679617128936,2.1743560281214447,4.413592644627328,2.474085475141923,-1.7002948751845741,1.173574864091124,-0.8401069993729469,1
-0.6486682560371306,1.9659342426018687,5.680062163089632,1.9678572086402142,-0.6047624008707779,-0.011692990880627538,1.7892628897056146,1
-0.8034360025096071,0.11860522361227471,2.4394630084283913,-2.056264423174131,-0.8706622991531112,0.6097273510830807,0.5205702370243235,0
0.6568991189516881,-1.2678266666509777,3.2036083994781546,1.1388121286324329,0.8260046084468213,0.5612671863398947,0.6266894191335399,0
-1.9960820791564728,-5.585480076910375,-1.2729719230663237,-1.930995005542438,-1.9941528571575629,-0.27738020430267996,-2.262125981374804,2
-0.5517349157753484,-2.234778069078432,-0.5164258696621995,-0.5881722886035796,0.10671399737721532,1.5181781364339486,nan,0
0.6284748215812237,-0.8921840240383625,3.3310548327729683,-1.6105955998791543,0.5902064066655722,-0.22766601543160905,-0.18005216920977257,0
-2.613155288686428,0.3354227377970356,4.842270386051013,2.611901574150078,-2.131569502083809,-1.441905247828003,1.6554681857576814,1
-1.9597095211459408,-4.353808535772286,-1.5664764147185315,-2.3417119641578656,-1.7194062536916375,0.02525966469714681,2.6879837176217776,2
-1.8676256482524707,0.3773391948314464,4.5299942871301715,2.446201930069818,-1.6930020102975722,-2.1187246038812635,-2.181452318969874,1
-1.0743139906760144,0.5675273160866025,5.510148853345003,3.6179569247475762,-0.6381307672616265,0.38449704369986304,0.9820203667546691,1
-2.6816759258950578,-4.304381773901871,-2.999636679060472,-1.2664578312125867,-2.036170233632927,-0.24246109808017427,-1.5207035569217868,2
-3.2693700099852654,2.1720249965834464,3.6919937563438157,3.5443576766186964,-2.5548774191089763,0.06271960776054351,-0.6517627153264739,1
-2.380653028511455,1.502769691688091,5.030577667124316,3.613595315493233,-2.148926406676186,-0.035779052857162326,-1.0606813092937943,1
-1.0729924330460001,nan,-3.749180147717559,1.340254762535432,-1.2066519855774112,0.30287919117127643,0.49394005755923504,2
-3.4270597746984652,-4.941382552010564,0.263589647427108,1.0521409330669793,-2.374013208475497,-0.8055840236078069,0.5624901782612138,2
-2.3209660153238647,0.3154977698146684,2.534344462384269,-1.7366129216283959,-2.430556962434755,0.9659667038295775,-1.4002610990121371,0
-1.4336646309327585,-3.3704268401421933,-3.1982717944100916,0.5088918893625246,-1.1607745068572284,-0.914794009455001,0.5952520752658751,2
1.1056926882683165,-1.4123590353445012,1.8696619011663378,1.1393293891809164,1.309476395886521,0.9493474834789122,0.5326079333344982,0
-1.7914654742261944,-4.639710089280962,-3.481838492728456,-0.78822402245545,-1.6440511530464383,0.17243080360247584,1.88514514930308,2
0.8186162066659433,-1.267438363877206,3.6326484798390783,0.23157096474887995,0.5392691530826677,-0.22595699455193105,0.3897654266196039,0
-3.8786919046231647,-7.6907002991779265,-2.151040950728901,0.7764821018470595,-3.4136235416799905,1.7677983802315111,1.6657310216779886,2
0.18447093801971537,-0.7605467199165585,1.4536331773585411,-0.31779291110646524,0.3919357578698702,0.27569607787251615,1.6745853743120982,0
-3.5117547786294,-3.4343202379961486,-2.628318283437601,0.4241459834937088,-2.4900911901285103,1.1968890633274574,-0.3097706240974283,2
-1.4933684422332965,3.5825427533429357,4.316626540281,3.268243360238579,-1.4684231906444516,0.8313493210202705,-1.2183402504924343,1
-0.6921710571923141,2.384679422751816,5.821292921145449,3.2237462856104355,-0.6588929771655921,0.6148514758351558,-1.6956665719401713,1
-1.0780283030100413,-1.1163320965430694,-0.3697190255050886,-1.2834803305663782,-1.3038534235079609,-0.1225517172419702,0.01978034859028299,0
2.5505231973707647,0.41322636411224406,1.7044246631618818,-0.30416952715302914,1.7168641102119884,-0.7008257489431237,-0.6924415833435639,0
-3.4349792910242263,-5.371102611902418,-1.8512208159625934,0.9626283121004252,-3.003309695785077,0.6158183953361034,0.8531926813437086,2
0.27346277736964575,0.7674224337575943,-0.2764137659080057,1.322726800765386,0.5599361472868036,-0.5502815756949866,1.1067608091573453,0
2.3050236566478697,0.18595735548318942,1.492804718250997,-0.08934084159794692,1.6841719055347066,1.8855652150777362,-0.23094095428205919,0
-3.19251123593596,0.3055880229620288,2.7534740764561745,3.5499453108215024,-2.1009202076213676,-0.06491513777654198,0.5252890523355301,1
-2.319692233484681,1.648522851878702,5.173933989367171,3.528253142199179,-1.6400816571746777,1.765698850353397,0.11221451296907581,1
-2.766232806584173,0.32075222957200766,4.724741037130994,2.2711096522653094,-1.9322174769652225,-0.00850991524721808,-0.4487210251707901,1
-1.4434046098175304,1.8752930651449549,4.504317304437537,3.4319718382094035,-0.6671485369813552,0.5667683166273697,0.33413852474426775,1
0.1901595120295374,0.14860332637709045,1.7956194159189423,0.23654389204845866,0.11322004495521466,-0.6111446067039485,nan,0
2.7192210167894704,-1.4150915415627379,1.9864730036349274,0.95614860600013,2.5237139627859455,0.7010659058785703,-0.4230374925330746,0
-0.04062932619862675,-0.18749924393660133,2.40794383219308,0.7960743317974882,0.13719656169938227,0.26014611438805724,0.48228416713956557,0
-1.2126927391157807,3.22293322999419,5.397399082803239,4.092808289974275,-0.4163827263538906,0.08365828104129282,1.1025220692685433,1
-0.8312637700064933,1.5272221289027053,6.397770708842368,2.672754391284272,-0.5064919786038489,-0.2830537119040701,-0.2531182656565801,1
0.3105193283343533,0.21193801984283805,2.2674236970195283,-0.21185848425164444,0.34948948855132594,-0.04059358694394295,0.23513043225813185,0
-2.938985722082984,-4.494064183009748,-3.321726485678604,-0.5401729488667407,-2.631618471258759,-0.19511144413816367,-1.1156049630731435,2
0.12464305570061013,-1.2124546910740874,3.0761273609529365,-0.2175168235370164,0.34355077514681565,-1.3130057539610498,-2.2665533207175788,0
-1.2429606539133453,-0.27613813938500065,4.661520011652578,4.919953950205563,-1.6253288962986197,-1.5400077088752424,-0.3861943864631924,1
-3.1125333259958614,-2.7342330860117077,-0.47375814629727975,0.5417825475749549,-2.4331822567109014,-0.2761884124641053,-0.44274089822415286,2
-2.6279731235038715,-3.696177575808744,-4.316865854484869,0.3274390940083943,-1.9084137867132953,0.45215793367512663,-0.9304300233925479,2
-0.8685118386440769,1.6318484698391813,4.299547852058256,3.70757330882983,-0.38762359634742993,-0.29751821317617405,-0.4933043283207934,1
-2.296144936573237,nan,5.0417387637595,3.165207134023646,-1.7640999210996284,0.5406774753478628,-1.7227137814000046,1
-2.1937594289525637,-0.25290184181872477,5.850748693854905,2.2251849978442726,-1.8547709249849396,1.3909225487801316,-0.3525202399465295,1
-2.650079219140992,1.4340559508071253,4.457455477141308,1.940466023580438,-1.8073114689651821,-1.6215781955090331,0.40256396217326423,1
-2.4112842678047777,1.0205196991287182,5.756889204421714,2.5176754076463945,-1.5303284788574882,1.3495050720392396,-0.40949820395784053,1
-2.829870429801038,1.4691110738860094,4.0206335696154865,2.3733615957978578,-1.967631853714714,0.8542106029985519,1.7276623873351111,1
-1.3899971012518877,1.1047101826471921,nan,4.406290156524452,-1.4457581296051627,-0.9999961610825168,-1.8374466529315199,1
-2.410647595178391,-4.877333942777042,-3.7408313513541955,-1.097319395109514,-2.1789283812891913,-0.04320892763537454,0.3264449032848456,2
-2.346003821145439,0.773266347509751,3.258523583804661,2.899144314230383,-1.7682399151804522,0.21838328566295304,0.6199809685371391,1
0.07639677591336552,-2.1093921767333303,1.6153480250758272,-1.2052628440887458,0.10904109010202458,3.133726441850003,0.8284742933630413,0
-1.2017964385775581,0.6117077190307723,2.808016541099944,-1.7186906244453333,-1.2644080486611589,0.7647254476759997,0.8388796309153229,0
-3.05130951365068,1.1285922487832183,4.0604941409186806,3.2629763108651555,-2.4773751880599746,-1.2483301936893343,nan,1
-1.9285063871529484,1.643804502042819,2.967710597938262,3.2139671323640187,-0.9784763140662813,-1.1024452107418603,-1.2639313406108315,1
-2.174061024573478,-5.745286072206451,-2.0056695668344284,1.2964959519958306,-1.6247085717431142,-0.043365957597148744,-1.0268172369412156,2
-3.010481914155412,-4.151177756446824,-2.2602142639611467,2.8538691967950376,nan,0.961879225430973,1.480348543891437,2
1.4228644364382916,-0.7583217939171558,0.3804656563578943,0.8401770305119236,1.4448082226679901,1.2414370824366794,-0.5657918167873905,0
-2.7398305655604056,-2.6668148556414852,-0.3861212117162265,1.610202886141716,-2.7995033882277442,0.04588546916606056,-0.314279496639428,2
-1.4757150176569904,0.013892134603013195,5.618371038469942,3.300268501856184,-1.6731462049962276,-1.1786972771839141,0.5567553287230991,1
-0.5069394972866641,0.9627681612112964,2.942455512154986,1.5130665171031792,-0.6100486869232501,-0.13056535940153624,-0.02291940509927723,1
-3.574839234988516,-3.4715687744603976,-3.659834004895112,0.11040629812085694,-2.299829619999448,-0.4997840708136096,-0.02407584395548508,2
-0.27307061314967795,0.8911260575247673,2.29910824868162,-0.6035682421813098,-0.5597135328416256,-1.7934908106371035,0.2986336536897934,0
-1.7428709826373365,2.5418313746225807,4.916135494278915,3.5767834644970473,-0.9156125176976608,0.03144632455730387,-0.3230900699558897,1
-1.1078504341596953,0.5234551529603839,2.4063302054994513,1.324459987983071,-1.4063978051295418,-0.3138527674993214,-2.0306267127672974,0
-2.7387461176340433,-5.004638071861491,-0.7698408215484349,-1.0022572836347696,-2.2507170025403833,-0.5046822113235119,-0.8504409802639832,2
-0.3610906419162617,-0.2584108985279361,-0.039709332097059846,0.2620265782458117,-0.6285749383084365,nan,1.648426505878776,0
-1.1335538377898924,-5.56364180888689,-3.730927497386711,-0.28136929928639176,-0.696678225872867,1.3047003385928573,-0.15462248340085605,2
-1.2372953833145712,nan,-3.8550658581566286,1.0643771387735599,-0.8985862714106808,0.1369432302011924,-0.08344866534857577,2
-2.640352206850176,-4.246542215810135,0.5565946685329792,-0.13252426328774256,-1.893883361993459,-0.09120517587603987,1.1633192304025595,2
-3.6582668555593743,2.141783432844248,5.930094174907811,3.430994228022108,-2.5891938029004433,-0.8203361670891789,-1.3167938700978037,1
-1.2755612019292117,1.6752050938742529,5.165125890262926,5.14808585564339,-0.9451739719480875,0.4426829145300611,-0.6686847689073188,1
nan,-4.620642438504017,-1.6957154959977512,1.283164432233288,-3.303373333796716,-0.3722228145441255,0.9318553735009945,2
-1.1896751014240179,-0.3575043837017421,1.9469314208305575,-0.607366069034341,-1.3934499150121087,-0.8574485683329525,0.9740515458221504,0
nan,1.9927937987155122,5.812391639446554,4.387207895034173,-0.49192641121768715,0.9445457469830614,-1.1942506126405041,1
0.7424773017027652,-1.5060191050764173,0.6612721191377957,0.5729199626387799,0.3506556294671206,0.1284272663039539,0.47582991023685745,0
-2.4599972030336947,-5.41163039669234,-2.1538320195512553,-0.3782204341947435,-1.6866394531662956,-0.6251449888706743,-0.2660967908067262,2
-2.0823443748723465,-2.1574167181383537,-2.0355649166962393,0.7393599567582079,-1.5187172601129526,-1.2331191671057946,0.05286085380783607,2
-1.2986117945535849,3.0487523564749406,4.206039041815707,2.2753653389865702,-0.6179851330678434,0.618555518898173,0.1876136656684168,1
-2.2805539177333083,0.2232506646520085,5.404171965077983,3.4079402524250266,-1.8932054600648314,3.217164848625421,-0.44784230224844873,1
-3.957957355312924,-3.8680087415878486,-3.77469471658366,-0.7094915907599629,-2.9239474421799585,0.5682537449177728,0.34879060671594886,2
0.9780928981303314,-2.1024661469056825,3.013095510480445,-0.6906424659520839,0.5465278680127234,0.6908110367113363,-0.4883074405699414,0
-1.6708758818133038,0.06243016004275398,2.94359353001922,-0.027152918590088948,-1.3254322359224548,-1.301632296352075,1.5481605974638128,0
0.7657102328312793,-1.6635010173758809,2.9115838806421777,2.2965664770348053,0.7924470902689751,-1.355624227028336,1.2247399974906459,0
-3.5599744403015423,-5.491880946941262,-2.7119604435198763,1.5281335032313956,-2.166779784940366,-1.2947653139690145,-0.46465098866623117,2
-2.723263714501994,nan,4.031787774621737,2.615960464117361,-1.7867328036246974,-1.4126396221544713,0.5726172455374596,1
-0.2540767271212998,0.16740516130305333,1.8016204016077804,2.352160307475125,-0.9310316041235973,0.531628123813929,0.8465285449160314,0
-2.475035588609264,2.8571108066299034,5.538809535233829,2.358901060361738,-2.445558578876992,1.8740549070560832,0.7797031441192892,1
1.5266989852620396,0.3309883042974268,1.952812211375794,0.1346735833124147,1.090849795478276,-0.25779089114174103,-0.22249614716847663,0
-1.0356784690094059,1.3280170675372798,5.23046479254979,3.894646340917407,-0.5899437690620718,-0.4059927594650039,-0.04039367581465957,1
-1.1395346312476935,-4.863822702867006,-3.0846690416525924,1.4988699703732977,-0.9100597321253948,0.8948754287652034,0.677907219096218,2
-3.12933201229253,-3.0791799505007234,-2.2993617640001696,-0.5516886350873824,-2.649410215005391,2.0152056438970174,2.3954415869966876,2
-1.721341789324002,-3.753667012188583,-0.6989561884758491,-0.8706177035023457,-1.9699586009902061,-0.22556968353873175,1.1769046636967109,2
2.5841040367140637,-0.687409580624698,2.035092201698011,0.411177930619773,2.3098451138793297,0.36636518230298054,0.9641129669292763,0
-1.403267920691173,0.8598544360781348,4.2877797304644645,2.925389471728842,-1.0636773079607673,-1.1150585404277695,-1.5727414338506152,1
-1.020060275269002,-5.911610565667547,-3.1754660649077424,-0.09877125682896537,-0.9815185211731146,0.5179083559011127,-1.4543331272439277,2
-2.618975369463451,-5.703082864700665,-2.952692617323549,-0.39374239276614964,-2.2467223040852264,-0.6527678149990402,0.5273298616308043,2
1.1719165737743626,-0.04063053497743774,3.2227688477411283,-0.22891288143966138,1.0100407264474383,1.9107996342984748,2.0734838218757385,0
-3.040319696258707,2.019130422080585,3.9635507175877804,2.047179829020625,-2.866733249893955,1.5633834785091794,2.381868743906149,1
-2.5668204495776354,1.2813580618927995,2.6023811430693695,2.883503810390907,nan,-0.9745499656354581,-0.9443587586474561,1
1.5311603204320798,-0.9753007732406276,2.940991302985089,1.7676887748036236,1.129169026100085,1.2607158251600716,-0.8742124492616722,0
-2.137508143162968,-4.402147488369505,-2.189187095265228,2.3492492458079215,-1.4310686310389351,0.9018503642697302,-1.7111211265162949,2
-2.156007341597597,-3.826384596150662,-1.2184645930533207,-0.25185812867244217,-2.0202132765634557,-1.0800639075847407,-0.05061524788866015,2
-1.5765103949790613,-6.402966604704363,-1.7468384519274127,0.7561522962690904,-1.6912354287097497,0.7245792079237058,1.6425957185700621,2
0.6002714964445015,-1.1147400291890277,2.065595462059279,1.7404064443838783,0.4393915902973604,-2.0920078769303254,0.1158427421926835,0
-1.2692541240912711,1.7140999418167016,4.437108314654378,2.1642888885707308,-0.8473000389194731,1.2082259953247898,-0.7196135697668686,1
-0.3303739414725493,-0.7914078990020993,2.6573201272139175,1.5409184821261688,-0.5835663685571779,-1.5011290294299384,-0.3396067793745269,0
-4.732550148504991,-5.358932196188187,-2.034872924015145,2.0078000579804085,nan,1.3885269967130485,-0.5279142208304121,2
-3.2685336079367158,0.8225195633265074,5.854519851117811,3.9132801234300896,-2.796999697921668,0.7483418855260079,0.6099476934792986,1
-3.9582443669889464,-0.7647548163565434,3.8255870592419705,1.7156250299635174,-3.342903548130877,0.24287648205791,-0.9473470365983904,1
-1.9815545289560441,2.3810164555959714,4.475638589174233,3.522941158344771,-1.672358161214383,-0.693016579996075,-1.1257317752380922,1
-3.7444815862506764,-5.2485955938066855,-1.538795593212182,0.6678035813078059,-2.9004343720316896,-1.576060452447021,0.26818786753462526,2
1.4376355695181067,0.06665493914883786,3.525127576224982,-1.2298069416504802,1.2927255296117965,-0.7271778606460444,-0.4450043734537091,0
1.6365470287069281,-2.989132937479911,2.8231031852017834,2.535592297072869,1.3187349998125348,-0.3935436955424617,-1.5595174918381862,0
-2.269150013640286,1.7112303444556074,4.413227200515219,2.2244008187788316,-1.6522493182819111,-0.49931265011400805,-1.5333300832303367,1
-2.02746223917959,1.6615199303276325,4.6971084587757765,3.8718003876717684,-1.5507257590445847,-0.2843187245800095,-0.15542618611168046,1
-2.0830380838998326,-0.3736600331895523,5.975595088053314,3.2468987720456655,-1.9691660635613215,0.7886880661934815,-1.1238480330409542,1
-3.7142605479957447,-5.282558367908532,-2.9978367582214904,-0.18340032103930806,-2.6822174125493747,-0.3754979092129901,-1.4301445414943068,2
-1.8115495143870572,0.548047371025098,2.6542800082243456,2.694220144948866,-1.2434851624968184,-0.7117871428336888,-1.0972734920732528,1
-0.8321966068603184,-4.304724106514441,-1.0297403504304767,-1.0144165440742205,-0.7581951383206708,0.4727076336440629,2.651399311497704,2
-2.370575881114799,-4.61203719968161,0.1616835647949295,1.7776659561463806,-2.269340870281509,0.6565431128143034,-0.3099643966137694,2
-3.579199256188008,0.7876247283567503,5.766065652848507,2.1944222219562786,-2.5036942371501283,0.6106566394968627,0.3389330982102222,1
-1.8641455253146928,-0.6178207897379926,2.926219258021884,0.4150182758291559,-1.6279332619839115,0.18680343105100697,-1.021191451856812,0
-2.7483492522921438,-3.1363058129493355,-1.8978714197830124,-0.571999188272352,-2.1168684441742345,-1.3809259114754873,1.4169264122360101,2
0.0196356137390431,-0.8877402388792145,3.098770816262869,0.720142012894941,-0.07676199615739901,-0.08899741764592187,0.7542879945648441,0
-1.1903417477493003,0.054703107418381636,0.9604453784177038,-0.06761711318444252,-1.7544494067999743,-0.6994096441399946,-0.4574423598556026,0
-1.0685474933505146,-6.101396677643201,-2.918628063123778,-0.31772922467129106,nan,-0.15763211172549937,-1.7829720554598392,2
-0.784205030691289,0.7161210147786476,1.6799045670696473,0.38523993514097093,-1.0548541882564115,-0.43571704618506085,-0.06433403379025437,0
-2.651699270627291,-3.567555782681894,-1.7759573512436164,1.2748524187994323,-2.355415467767426,1.143952768013486,nan,2
-2.9415866046847388,0.9332011944103261,5.464375792812979,3.88466321193323,-2.225235769088882,0.41060872332289766,2.1370601535064293,1
-1.2296410148058112,1.4471738427709913,3.79147733299013,3.538466115750128,-1.2668020956758048,-0.7484585293867403,-0.4790416819389268,1
-2.080372607584806,1.6748849909908785,3.8370112228049202,2.3774822024534448,-1.4513181978563738,-0.69482273466345,-1.66546612689053,1
0.17347109397065824,0.49707012905955433,3.490632773871912,-0.4438970872282113,0.29793918459111757,-0.950317593345467,-2.707513084030528,0
0.9986466429834919,-0.07419399349073597,0.3962517407877355,nan,0.6370745842744443,0.4794327203776471,0.7161505280291348,0
-1.0344138524110402,2.1716390303069675,3.578621063523909,3.1785607745523,-1.0434607757328092,-0.04625316082320982,0.11058819343613636,1
-2.8865881778076004,-0.0677436509651903,3.9992562307745754,3.9676905891313723,-2.0459950231416935,0.7441904788517272,1.8314744366066236,1
-3.3676587545017,-4.677773434879603,-3.7598653344652595,-0.1401672277837517,-2.490837818238094,0.45337168595873617,-0.651307400572196,2
-4.59077632010294,-4.445958897889162,-0.13233614770939361,0.060596718826139706,-3.3214757767956837,-0.6642850721884379,1.5495724407523113,2
-0.07829665265565577,0.6508947348927254,1.5258622558013488,1.6304327429615348,0.07251257414841901,-1.1662903027193205,-2.3220058715225957,0
0.5068305112625905,-0.7671149140348055,3.5042133544506813,-0.416497943562423,0.5660818478703006,2.6909904325518217,1.0861391627814772,0
-2.037610057330261,-5.113700801666696,-3.0653004610578636,1.7429006622883996,-1.5994139898553603,-1.8699256910621382,-1.2160620770922024,2
0.2916714200768095,-0.8164271103600409,4.309779214840292,1.0434695364226452,-0.2424927916919386,-0.01941142412594125,-0.742217565596847,0
0.17167162772422206,2.4955469487269535,5.459340349774456,2.5021899301997697,0.5832528949147662,0.292878167256028,-2.599662170651744,1
-1.1274651392676582,-5.047969162280245,-1.258139147545144,0.3336486656488018,-1.116986924192598,0.070183113341024,0.1529932022930505,2
-1.169497686806637,-3.448670340800258,-3.228026261383885,1.1059921869090554,-1.1545407318323662,-0.09136111893255826,1.1615013162827224,2
-2.88267689276287,-3.795411580526638,-1.9015715823300066,-0.06194951298596796,-2.6195731866947654,0.7349001478086814,1.9781367063681283,2
-2.575419424403448,-3.84167123237308,-1.3038524305717036,1.190962347595801,-2.1972463288376645,1.0396730296631391,1.1558347648709624,2
-0.6204667906473132,-0.2629752674462525,3.1736001066226898,3.049707778525318,-0.7228586572804596,-0.6288782571344121,0.1112088406858071,0
0.14967029246263064,-0.5623640467989821,3.769626101490174,-0.14672769095220883,-0.014259141991745411,-1.4681680864827744,-1.4896590032291919,0
-2.2828221949518137,2.8114781896570014,nan,4.061348682818629,-2.7539961387160097,0.32952809350329326,0.16069135268378404,1
-2.3908402773089614,-5.5770955138263565,-2.1255715892811513,0.05133798486144847,-1.3566480321046053,0.8744642695315182,-0.021167886124472388,2
-1.3084673480094464,-0.6349628011946098,2.104907453370109,0.9194345991361921,-0.4772152652398832,-0.5559367860451772,-0.41080676250656256,0
0.16316827700334247,nan,1.7982760368734856,1.8365151131975481,0.23594733504335852,-0.19618969879967083,-0.8107597514477626,0
-0.07333637651597424,-5.238512754515489,-0.949990862447327,0.9910874368280459,0.1621636050816494,-1.0808505255067407,-1.859033340440532,2
1.4409304434230412,-0.6423906483241718,2.392556724308142,0.7755725829889586,0.9117064014127043,-0.4535032379426737,2.2507680436441486,0
-2.2367035055785593,-2.9297618459361217,0.12708358470088532,-0.37401863441740113,-1.8141212091587609,-0.3429432287793634,0.36388638436367643,2
-0.7664501711362736,-1.3977751401647114,3.7208455864079957,0.8635134034084987,-0.6823685906383136,-1.3103206237798555,0.2645475804371861,0
0.5618649595110203,-1.9067903721439468,1.9739055968549037,0.06661745296964339,0.8445984066074015,-1.4783558308660938,-0.0479216480944562,0
-0.7386333144876878,-4.3675723803707935,-1.0515009756173908,-0.26751853745321963,-0.45501936382914465,0.2414650207478394,-3.4790883320921946,2
1.216707573926027,-0.6556643673914573,3.0063509533758634,1.3534082056307504,1.40821250820164,1.7636954804204537,-1.7755804704879328,0
-3.266070610708552,2.59954661383649,6.449460100374718,4.988850258459019,-2.622308725042407,-0.15444052412909606,-0.6435341952619389,1
-2.2575749084318626,-3.4129250106785616,-1.8678599982133441,nan,-1.6583209638736358,0.39267273127229624,1.180362323734209,2
-2.6805213124899807,0.6166718087305765,4.808951015085843,3.3423669846283373,-1.9626473556170374,-1.1755005592052592,0.7413469120737369,1
1.5493320309589969,-1.0619967237999262,3.1074755863450694,-1.253563233452685,0.7909133911934157,-2.4773270262350655,1.295765866771429,0
0.051640591345166964,-0.7158090129405821,3.0757296051545264,2.1446577794649517,0.2622397680291084,-1.171614891162462,0.054456167025090284,0
-3.027958714535966,0.32885840371305464,4.178581443961292,-0.036562540577739444,-2.4613780742288736,0.949177345750286,0.050132516254672396,1
-1.4293432696572008,-4.478276907318652,-0.32170166164108815,-0.8237807194012717,-1.1299627903280034,1.006247451215774,-0.5083766305175591,2
-2.6145925839761786,-5.998343282226527,-4.557048704446708,-0.5862707800711984,-2.11657415922517,-0.008901828420593534,-0.4065762025969154,2
1.6935202355258068,-1.7179323290903126,4.505312971238094,1.1638097851470968,1.827327754853092,-0.0724654163804248,1.9409422071146514,0
-2.2748717895991653,0.7524299951273858,5.763500830011317,2.7450715323339545,-2.110280271813548,-0.5845399395974529,-1.390698753768489,1
0.1544733152906913,1.2521193509297177,3.28269339028871,0.47616109123519545,0.2126317720350446,1.235604988416941,0.2014714271721577,0
-1.9267239075760811,2.8838852511971265,5.567004342468689,4.488291624398109,-1.026345680407669,-0.3586400336978955,-1.5351948656027679,1
-3.917500135264708,-3.7590969145508675,-1.2356357379143725,0.5841500192309932,-3.0612332026093254,-1.548450253818156,0.9116155716102288,2
-1.8792259269658784,-5.825004583303836,-2.2171179869192996,-2.487601737270819,-1.3869559760432275,-1.162835200919347,-0.2319554290120842,2
-1.0884646801887339,0.776016656030009,4.764797785961992,4.32762765693538,-0.32586215402061813,1.4023976548202974,-0.48094386881774176,1
1.441444888450604,-0.5568625808268566,2.994036908572616,-0.4481662470437284,1.363084609911179,0.467631771025324,0.5505760756315555,0
-1.5134258696979486,-3.700669476808855,-2.2176934790717073,-0.9415120401425501,-1.2626602431004033,0.15096165247375876,-0.4632869219842134,2
-2.971597117033867,-4.354040713309152,-2.2086975121151435,-0.6296380568240061,-2.156637003864299,-1.0059231141249474,0.7191656420811336,2
-1.8985401426181259,1.8994892827291556,3.6396138225152828,2.302282385133969,-1.7934581977859647,-0.364204185607894,0.8931989561382909,1
-2.8622063805243223,1.3121612009220882,5.367094037822649,4.592662493902296,-2.0655913725053954,-0.3089348681817178,-0.9220067542792074,1
-2.1204028317224695,-4.8865996560399845,-3.3809784051687597,0.6907003856179019,-1.722611301353563,0.1710035375903642,0.3580871285460309,2
-1.674428479845223,0.9966896853558964,6.179428152466921,2.5322057215636806,-1.1171401937647862,-0.6814686822429,-1.553615746135114,1
1.0565426779720881,-1.5662076843293598,2.613831971799399,0.9035625261406296,0.609079987263386,-1.1748510388956501,-1.1948571841639242,0
-3.6322890555548915,-2.0161467283548786,-0.9320754880254569,-1.4529575385180509,-3.5938679940711977,0.11638732797192206,-0.8685088436684535,2
0.6655853260215023,0.15226652408449642,3.295698125811284,-0.0869906612060749,0.3408789978741652,0.838087033193471,2.167785039799418,0
nan,-5.150538815246888,-2.7976811729818403,-0.07108623691367688,-2.4461441130713526,0.3543268904851132,-1.958953455138227,2
-2.3389242450795193,1.567654363362609,3.643248711379478,3.0769642323303303,-2.2110401749883586,0.23741892866599515,-0.41668851909303517,1
-2.2425843622569026,-3.6657305470170285,-1.293711110860881,1.3767124213656439,-1.229134596635179,0.20981867569577564,-1.0882788827859977,2
-1.8747175991550056,1.0491095792871292,4.493235778796932,2.269005119277622,-1.9056464533141373,0.8185990519020077,0.33166041587933653,1
-2.7291346969957884,-0.4007712771579177,3.519277375945916,3.3638078440795995,-2.9363359765683166,-0.4815870790844876,0.13521361123146158,1
-0.2782308721939959,2.146342280736819,4.664897333920794,2.5436618102805824,-0.17449879756699144,2.2484736151366995,0.4817243347180383,1
-1.3990415914582601,-3.900464360721292,-2.3739928176204574,1.0637322032480638,-1.0052749890565638,-0.11096320556864779,0.0847006150969067,2
-3.584877295767112,-4.2348272625159336,-1.4151925874230238,-1.4965610590334524,-2.7249268085695846,0.6905827558092883,0.7391384002039976,2
-2.1556778661316836,1.0371603017281905,2.9446878115961708,3.370588888603143,-1.1389130764746758,-1.3704138630655645,-0.4500100444119698,1
0.18710440546817708,-1.236497618000816,1.4673654806410705,1.6174695064340057,-0.17367816587769244,0.5811458269433178,-0.31909148509697793,0
-2.9155781452439444,2.443775504830682,4.373373494040092,3.873648243947792,-2.646287577914386,0.4041636000878556,1.0905245073031349,1
-2.9823258923843325,-3.4153712384711086,-2.811816742972056,1.0493465420292931,-2.8409650479158675,-0.291940622672289,0.35031199995712087,2
-1.3154605772891907,-5.40940961321607,-1.48013580625198,-0.5253374470669524,-1.0765429040406567,-0.30110672689165396,-0.14418975434678383,2
-1.349251465387635,-3.692204647005052,-2.74967761271108,0.2767909411725794,nan,1.333863397191646,1.6170890457260794,2
-2.1841439464443377,-5.7261947429219315,-0.3181886787933117,0.07593339261177683,-1.193311227883141,-1.102736914850111,-0.577044142291511,2
1.265117319256422,0.8441408592640263,1.194364991557893,-0.8618921973970165,1.1963371170609463,0.5463148380864863,0.6771511743727554,0
-3.050148257351592,2.0189776479853005,4.3714001189502465,4.3282111521690485,-2.7094257867382905,1.193668566692482,-1.3125688889545772,1
1.3987511107516069,-0.4913233947458608,3.804075952736129,0.7422150531033833,0.38074399786387025,-0.7254430300831687,0.6415863428414786,0
-0.34830062028187125,0.3981017880498809,1.8348978954663482,0.9576724967807376,-0.015051113928206405,-0.974331384650023,nan,0
-0.1331475173268677,0.4920693078936165,2.2424765362148813,0.3176770008187653,-0.09717422265420105,0.8963026896114082,-0.716928971438814,0
-2.3173959153697004,3.2255969678214953,4.543447375508965,4.935360780265429,-2.102209105043986,-0.5080663862741421,-0.7537005237977777,1
-4.792322068991311,1.396247916954536,4.397663381778202,3.7436669423757807,-4.121169190519562,-1.9441011450644465,1.3734937073358162,1
-0.9257008507973113,0.2356481447124188,6.949428003088757,4.403614443976102,-1.0014534519961897,-1.6172107551554042,0.9189231717647378,1
-2.101789748880513,-4.382129505001255,-1.872529742088898,-0.7399678267394157,-1.2256714357946135,0.9471761869035044,-0.36327407804090284,2
-2.7336247165434404,-4.750913587935779,-2.708686539096114,0.9637866400960704,-1.9188470749191717,0.8878657231982716,0.0963006561308474,2
0.12161442384095489,0.020156137849801026,3.3183129119376362,1.148333288764919,-0.22274680266960353,0.3892622513376326,0.6693655217464443,0
-0.48723695840416803,1.1291596343114814,nan,2.6862217381772817,-0.5681126569384964,-1.0404944113258643,0.9599907360504948,1
-3.45343588403918,-4.1182091607681865,-1.874719187873651,-0.08010000442186396,-2.987049487748083,0.9615418643890072,-1.1753379887890716,2
-1.2164000174678362,0.6575956841350826,3.2272437572821127,2.1189017790238367,-0.7481473065488509,-0.893332307357904,-1.7401082532782313,1
nan,1.8077326162816587,5.758214330955338,3.784006254736894,-2.0864311511828344,0.4417432551799515,1.450963394442271,1
-2.413003760068878,0.48433874919507225,2.669505716011256,3.1202995186740226,-2.507178952706042,0.8142168745802754,1.212618182944836,1
2.0164426521193226,-0.6199994877690844,2.952006465531634,0.9243613175531609,1.0284902663866444,0.08995849585033787,0.8985956208621909,0
-1.0908960041840103,2.401521066678547,5.89689247048934,3.3427696584117137,-1.076754278273698,-0.19657416098485953,0.38792186209083246,1
-3.860670943143745,2.346686390145565,4.886841626434743,3.6042365252997333,-2.650680156123143,-0.671013998287529,-0.43859085483161137,1
-1.5339635931196658,0.879709891131684,3.1925752318126213,2.8438229928689127,-1.2682745310885313,-0.4481065415696815,0.771379513320912,1
-0.5392419804531652,1.3575664760385255,4.818451962388478,3.2888920420559784,-0.15370114981590627,1.3560981575500304,0.20097583316929774,1
1.5310199372431783,-1.215546514676959,2.6529287548729146,0.04356939462973419,1.3834843267279937,0.9215569134592335,0.6762917570240754,0
1.5301983893320013,-1.3153759321355756,4.191840548689144,1.06276936949714,1.3652146007729045,-0.4022631059738886,-0.27982324493563454,0
-1.007637635242006,-3.671071411926703,-3.390949631590459,0.583455452030589,-0.6702874374540969,-1.5935260492287542,-1.3161545011386186,2
1.1751168258715812,0.44643761667238374,2.3884824054840252,1.798807827430164,0.8316558040611247,-1.7609288768877627,0.9904930567712876,0
-2.98063267851983,-4.445744627994239,-1.1961698177118756,-0.3388515144509039,-2.2849816046160214,0.7305122199119349,-1.6793250992133724,2
-3.1526832271739713,3.5868435901210853,5.28990408431452,1.968566784376142,-2.605760766843835,0.9875421037719757,-1.1396919649264041,1
-1.1437559368303316,1.3604137758384032,4.393301392194212,3.054735574299483,-1.0761777986587209,-0.6858434376168249,1.0505221238173552,1
-2.218546592277403,-3.4380522145129913,-2.31941220909616,0.45866519940005457,-1.650000095190135,-0.2864101191689859,0.7244063695277505,2
1.165479914818182,0.2719841047767663,1.5292480437411564,-0.5173262182756994,1.117486173552421,1.6019241975689604,-0.6659216704309485,0
-2.1647424218944984,0.3175331185348127,2.942608541656574,3.687524923136839,-1.7629675836499274,0.5962053625542428,0.2728795899510548,1
-1.3501262446232327,-4.136612207492872,-3.0845429107976936,-2.6991405146969885,-0.9716909619535994,1.1795286705444372,-0.1487925817972288,2
-2.380675426988209,-4.321126301242809,-3.732562403698908,1.625029944224386,-1.615308887999045,1.1225431239074009,0.992953009507491,2
-1.5927068411032113,-4.168956559190107,-0.8141291995993805,-0.3507785549884548,-1.2387865538257479,0.02188484388063952,1.9258835102406695,2
1.0424649485873028,-0.4821864117148854,2.4019775637246057,3.048506492685099,1.093012218423978,-0.26751863930663883,0.40870862200697117,0
-1.0417556008064746,-0.10790268523685476,4.222481028982399,4.270801900186112,-0.5012797126963486,-1.5245260095383906,-0.6126821807458075,1
-1.0359524527077282,-1.4734633871172929,1.3269917712747792,0.10725294954313597,-0.5666007044696043,-0.008646543108348373,0.31411768137008006,0
-0.7695441139733075,2.0326382649307284,4.81915503203997,3.763414604411446,-0.9675547449001836,0.26989106504566535,-0.8975382015543687,1
1.7287159382938966,-1.850119699882586,2.319963991308905,0.7862936093966404,1.2722707772520359,0.2737693119122169,0.1472623851708529,0
0.21147553605072997,-1.0314125203957938,3.479869947260955,0.3826712792235664,0.3909584340553067,-0.7746955017763599,1.1099784373407164,0
-0.6568250918894942,2.447365080497464,3.892932621466192,3.2824096519841772,0.10536638441235546,-0.6708439438784068,-1.9660262030440672,1
-2.8011797702137486,-4.5893103996853855,-2.6660075976253,-1.1151133211087303,-2.0525238916887836,0.6815497782310677,-1.385798761066082,2
-1.7656962795557933,-2.005431235173621,1.9370947129632816,1.1103327597215813,-1.3220650794107944,-0.3079317923237178,-0.7926210306517127,0
-3.0305097755516397,1.1406170590829972,4.888572422084786,2.982623217561675,-2.778266213999579,-0.8843775323007791,-0.8952813922538303,1
-3.3836977740240837,0.696330174462412,4.915219169735536,3.294554893097267,-2.536372388448016,-0.8102366475731643,-1.4184060579326832,1
-1.02885930798428,-2.3561920735894413,-0.4167226005062188,0.0021275575844536543,-0.8147882114096524,0.5079892541035609,-1.1413542221922852,2
-0.4902259236497284,-5.465980041399022,-1.7828361578567034,0.7100588433147926,-0.2379785085909598,-1.08641362752629,0.6618764424932928,2
-2.5942454107048554,-4.638177653686862,-2.2603469650372636,0.9266951028148351,-1.705153405704347,-0.9084434398337643,-1.994203076131991,2
0.6857091376334361,-0.06180866477306557,3.3483849216437567,-1.2939279765892402,1.1177449301579467,-0.8191090418586433,1.2109466235615347,0
-1.8618809189699919,1.1650092815974076,2.793315931054284,3.073314843134634,-1.6203501406902636,0.2793981940153488,-0.34054307803232886,1
0.12820857660389257,-1.434388349292333,2.0998616203430958,-0.5212732606466863,0.05851781834583651,-1.890221973949421,0.7363109767529584,0
-0.1781841792197647,0.21362428921874127,1.3173398471012212,-1.0131737402247727,-0.033993369198764084,0.13767523935138296,2.3503921540212933,0
-1.7584356088937025,-3.5568892601270097,-2.287382886974639,-0.8553418981991611,-1.1704341028376202,-0.9159881382906698,-0.495282041474562,2
-3.90678399608126,0.45563724162180086,5.537278232067951,3.218864287811766,-3.3809223898926177,-1.3736135784524426,-0.31556548467995416,1
-0.4588508948187917,0.5834821958490922,3.504825242760629,1.3641193782508112,-0.40959588809483677,-0.24843948500641277,-0.15160842226535523,1
-4.259261291934605,-1.5274938192138585,2.690636805342714,4.742982245086896,-3.043738649254574,1.3798910665755668,0.840532361527738,1
1.1402739678324174,-0.6122783290582363,2.1989479656834514,1.406037500689438,1.1023217165740298,-0.428035153431552,-0.21060144127877284,0
-1.5506400726981333,-5.349395691929657,-2.6445449200465507,-0.8967062977146265,-1.1508590332041901,-0.13947706679786137,-1.4649715460271993,2
0.01640784592967759,0.6335262732085494,nan,-0.07899932481202909,0.17674632377545288,-1.458459207728412,-1.3674504288058593,0
-0.6093113226810042,-2.090056506915382,3.6975059615967503,-0.524579894787311,-0.9204528465087116,-0.35632577371807866,0.3008710781216998,0
-3.006800834862223,-3.3610829909806825,-0.6158447433896066,-0.2873397467994626,-2.393274621706179,nan,-0.5520679425794138,2
-0.7824628075572846,3.838969409547298,6.261200136765453,2.8460363394400785,-0.9534203532657914,-0.9179595480335766,0.3539648840738915,1
-1.337275233920399,-5.160642799605449,-2.3367490282989403,0.49041026246485797,-1.2135358425692024,-0.24916084558843757,1.848528344071152,2
-3.2464541347256333,-5.856291899257118,-2.703924778369548,1.1609227722871898,-3.228731436069543,-0.32790578886486116,-0.5471088250372188,2
-1.7575760716781987,-3.9585199774871453,-2.39492976159893,0.5268729370099569,-1.1839558136200488,0.8077192461423351,2.117045030768598,2
0.34450866771405264,-0.7024905668595653,1.2728262196847036,-0.5602041136551781,-0.1531405482942907,0.2571194190859638,0.2804104970079477,0
-2.5551000029219084,2.0303472169940555,5.189179976696692,4.281426489495242,-2.084460048147584,1.586792548177495,-0.7383265246128479,1
-5.402942239180954,-4.405960755605339,-2.7964354548154597,-2.835539446730761,-4.23112688061581,0.8721480336065255,-0.5297226846144243,2
-0.29667880277768655,0.025237196069494927,2.09279661521308,0.08194575240247914,0.04892248322320869,0.5111878622492798,-0.14772825710931242,0
-2.6143807691970253,-4.0998232197214595,-2.7039505480560275,-0.36190859764041083,-1.8266133620263167,0.382725507599648,-0.5536926598032721,2
-0.4684572005880189,0.8195435128527258,2.698875201178773,-0.8344076125714136,-0.7785087175387775,-0.40469199011022616,1.1332885944479212,0
-0.8980908702627127,0.19754194490023863,2.418167017618503,-0.9854972620193755,-0.8180679503848389,-1.2090770781209523,-1.1341636175782845,0
-3.555015090578002,-0.5851472480793221,5.705917298445049,4.492382008014538,-2.8234433178591307,0.30133801222001433,0.7483144537717459,1
-0.9922921648906045,0.6517977248182756,3.730333514233948,2.5707731496759583,-0.3015446579625213,-2.050965873109851,-0.7604335381637326,1
-4.979332139442025,-3.475890256680919,-1.257821058777726,-0.43870858245246513,-4.047527255682011,-1.3697214844169467,0.3063439812611686,2
-3.393235968529159,-3.6526954256684947,-2.6937190803588145,0.47818416690287524,-3.231529021031706,1.0922390639081008,-1.2698498015307849,2
-3.2518486869003715,3.0133406830459553,4.030863741965384,0.6974425448635642,-2.9070906081137973,0.1224287372378492,2.447514516701353,1
-1.1697531968016461,2.5587377609978765,4.0480958877346795,5.238436620382698,-0.5940834582249797,0.10467364813197635,-0.3428419360767666,1
1.974316182791159,0.16154585000742533,2.1805111666445294,1.346622897790977,1.696361001455753,0.31218119015052714,0.17905737521994178,0
0.5703673376524983,0.32065997724104406,1.9057428128126839,0.21220910248813352,0.5523709927108073,-0.5418092500811655,-0.5633250881661634,0
-2.431267393073764,-3.388263205330712,-2.5532276304537387,-0.7414235190515515,-2.147979763974377,0.2179253690775857,1.2287794618958332,2
-0.5932462354500665,0.5231381001167458,6.2744605625784775,3.1383756610446962,-0.47019079114178974,-1.2194215416397136,-0.043962041001013974,1
-2.5128965869134254,0.4627661155641064,4.890984551553405,3.2748722792163605,-2.1507982799096195,-1.808933870311822,-0.8602249226012632,1
-0.2400582214998963,0.5692830595867064,2.447280811393488,0.6018592101354411,0.29122820956309825,-0.8715054629077033,-0.563600385569794,0
-1.678488563559429,-3.2139642783927362,-1.0961567517621476,0.13158259911880738,-1.3688970306253612,-0.229296694185806,-0.5256671846273359,2
-1.7046521377487471,nan,3.1498758226360923,4.403901567227624,-1.8458190917063384,0.9113876254062098,-0.2096314483926602,1
-0.8645395931580813,0.6542251069225012,2.95403233059241,3.657804067148293,-1.1408626845873644,nan,-0.6540707309910836,1
-2.7704572907080824,-3.8531786823667513,-4.201105101275366,1.1424511681712048,-2.354318095336975,-1.3358804516964446,-0.19624765430958044,2
-0.807983233481131,-5.340636794054886,-3.174931422804069,1.8973522787890733,-0.7068081993787173,-0.4005664821164342,-1.7050912074043285,2
1.191945474963636,-0.3027085644501126,3.3004455363524716,0.04574898239372904,0.7334267519782527,0.8731382264658306,0.11887420429204079,0
-0.15294664835743632,1.13308420140412,1.878771859586777,0.9423757988762846,-0.08705305147737288,0.239337512037994,-0.09478714768506297,0
-3.057887155594186,-6.3798370967166775,-1.2811816308546609,1.1537921034220515,-2.2639671001287742,0.06689754332649153,0.4967203874564951,2
-3.3356054148342693,-2.181789122519691,-0.41276291486386807,-0.458951536681947,-2.4998979507801415,0.10307402823732421,0.6439202618869793,2
-2.6223538812350613,-3.7885764636991763,-1.7732693706115263,-0.636923748401141,-2.0419474706429943,-1.071764326711805,0.1142800377033057,2
-1.6567765513803512,1.5734814798245844,2.1678123606054895,3.330187143218661,-1.3414658852678765,1.216661943890713,-0.4026869620144246,1
0.6221565928445667,-1.4034480016756108,1.998963980160689,1.1660201631787181,0.231747920930385,-1.5096565548585166,-0.24168090714655624,0
-2.6407964001065363,-0.5285262599972045,3.0062818733627066,3.1470454947813424,-2.3640745715515363,0.46854594614399103,0.9507916727726772,1
1.7533654486899977,1.0809815533942753,0.7327818818991398,-0.32632660759128773,1.2418483106758043,0.6801051791246032,-0.45459648933766655,0
0.2675962510521678,0.08742153883382803,1.6812394174465684,0.787189192317164,0.28734750902863204,-0.42563904615980686,0.9191905238237844,0
-3.6249294839449906,-5.845898619626103,-3.1375529311983796,0.34466648731857186,-3.185158232912586,-1.1508184904489493,1.2972061592482071,2
-2.27367997498612,-5.0842738103771605,-2.985038010382908,0.719206467502645,nan,-0.828417125740489,-0.125068954461592,2
-0.2110590663263444,-1.219445294012085,3.164900600750032,-0.082112669584749,-0.29896911601901055,0.7393667765500997,1.0398778670386126,0
-1.316493053798522,0.0033740172122001533,3.6024922724598625,0.1843210459422902,-1.1299424306390546,0.36620778840719187,-0.8483161502389359,0
-1.9212748788649234,-4.161841132110719,-0.449483767356716,-1.6552225065245156,-1.155626677887699,-0.03744434661993369,1.305831695782921,2
-2.345543694861886,1.9988159499097193,4.80631851110312,4.1940358242294975,-1.608559615303517,0.39463055031153715,0.18922078700980233,1
-2.5172590248014637,-3.978661191329539,-1.7578197733392655,0.8923167058672015,-1.1742134147008105,1.17930873900239,1.1166043323309327,2
-1.2734906441082119,1.5512727811942606,5.124510374534991,4.3819597085514586,-0.8211638356716806,0.16181888950274306,-1.1674418213099051,1
-2.7646659492828882,-5.284635867998565,-0.9330948788690088,-0.7072220279891468,-1.8852342272776315,1.0912906334082322,1.069203003745402,2
-1.9493351746767043,-2.1941074476264877,-1.6884034427868868,0.7180588158740342,-1.353077317664204,-2.4614194654581985,0.874786636639994,2
2.719073359849646,-0.9379804636180717,2.463765180569389,1.4373497530147512,1.8909033183089738,0.7387940071491371,-1.068294984919192,0
-1.1368480732217257,1.580070899681049,2.3874801395126606,2.88128629749369,-0.786500673732729,0.9916021734664243,nan,1
-2.031959690246629,-4.123728817623682,nan,0.5502622080498124,-1.380113006977367,-1.7419335727560752,1.1773771577155385,2
-2.9714740081097846,-2.33330175563128,-1.8791435955938276,-0.4051072557146135,-2.9975187314006706,-0.46772909647947847,-1.0304950780940827,2
-3.2561728755142756,-3.960806665972664,-1.5302683386196003,0.5879358526255952,-2.5339593079999707,nan,1.9484083179550316,2
-1.0045719471309273,-1.2940025469345835,4.735105485979561,4.474977937151107,-0.7322085636659884,-0.6180770325100902,0.8422498754100793,1
1.6817748257990708,-0.21584068944169613,1.5963518223757742,-0.23480537200366292,1.4595363408580557,0.40927906953362253,0.6799680028031404,0
-1.0315875326081914,-4.780945946938382,-2.5919170819150716,-2.4723817038025664,-0.6006830631804638,-0.6502193498885487,1.4012537736408246,2
-3.781830598557887,-5.01924976935543,-2.5099387741375327,0.3300432629738016,-2.646563930659008,1.0081497843773886,-0.4883184705624297,2
-2.1331819657197113,-3.6545885621317247,-1.8787861027500583,0.07569257207962606,-1.9301548840536586,-0.33496795084209186,-1.0453549019743045,2
-1.9102077566410813,2.4563681948352496,5.118165774483703,1.622614468907265,-1.7201903555887563,-2.1025394208033217,-0.6138696711762144,1
-2.543507888463993,-4.04567003206151,-1.6300026691870595,-1.4387546889008174,-2.0849002614655245,0.3481862874405513,1.1800180498952633,2
0.26291382439694455,0.069871875210402,1.537303854220542,-0.06905008013753583,-0.18933088275531906,0.05635716808198354,-0.5152513902973678,0
-3.0060793279341804,-3.6292315770140604,-3.1960199880157205,-0.7668469027982479,-2.1120748894290693,-0.5474705153440695,1.4316769720299325,2
-3.6846658031331723,-2.302242546561436,-1.5057766044091494,0.2100423186244993,-2.978895280303943,0.021680921351109175,-1.4944492506419114,2
-2.1067956475311966,-1.96043634408389,-1.9433958927328372,1.8992612407773013,-1.5193289335337758,0.47977752342934005,-1.4642111463499068,2
-3.189860260623173,-5.593746910185738,-2.51187888397687,0.4178581661383155,-1.9528516817930268,-0.49372282328802136,0.2136472872556515,2
1.0557767248982084,-0.5417542363520342,3.411242277149343,1.547745539044862,1.3162308511484744,-0.29011561029676125,-0.2563074045431098,0
2.381998934339661,-0.813137567761214,1.0823076584384912,0.7435950853408038,1.7290560540141873,0.23477295541626872,1.073882351892847,0
0.046251663391014664,-0.16430092828962722,1.4705720475534094,1.0243814096124635,-0.522056671067247,-1.1757086113148172,-0.09717293868811389,0
-1.4643652145578305,-3.637265442554159,-1.3218474966726381,0.7836327779658343,-1.1717721588624284,-0.46035131160274917,0.17750802250497394,2
-1.9096028661522708,-0.5136471757291119,3.8332903515606516,3.6109018780244697,-1.7578763791489957,1.065630341442422,-0.8187395928028947,1
-1.5781875181948608,-6.149290998252841,-0.3455300593273629,0.24803048816231055,-0.9268086580607193,0.9225758765559332,-0.4997361090998676,2
1.59860078134873,-1.2213915660838561,3.586650779452067,-0.4784383019008349,1.284221876129025,0.39326064430352886,2.2528289940456223,0
0.20040317143952158,0.7413158740818467,6.046619226258839,3.181430506884164,0.3165595636614239,0.7202640648034052,0.714387416692094,1
-1.2212341996348144,2.3264081169187554,5.277371997349748,3.572115543189332,-1.4200206194859941,-0.05805824143165384,-0.07840636183735034,1
-2.983419839412245,-3.6756118571832603,-1.5149254720529468,-0.7301748925615374,-2.4149817781461214,-0.955987731399119,-1.2220298199455941,2
0.3352090946262659,-1.7265950999272213,2.416404953344943,-0.11119258176139346,0.17434878928222036,0.8074232589272077,-0.5285475028936263,0
-3.4639108593618233,-5.619603580816201,-1.247931937308303,-0.5924561330624066,-2.541246673793672,0.01461136308100161,-2.036213773793881,2
-2.1122592999943244,-6.716228091844981,-1.5412527167627712,-0.4268424182733268,-2.2284883682273438,0.35696331628233163,0.8553865311956294,2
-0.5730186603837768,0.5351020672729331,5.7830397514198,3.163542406046745,-0.44210966340709423,-0.4049793398306267,-0.3931191721381227,1
-3.179840471432964,-3.5521403946032515,-1.4273048096820715,-0.4028310871379587,-2.3532568229507853,nan,1.375342320842894,2
-2.0768582566390945,nan,-2.872880662562832,0.20650208882590051,-1.528444123906396,-0.19415859752197617,-0.7546443642298329,2
1.864852463206558,-2.5439614633900076,0.6351693915366572,-1.4707097282224515,1.5702250307478292,0.40837615803176447,-0.54959713297417,0
-4.549806001199963,-3.6009850010331395,-2.8226708042349036,-0.7556014169406968,-3.3327159653760847,-2.1765644681569474,-0.24162582508554503,2
-1.4089887943336525,1.8253154044900555,5.199275725734742,4.998459107985972,-1.1219581423780483,-0.4105435658624232,0.5852369049868184,1
-3.213402003835206,-4.723495355608094,-2.8094970574800486,1.2129483657529523,-2.518472746449657,-1.8861532518883801,0.5677666718784178,2
-2.1117944964364157,0.7625144421218784,4.7930722014051055,3.41947877046484,nan,1.0897461826403012,-0.6844354925623043,1
1.2794742059889188,0.4606588925956266,2.0732761036934644,0.04961548053307391,0.9421633604388473,-1.6149727233397166,-0.7572883691332158,0
-3.1239187662751586,-4.75662713253605,0.0801297419764242,0.31405422517111004,-2.423956000559986,-0.6875610137388143,1.7609777643802529,2
-0.20007685422404042,nan,2.0127815165642002,nan,-0.16144225976363322,0.12342036510301148,-0.49018555504814143,0
-2.224527218531678,1.0627552562601177,5.850612784136955,4.804985096349332,-1.3533164506895714,1.8439245051921722,0.8994698652670788,1
-1.7499314733271738,-3.076313091574017,-2.706821308764591,-0.6353313795954304,-1.5207396322937534,-0.48363764838430845,-0.08116968737600806,2
-2.587847628885282,-4.395979448340591,-1.9392025829942816,0.010830087188731824,-1.4569204403551586,-1.0088927916644654,0.2071193156901675,2
0.6607942457288813,0.006613331741454842,1.6780272198325727,1.0728153305446053,0.22416498935395146,1.19574021803192,0.14074274371837445,0
-2.0367953090627062,0.919915241243766,4.508388529763626,4.680980755692726,-1.8885493878126725,-0.22754474578327893,0.04698595952658196,1
1.4307249085912632,0.23444521058963547,2.281858338712806,-1.3383411047563762,0.6418458216321102,-0.060809914411350016,2.6166932924863686,0
-2.1330885947738882,-5.354126695603123,-2.317945604682799,0.038852384642214896,-2.0680597336830036,-0.37745146352716036,0.7054863048013161,2
-2.0654598347431237,0.9735150017016965,4.022477349570461,4.371361671104446,-1.8768508792391438,-1.500702744126815,-1.9113651917835817,1
-1.683385067762828,1.3990935551880772,5.042810904197903,3.734457816357698,-1.310825683253772,-2.1930631642204457,-0.805488212543311,1
-1.9418287349474246,0.6062495124440473,5.08015313395524,3.993011184585111,-0.9150817165148473,-1.6112134565158684,0.3010701728086001,1
-2.7294082592199214,-3.1856631707718366,-3.1500447435018355,0.8238538956288426,-1.9758745413852403,1.2971393927728658,0.4813538379141859,2
-5.0482345081707365,-4.065961270403652,-1.5061539223021638,-0.9220618730921954,-4.553555884363432,-0.8029812746891245,1.233401099443913,2
-2.7384514157383366,0.7354484517913592,3.3662133603646005,4.026581859055796,-2.3934146058667416,1.51391739980173,0.48350592375199875,1
-0.6751820278512695,-5.11980261847424,-1.667275583232092,-0.633992041354191,-1.1067161257236062,-0.500779870287325,-0.14002953839433496,2
-2.379360073571546,-1.1297877192988246,2.4547553736863783,-0.4116527448003464,-2.34707962170705,1.0787526778334144,-0.06260317171212332,0
-2.0215621800080057,2.01825136348068,3.4751360761530767,3.839464661317125,-1.8666899346613026,1.1381284463886379,1.2709183011195482,1
-2.6494809082252004,-4.355796767412192,-0.9439521070250954,0.30523966920585166,-1.9649526618563158,-0.8786057455370747,-1.2385550021231793,2
-3.463581269868228,-4.223449580664755,-2.1592694906321768,0.1392001913473308,-3.0494935191712584,-0.33851534118621984,-0.12409998446112044,2
-0.2908120465343147,0.07994239419787802,4.078669282504241,-1.8218734869069801,-0.7065492066433601,1.6217960690995583,-1.5447704095858341,0
-0.929553494786542,2.9423013872286257,nan,3.8536796804580296,-0.4947237184642733,0.3796347087161745,0.26328265506774257,1
-2.736128161840233,0.880550522242199,5.47670852284637,2.1515376838989075,-2.384102303596351,-0.8219785684020839,0.5355560857747723,1
-2.22003627336803,-3.50451879562706,-2.0928388132853737,0.22201018802678074,-1.9309788010607165,-0.5209397637410211,-1.1232096257224233,2
-2.172118759004567,0.6311531780197023,6.508897130722063,4.556459550101456,-1.8121981014945328,0.8721918551348379,1.3883967945058224,1
-0.9525800061457961,1.0739699874871467,4.494217613098346,4.342235473584797,-0.8160695553463536,1.9195585442176277,0.5610781876512041,1
1.2541893630801857,-1.4703693436608676,2.2878963232819145,0.25429202893940595,0.6842439369207185,0.2965662364931214,1.324726427164451,0
-3.2748773756889444,1.3741595286177322,4.812179406626885,2.8470347283379143,-2.76066543927944,0.16129251400839514,-1.25855048984714,1
-0.3062989743646096,1.3747679178241965,1.9747675139364462,0.32979156616119243,-0.3014564674282212,-1.054029057082668,0.897144655875131,0
nan,0.38307802968089766,5.496111421535214,nan,-1.5809052088706772,0.41103053512135573,-1.6068440135850608,1
-3.2218358429065255,-4.572223297354453,-2.83090717463384,-0.45364033410527327,-2.040378176228214,-0.10043220934103779,0.6354498877563388,2
-1.1750427400256618,0.6194609413538898,4.15174269758673,3.5629138883312144,-0.7397594910605376,-0.884271517384037,1.6555226032476462,1
-2.6975502470388277,-4.089931970584201,-1.3919333310753381,0.5011592091589487,-2.7419388494108863,1.0502397778338541,1.342165981983586,2
-0.2693371346233424,1.262579533161774,4.918476475768265,4.549606529259136,-0.30434174130356606,3.020934865227185,0.711904046748974,1
-1.1017932284700027,-1.5401364025973214,1.9728889906922862,0.7801450238328769,-1.110657862421867,-0.7567726863631994,0.0014507087758582832,0
-1.0509708942203007,0.2588839651296835,4.8111216785440645,2.9323320054405553,-0.6640610139443207,-0.48629420632053394,nan,1
-3.523666346015054,-4.756846268641033,-2.1648830003779724,-0.8396257433773223,-2.6573382303418693,-0.28979851305884163,-0.16753422450798225,2
-1.2899252156392886,-1.1384051271364035,4.676387278660933,4.187699291110383,-1.0987997115525259,-1.1639547794295853,-1.4270881312669021,1
0.6561792987080532,-1.0101682381177552,0.8208131356344304,-0.13119519412406938,0.37327365449546956,nan,2.0593138647192237,0
-2.9133398878635473,-6.076084947401299,-1.901262793920392,0.8353947275322019,-1.9865584981898172,-1.472546402450174,-1.7862008472410162,2
-0.16528283287024437,-0.34198405056882386,3.073164543402727,1.585453436525352,0.03353872434736774,-0.14875107992667008,-0.8386324634992813,0
-0.6689733603714595,0.4936073299298743,2.5311561776586258,0.4885892558454533,nan,1.437793181399095,-0.4679456862516296,0
-0.32628163187552417,-4.505540361069123,-4.389873274276229,0.9371656032844717,0.13494547763322734,0.06971792174209315,-0.7541693611144971,2
0.20050170892535826,-0.5138874910954672,1.2156042498364128,0.5084329414538311,-0.3826223075658599,-0.4385018566474386,0.5349951448583528,0
-1.0095216272963354,-3.3649325930782568,-2.226896024294509,-0.01066868005604188,-1.1258286711665915,-1.0199826715981504,-1.2273827192764912,2
-1.349095816500255,-3.569194308445831,-0.5824066002332693,-0.058250062707684125,-1.127410572100112,1.850553239987341,-0.9866399855306694,2
-2.085401365146099,-4.269253384865521,-1.9776599076110097,0.013032584745666376,-1.5534609379090758,-2.183388951779229,0.3267916864931881,2
-1.9082978029942952,-3.102780275683588,-2.586341362815746,1.157835269780982,-2.1498878535490586,0.14301245356730358,1.2700797526653897,2
-0.1662528126749716,1.031393851921445,2.762427673547859,-0.4673540600388292,0.2985160345421265,0.9889111733468944,0.11367989450382912,0
-3.763769865523048,0.9484509190692396,5.838265133975381,2.2164262254083154,-3.235934406042844,0.2970140834743058,-1.1437275230815855,1
-2.282756424018579,-4.768092612143369,-2.2205279018902995,0.5819043314976398,-1.325203504628064,-0.12949782346186375,-0.36155599225573926,2
-2.7613385412158657,-3.649792121399108,-1.6459448125950307,-0.4497073853516038,-2.2147138863967823,0.8258279346071989,-0.796188194809183,2
-0.24588596740903101,1.334607216766729,3.592884454636908,4.815629866899788,-0.469304373757492,-1.0252232654804376,0.2555142811615749,1
1.9805386471558406,0.15660190425584003,4.562448457742533,-0.40209787809859343,1.7870124227149113,-0.6088652227259219,-0.8463220651750227,0
1.450220363042665,-1.7291225510090213,3.8511013405558305,1.0362075559702961,1.3750275050926435,1.1661113744694014,1.8195438337438494,0
-0.8979262242971133,0.4164393559440871,4.526241126860184,3.3871545447235656,-0.6359097283875993,-1.1686281060095316,0.5647971398618942,1
-2.545633302560677,-4.335998504752062,-1.2836805161202158,1.780539878499921,-2.069940690966007,-0.568781663177114,1.6132729386191331,2
1.8662830406130255,0.37612845529789746,1.1997029697915385,0.27784784220415776,2.28917660118904,0.6649684013945454,nan,0
-3.944330138437045,-3.973603430452679,-0.3862700914419468,0.8813649135021193,-2.7543767043789207,-0.5156103858899159,0.3124062991122729,2
-1.8686251393095863,-4.211724776316135,-2.662613111869419,2.231909745985699,-1.423244335860756,-0.2078127756367031,-0.27948909512897113,2
1.7493963739124818,-0.836916790112127,1.9344599917397411,-0.1924262818150705,1.1543548860085175,-0.8422766596684489,0.4577403799313479,0
-1.4899474298480402,-4.640343110294355,-2.6187194780068324,2.29926252253846,-1.3874520366958834,0.984807188750644,-1.5482017272346247,2
0.15343937398550633,0.7717395837716261,1.1983240020532169,0.13953814383200872,0.07536473277144426,0.013556760915239477,-0.39796503606525563,0
0.27461071976798695,0.6116358002046383,1.875829334513693,1.743177782616049,0.5125332877897406,-1.1631016295907655,0.22732508763769207,0
-2.8799653349116445,-4.636417404057658,-1.145715399535961,-0.896241439619079,-1.842390788199444,1.230009841174842,0.3862302064144574,2
-1.8166832761333531,0.8383395187892346,4.6331438656737145,3.966721677252848,-0.960512010385522,-0.23407692234278363,-1.6551955715073705,1
-2.146127003668953,-3.186354266991258,-1.3198038006509107,-0.3682615955690388,-1.5370588514776595,0.056808478767305305,0.24488188676089095,2
-1.529595339467237,1.0234391134521117,3.5346654356456035,2.8927705871884837,-1.0388654263679635,0.14658580218768474,0.43120344561942325,1
0.9796492997411064,-2.3914792281797848,2.663696611284198,1.6127914054699368,0.8809440720630576,-0.6092198038197573,-1.6077987407809224,0
0.8189088121226606,-1.4360025882796619,3.6009992253379552,0.666431652404831,0.8767341812538316,0.1272585206283345,-0.03982488005488625,0
-1.0746815478240248,-4.934674985316857,-0.706992346246905,-0.6265358693506008,-1.1379800286033472,0.20929240270092705,1.4118348045166187,2
1.6391716297882786,-1.9295339118233008,2.9341782778121868,1.1364685334237892,1.4141614661709205,1.2817176810177566,nan,0
-0.13540981333107904,0.5221281224938839,2.064008366108893,-0.10966585876895357,0.019445055878321973,-0.4932016855338378,0.9159347590909143,0
-1.7624279182185025,1.4928212330980415,6.644046683938537,5.229285780820893,-1.5150849438758032,-0.2529667064997796,0.23488519889415918,1
-1.207367137486917,-5.1272001122139015,-2.468359253532575,-1.2525652045111764,-0.7080833271399669,-1.0197456084030927,-0.47313306687890005,2
-0.7918027233366863,0.22130556137416574,2.432216247014594,-1.7444566817564282,-0.9032415435008151,-0.2970496814910711,-1.095214897340386,0
-1.4771315603922517,-3.69748934784387,-1.1762337642547418,0.5319548333687326,-1.3887369632361222,0.4975804717890385,-1.0351792038272976,2
-4.109526133575851,-3.5218418203795707,-1.5778091199106943,1.2600345851038088,-2.959246912861258,-0.9024644037224427,0.19550790559669837,2
0.7126672033244197,-1.313144157342487,2.9687151690536,0.9555612915905136,0.7203172986345475,-0.41898193338266504,-0.7124311652454288,0
-1.9776863994177802,-4.553022972551858,-2.418585164757938,-1.777334864968631,-1.8222900066637386,0.24323518207437048,-0.22927784243633795,2
-0.6689110005912381,-0.47460543403984157,-0.18708837654012456,-1.163038294398722,-0.4584257687762203,-1.1965575542712599,-0.5337019580712871,0
-2.08453968924129,2.0525917008882546,5.621138758123714,3.7067506810381565,-2.278192659989328,-1.1056379322140069,1.9146393310343999,1
-1.2473515406422337,2.6889287952786236,7.013442769837762,3.6785406885947283,-1.3119773165817994,-1.6401625121501044,1.4989508294311604,1
-0.06149455534057591,-0.2658575116451835,0.9584035715681816,0.20776624942044655,0.21069392932432549,1.065517458521859,0.14342351780523727,0
-0.9633637281539432,2.470661415694184,5.512772015979765,3.5794333909301166,-0.5908499490082887,-0.9794064412221689,-0.37375840263574506,1
-1.2321433925139809,-2.9955158488147635,-1.5305502562919135,-0.4189504902828587,-0.8939646942791506,0.18742860347309676,2.7760621740307743,2
-2.880909384552919,-4.290116373037646,-2.860385936814318,0.8794560331838547,-2.3592886019812283,0.16714069727512956,-1.891650358428345,2
2.813331752076374,-0.9239615721268226,4.552841535265163,-0.5573744083769705,2.1133236714648644,0.16259168179001587,0.3629815601320779,0
-1.6821080494292364,1.306648812502372,4.78215363041602,3.8353566931061995,-1.2902329111757709,-0.39332478504572577,0.06717338285882012,1
-0.4637662019336558,-0.6672841068390607,4.615259756894055,-0.6272561058962893,-0.5316876469182752,0.9033113718926407,-2.74823197906768,0
1.2184022999868154,-0.3072413832445502,3.1674807269019003,0.6998796228557291,1.2114913386422117,-0.6320915879029124,-0.42506220963208957,0
-3.585962040580715,-5.209608967852461,-1.1390579269648793,1.4710440447603232,-2.4404363284879897,1.8475711421555805,nan,2
-0.8453496682170767,1.2297057374717577,4.888419305426284,4.004776802009059,-1.0311670811709446,0.46682384929599985,0.16844070016521923,1
-3.3435553354058367,-3.4957267091408672,-3.7123688059915665,1.6759387157286199,-2.561878020118756,nan,1.508561069206766,2
nan,0.44383132069245007,2.9613009963048875,-1.075306527003712,0.20624169756270752,-0.2541933771378364,-0.7308164919256576,0
0.5260908099345128,-1.0883375054308604,2.5873254306963585,-0.9326918604178033,0.5262729479962308,0.11231301707189623,1.0915298755419875,0
1.422459470956929,0.627021796846696,1.9867667724830658,3.202719674078852,1.2776197411700945,-2.018135029624472,1.0793378578492512,0
-0.7381253271469824,-1.0549117922658588,2.287957599040253,0.18277255505408985,-0.1397069562400789,-0.1476654080263152,-0.06526667785750093,0
-0.18244962588646718,0.7323517627439959,2.3988764205196,-0.30902218460838804,-0.014597704507227666,0.10477598887344414,-0.0025835487788091415,0
-2.297473100888977,-1.328510302105563,6.387248023888527,2.344626168716918,-1.9343297928768495,0.0500115483107388,1.4751330001642835,1
-1.7244904199834143,1.5252679948643642,4.138246408504823,2.6755431551268245,-1.5960906468141123,0.07316539444360028,0.5916159322787359,1
-3.6089109668885286,-6.765269619255581,-1.2862400231696955,0.6368814367927226,-3.044653963305486,1.424831390850189,0.32980838672376467,2
-0.2813187184469357,-0.2828191897648816,1.9108739250902977,-0.09668993527375197,-0.2533699255129492,-0.5327317876334987,-0.10890048605844611,0
-2.103105731783408,2.381020466911547,4.841685231055356,2.22743568376785,-1.5582658397729472,-0.0960914668018534,1.1468187882793448,1
-1.6338998486139207,-5.162262976878614,-1.5508050890655412,0.7499553748146681,-1.7286780624932037,1.4913987915424003,-1.2669652585129019,2
-5.571222439285163,-4.162959303490146,-2.903888897674645,-0.023699216806980034,-3.57960670777862,1.1576922427953122,1.3459096484697317,2
2.3434716266467936,0.030098088907982656,2.2341224955760253,-1.671396451176785,2.2209826095756586,-2.1252605553413884,0.10658523340130653,0
2.076951230570412,-0.5534555053596143,3.2789621663983506,0.40977032205655034,1.2960118772128673,1.2595966153374871,0.8631792404616695,0
0.032127674635310355,-2.0149387102304495,2.695002598450217,-0.6061460683582399,0.30794624394219466,0.523198728002208,-2.2177413819057983,0
-1.2872090640118972,-2.937349233232064,-3.2056022602909335,-1.1111494390145114,-0.7564467743684749,-0.7044012065350367,0.6677981025857663,2
-3.061297067559579,0.5210213718179966,4.46046767053154,2.451029763986333,-2.3856368005457065,-1.1546534108256357,-1.0181954915304592,1
-1.5944291451945336,-0.3178676701943527,0.7528306869870032,-0.8126847799768421,-1.629038746280527,-0.06536438157372697,1.1417993584747497,0
-2.6602963710795855,-5.826653851784766,-1.9979903121098652,0.7764219604351408,-1.740754502378652,-0.5574564773549822,-0.5427881612059089,2
-1.9439030112441962,-3.526397128838406,-1.0225588502731895,0.040712435757996365,-1.6350935663818684,-0.13074458060936728,0.5008105465890754,2
-2.4141252164333666,0.15271093546118242,5.579779017451734,1.8147865875981342,-1.7982474504554702,1.5101626492737537,0.7602179333327997,1
-0.9436408328193949,0.4370193358669362,4.540293609962771,3.6375737920681526,-1.341151188431831,-0.08181285127105901,0.825906395374288,1
-3.5514212891248134,2.019013633151388,3.8974996884866107,2.35671742664126,-2.7719431354058033,0.11766699764819404,0.5238582588458646,1
-0.024156205014859433,-0.388541017695327,3.0908168099314923,1.4252475193562595,-0.4381578602396375,-0.34817506807816145,-1.8014852105324324,0
0.7691611411348704,-0.9037119837954413,2.0628412069684887,0.41120754633304524,0.6601414992924028,0.584553459465916,1.6619763675408932,0
-2.8981665593531383,0.7673684828225033,4.451696427211298,-0.09300647936808426,-2.446557791663211,-1.2219376048817046,2.6930651666853698,1
nan,-5.18253686285105,-0.9112412242892896,0.7259272251925736,-1.9851388348935122,1.0326740397488248,-1.3411682612456433,2
-3.6066487934479405,1.6018111156879973,2.33967651177252,4.843871754018928,-2.7849796283826045,-0.9947632949942027,-0.31545345644445605,1
-2.8412574402181305,1.1221016686026857,5.622302902114696,2.6523111544407456,-2.1857927898896197,-0.4403873290282831,0.3750801319642383,1
0.02346469430780218,-1.557473216666245,3.439488076902419,2.2989522116504473,0.11954112075394743,-1.1068396498007906,-0.8642237378831933,0
0.4701452496537076,-1.0756104922118224,2.370881967899475,0.1711130454931037,0.37412268155642137,-0.22684732613358835,-1.1383176862326305,0
-1.4432610664736067,1.4915885229122847,5.102392168052983,3.6223522738965,-0.9070677409988107,1.1829333504589503,0.03476447495026138,1
-2.4844715922195695,-0.33396277690567566,3.650845673432901,3.2597554812444676,-1.579722015339247,-0.98111468121923,-0.9046447823665944,1
-0.9065513469386537,0.7277732444635426,5.112380672836479,2.503107696062403,-0.9700265929753913,-2.0746989516257894,1.1618869139078605,1
-2.9611114723906584,-4.5485914289577,-0.7432147824035935,-0.045432033069763095,-2.5091386835815253,-0.7450194976505833,-0.6123062043494258,2
0.9601162750201065,-0.6719122009917775,1.9991550844888446,1.7489628871267606,0.5884454142549562,1.2190127487311166,-0.23615677988051856,0
-1.0438008177223708,-1.0116043394413106,5.61811634576054,3.3853699328305344,-0.968662849379462,0.7592009044199303,-1.1987304402124648,1
-3.019136330514373,1.130202498036496,4.24777163943592,3.1207507779331154,-2.3802417017942057,-0.2073987301388206,-0.4487818213963463,1
1.340508605918267,-1.310903658619862,2.400626888201778,0.7756668719353649,1.178113594748711,-0.723904243463632,-1.5416891051939676,0
-2.8014727564163118,-5.090371139127839,-1.08275174724317,0.8995923036535838,-2.2320436568153097,-0.5881745168879745,-1.139367944181437,2
-0.9027923570061486,1.2624635018742774,5.732060783051979,4.988502842036228,-0.610285472552921,-1.9328572294839266,0.7689203623413732,1
-2.90107463893466,-4.905494862720396,-0.895133865787765,0.6032981225011423,-1.726044854283204,-0.07511373195930736,-0.31606436670891563,2
-0.5854418750878805,1.8900208986567053,4.773064737440006,nan,-0.6576679579157341,-0.5626725692435998,0.13940072751094898,1
0.24170381589600157,-0.01728428317175662,2.1265630594024363,-0.29258541715845876,-0.14688288580210318,-1.4991510039050742,-0.4292047453086948,0
-0.9733449157897647,-4.735156581511088,-1.5551146951660322,-1.1330298807939028,-0.3923124550061847,0.8370289506718569,-0.19586939588801328,2
-2.735933032523873,-4.948425997647846,-2.9662532398532595,0.21165633105169432,-2.3667988792253816,-0.4064408767924257,0.09837873319063979,2
-1.5762888327265756,-4.354139596464511,-0.7434310794173586,0.32136837700622056,-0.8760656409447107,0.4709690250301738,0.21800476078291298,2
-2.2276264169472704,1.9746554538340408,4.008619546954132,2.066283103993997,-1.5719504761466085,0.5014133872256564,-0.9232995335524297,1
-1.3220636573539415,0.06265017760167324,4.059795316901738,1.8620195883189845,-0.7004329967524396,nan,1.700795385252751,1
0.9566855981997352,-1.7796384020810985,3.002240327139079,0.38556105758789383,1.1516884353240924,-0.5469129807484315,0.08218010519364916,0
-0.7511009700683632,-1.795315539808254,1.8762500257271488,0.9772838493606044,-0.6812114599458431,0.34566736669381404,1.4218042312844201,0
-1.8630434428184284,-2.0336625342767554,0.08343935833180893,-0.14402392500967318,-1.5680773387735623,-0.2828809685902964,-0.0867812897456655,2
-2.387750674492312,-5.767086361851512,-2.9255408289546287,-1.1709028343274839,-2.042294631892246,0.652726432427525,1.0508872430262732,2
-1.6312241322470964,1.1592115782677548,nan,3.7361919107478028,-1.4817468453159757,-0.34268717655337144,0.8975929754805001,1
-3.4533074845658263,-4.516980128974795,-3.7444262898932457,0.3627492603449274,-2.336804793007025,0.5650555342117194,-0.16576319785233934,2
0.529161362793255,-1.7211319598783337,2.7382572403794923,0.8957045598871335,0.4277702527235169,-0.7528013298257756,0.1556808834222457,0
2.260115275851534,-1.1182823016893093,2.738269271958151,0.43470227821257196,2.1763453335349157,2.206797239202087,-0.40282470755594624,0
-0.014602427089946524,2.4956488867342443,5.290794613669467,3.7684260021142495,-0.3719265664139395,1.5420431610238894,0.6020118568101692,1
-2.346486343239653,0.6373979757560511,3.0949316988000755,2.6044186465918826,-2.040634346166761,-0.3522311488071136,-0.261840298354696,1
0.4204345968284806,-0.38641197400142036,2.04755564379747,2.20418997982623,-0.0026860023066936356,0.26218120468962525,-0.6524219416683402,0
nan,-2.1059490298173977,1.8604744152084005,1.189317706626142,1.3783472656124403,1.783157852411921,-0.5232186966377776,0
0.7883097193129869,0.0045286606144449015,1.427441191239054,0.40540845162539674,1.0650138674506198,2.4198492811880863,-0.17003588827157348,0
0.9780504384858373,1.0655852554097027,4.090938573118791,2.984775715416384,0.31548701488357256,-0.9865917747021042,-1.3873461814525712,1
-2.1712445362688935,2.7017924204795776,4.035640515060094,4.230339268324822,-1.5294796783168478,0.3886929107257228,0.3613140718516528,1
-1.4918581400005506,0.6863147135439361,3.556301156730969,2.662540981005754,-1.5294604670182168,0.1070540750872159,0.8800740077958279,1
1.1761886221560494,-1.484071261755842,5.7233165144870854,1.2888395492148301,1.1719015032438425,0.484346095711433,0.08535678286959218,0
1.2445192882326488,0.6867316917459396,2.54940936584731,1.353006410410606,1.0783669000053833,-1.0655222577560373,1.238022915576718,0
-1.8264554812877347,2.6558491396386907,2.660877076316246,3.4427308050527627,-1.3571594567816792,-0.33103134381441646,-0.7480730904498901,1
-3.175486869013989,0.5118567034592866,5.582341620522367,4.059578752920583,-2.2916590068838953,0.3636935652633071,-0.29170191999550227,1
-2.9975702299739453,-4.975263743538147,-2.917184893107535,0.2391302604767508,-1.993318829066242,-0.7749047409460902,-0.6733118144091071,2
-2.71115695014628,-5.803281542461958,-2.571682705718751,0.7981118139425658,-1.929347227547025,-1.3648350407777199,-1.7447656642178702,2
0.5050477934702584,-0.055487510499751536,2.092693399155718,0.9197181486226877,0.5589793363531187,0.1550105839255547,-1.745084191252055,0
-0.8408292229888069,nan,1.5810319215203203,1.5023108219040715,-0.6819911792924209,0.6952694059231089,2.568974358358235,0
-1.4793622605865844,-4.090061753758286,-1.513733832926232,0.5162607039590503,-1.3092765776624058,0.06153890537080143,-0.482325956378127,2
0.8470023424104383,1.0606447606926777,6.3931747125851786,3.4974848072886227,0.8103527409289495,-0.8283219352803336,-0.665119123361238,1
-2.2104334327834234,-5.242537497338449,-2.4521271415315584,0.8479891083149657,-1.6558514738392354,-0.3190882240589612,-0.7365958574019018,2
-3.0060053750084315,0.9170978508212176,4.4774963531654866,2.7235460103721656,-2.0206832960214136,1.1105203904391943,-0.10540661701881718,1
-1.646547160348348,-3.636012839968147,-2.296699975796747,0.7430030539854067,-1.2900974674481929,0.32011103116925016,-0.46864260682584274,2
-1.157388634358511,1.1343044391897608,3.161481341966738,5.1857533794878234,-0.6512994745595191,-0.6790645163537676,0.9310873007468101,1
-0.6349512553346358,0.5659701683162914,4.48836426498945,1.0989117466242866,-0.6474541111147276,0.2923143827189475,-1.3193083866923632,0
-0.7046185554241842,-4.763971784496486,-2.0102772005197753,1.6826269710228787,-0.9207549934829762,-1.5126900373652004,-0.598214994109755,2
-0.17716492121223815,-1.441021365531003,2.251973882039661,0.6867387447094412,0.032725143515872274,-1.0620832976578953,0.4354194835628429,0
-1.6836182417597962,0.6455469670281301,5.3849089059924165,3.271858378393019,-1.3351646559392583,nan,0.7667293512375203,1
-0.9562455857870865,-0.880269571757107,2.5337276191067115,0.8853370102331541,-0.761303454315875,-0.5305582575476112,0.3426814273973412,0
-1.1781764166275372,-5.30464885712164,-3.337895507514225,0.5300022797547425,-0.8610654804346243,-1.1788040393164674,-0.8370627179998655,2
-3.2906913093791537,1.1189978702431012,4.275717956317209,4.3164798850616855,-2.6494263302948102,-0.5080835777268208,0.8841299046493741,1
-1.3414623971663815,2.0407994911857705,3.705823276670421,1.6625782731549472,-1.1598265396960379,0.26734850348094674,-0.03751782726719897,1
0.805473591386743,-0.04526486753492598,4.205529683315958,0.13732590753485296,0.7115286611288609,0.673483119593435,0.6305356275252352,0
-3.3329126056873974,0.9748660914517825,5.6299857747216775,3.0125448529265246,-2.6613297297285876,-0.11636738399733083,1.3798839585497191,1
-0.3394296699631917,-0.7227950697145535,3.0780518307638123,-0.8670629765713166,0.3288836675694605,-0.056579694944746114,-0.30178664702211605,0
-0.7820954553790703,0.16118655215419714,4.166806535151528,0.1513608275658339,-0.9485751087936258,1.3748217217084824,-0.3634750526499945,0
1.7033640550649105,-1.4424604268352492,nan,-1.2263463774889196,1.4173472373274274,-0.32364965521022226,0.5232354122401561,0
-1.9439074290192466,-5.100732570645356,-1.584117855108939,1.0593194589169643,-1.0386488583553624,-0.6917286944834365,1.280865041013513,2
-2.6437229966032847,-3.4741043112715295,-3.3698011410832107,1.831726562485642,-1.4075900581809313,0.10215442439261806,0.625210509044032,2
-2.712790099125747,0.9238061403628193,4.0113979398669475,3.3908943731365535,-1.7605334036256162,0.13134851395722075,-0.03203823288324865,1
-2.7604467214972344,2.067357478985821,4.809621763527577,6.323556330210086,-2.442339315289362,0.4232251155571742,-0.3764821346407241,1
1.0163620673950857,0.006379126298101001,3.4711135389113394,-0.3213324026943726,0.7686659064532176,2.1329918960324896,0.41827080361536234,0
-2.5839893032802865,0.9399632114501777,2.0375241241983697,3.7521069721842863,-0.9700753536470865,0.910105272240139,1.749677110042339,1
-0.5498129776608404,0.9729343272391382,0.7998521862331036,0.3947703600828735,-0.48850038707112764,-0.7375983762659907,-0.8242474727521334,0
-4.733368679875287,-1.2878707487355265,5.335892642927806,4.017508699640048,-3.5799092764966454,-0.5391260042477742,-0.4600957910847774,1
-0.41513020599920925,0.20259605076808224,2.6005535379408715,2.391051376208478,-0.09687258347114369,0.12026521469068474,0.46848167912726146,0
-0.30793960165889067,-0.6260038187977334,2.84383130224785,0.4075527809054901,-0.15459924512302087,-2.2015860740705837,nan,0
-0.044946072309473895,-3.253487068243777,-2.3733379595521877,1.8487014982290024,-0.12461193725204442,-0.2352770776432773,-0.29227630182526826,2
-2.2196189027900513,-0.22595419949894202,5.375510308246632,3.888891729333606,-1.9798324516897727,0.024756491670827985,-0.10834627721872844,1
-1.961456954553273,1.8975548561820905,2.9863535606257865,2.6740280795229787,-1.6575097033786426,-0.6618595081770902,0.5612331939042872,1
-1.8383801977028962,1.9357484843613437,4.984865903958501,3.9621972810663815,-1.6779906917913727,nan,-0.5143924289338186,1
-2.271123664773441,-5.542825333112731,-2.536961374432519,-0.32195166976295786,-1.354777221202063,0.6046061458421526,1.0577056639700417,2
-1.4306306869290286,2.2877059907609185,3.7853934427025244,2.7756484041406746,-1.5455139135478464,-1.5349234267523586,0.8522881012752533,1
-2.5434278901983043,-3.04436194883668,-1.69286466645106,-0.5258439625759865,-2.1622929651684233,-1.637698452097368,1.38928306693128,2
0.5918461665803101,-1.6268833841308168,3.5329812523223882,1.5864123013126723,0.6377168821181961,0.33260027728207053,-0.20415748417629034,0
nan,-1.0224878301681342,2.19455129881623,-0.44309866168636725,0.8002973221730552,0.7014968637593688,-0.024953895482064985,0
2.141969224348497,-0.6741277687364458,2.5521040695914925,0.9243452718926325,1.7086303085235643,-0.9355213699791751,-0.9782816087108603,0
-0.08477650991576646,0.07641328550882859,2.8489634933420844,-0.05591454425224013,-0.08567118559227915,0.20533267289621718,2.647397511475316,0
0.15530960430277096,-1.022603357826349,3.2014357188033165,1.27355459761878,0.03881302771839448,1.5374206102509012,-1.008949058849073,0
1.0676762465965677,0.32977547173112703,3.0209414710730993,0.8304277765081701,1.0414146306083925,-0.6558570030447234,-1.8330784628350951,0
0.2780330709606518,0.3912878131600985,2.837401447322402,0.9150534433838147,-0.1116652920299385,-1.4810545274341642,-0.11114161091983506,0
-1.3906321298940274,-4.932460973961889,-3.860939306277001,0.2646478832831002,-1.7548008057814801,-1.1115953645344312,nan,2
-1.2243231921353963,1.4426414646198635,5.442845220265579,3.0512518231182137,-0.8603926633423991,-0.7171197703966061,-1.486055319226179,1
1.0340006574636793,-0.64204019649389,nan,nan,0.9808855139323348,-2.2435835159579467,1.5738479613190184,0
-0.41768245866981757,2.947550722491124,4.000304587952379,0.8439531336926875,-0.2794879593189759,1.108678342666285,2.792192911343049,1
-3.389744455146833,1.6599351946765275,5.260741270279187,2.9365926925812462,-2.8906921568988917,-0.3907083866868235,1.829700088930182,1
-0.04387303921761598,-0.16574291584832707,3.1258301072305015,nan,0.014779969726531804,-0.6517240534237202,1.485327719418548,0
-0.09868555496122278,-0.04023222019940764,2.7908689293963116,0.6763704181497059,-0.14602377634049973,0.19571775732933655,0.39576209660245515,0
-3.552280412343488,-3.3130558966388914,-2.261717804541984,-0.670831627128716,nan,0.07614286302886633,-1.2191628664642857,2
-2.2829580705937778,-5.240137071920677,-1.6399201196859727,1.0770748191133854,-1.706451716183968,1.3026923619403086,-0.2458333928471896,2
-2.2525703925372063,3.8726829124285436,4.35782273877079,4.020772971115765,-1.4976168054853163,0.1058975119464008,2.2872834755444567,1
-2.437242780818775,1.752873978790505,3.7491820482666265,3.631599771791513,-1.6371097576937819,0.5038268000505385,-0.09644178519190742,1
2.070117279024222,-1.7566046191850457,0.8404892435322773,-0.420046432307174,2.0026087971173205,0.23660724208504666,-0.19809612340109584,0
-1.7352506229167823,2.086370973271673,4.835256334450106,4.292299143620092,-2.1165358036959026,1.5056898685431994,0.8149492809029812,1
-2.61444178829583,-5.185183111830055,-1.9596241308976892,-0.9681804175826032,-2.1483714608728977,0.782596616199763,1.7842593521384222,2
0.03654100787325587,-0.6551923246809239,0.9761873027466541,1.4676439621068633,0.21241489908408687,-0.8557746971726874,0.1800612013742966,0
-1.32680399754062,-0.3537845433097222,5.361604901890199,2.9747792298205997,-1.0087211103098437,-0.9612259025737405,2.034452840840099,1
-2.286057696599445,1.3434717016828612,4.222872736201567,4.679274797527697,-2.269894930160474,-2.966491702111667,0.2533802762910576,1
-3.2594579464347975,nan,-3.007213647634174,0.2884161676126368,-2.449674264487491,1.3920124899915778,0.10627511837650457,2
-1.7911044748934475,-1.6260178135559906,0.9824557993168106,-1.8955902748523172,-1.744588797933814,0.18583908406895036,-0.17538782076769105,0
-2.18749455831149,0.8134029701759101,4.860588540981617,3.1486068854918465,-1.9716634804434912,1.0159586792401973,-1.3635048466629014,1
-3.5530979348332394,-5.364250698230223,-1.299897201254023,-0.8552269249667387,-2.8664380888921595,-0.6413723899340741,1.5351716961722965,2
1.1895689759556554,-0.2607857718246678,1.6582654157040757,0.4652884841378636,1.117508664546484,-0.5912699475904636,0.9410834990438441,0
-3.2857088749707466,-3.3415202761469924,-3.8319789139121445,-0.036591443618544245,-3.2894197372825906,nan,2.0333965288357843,2
-2.7468286525602292,1.6418686160298537,4.029184189849032,2.7641455047051333,-2.2756210293820995,-2.3846516057597436,0.6703629912254219,1
-2.0506492755641217,-5.2071716467774305,-0.8804894617277281,-0.12793800238359257,-1.4644645626303028,-1.2880691670505828,-0.9079071963566085,2
0.3657079485225801,-0.6716713990836272,0.24900124719265437,-0.010741116549210783,0.40674173470768815,-0.08195998487090843,0.37914097993653284,0
-3.6427374986555794,1.9167050684125844,2.05377801249028,2.2563969939247737,-3.2033875568012835,0.15087763731439363,-1.1407643764693736,1
-2.1391305335097845,-2.7685794321339,-1.3688977074548,-0.09085092888928276,-1.6951736069557335,-0.5553595270892677,-0.5981069939419376,2
-2.8604986047277894,-3.8898857684920864,-1.8503990696379096,-1.4163764483822856,-2.2409553160597424,-1.8272632809637426,0.19681970065328264,2
-0.22796911499283667,2.1224538595437625,5.145236600100852,3.32782495878096,-0.2929017251707263,-1.4247050232426082,0.4511515558147114,1
0.0026048570924182557,0.31801484615749304,1.9860429765657663,0.41971921173566734,0.2914017297473997,-0.45035457984860605,-1.8960340065362802,0
-1.1793171004279568,1.9503738552239593,5.0449765498103005,3.7117460708383097,-0.6058573812664731,1.5317785316540076,-1.0768940530276956,1
-2.9465666246481277,-0.8828114060707033,6.9844655541501215,3.1925623505768823,-2.3456254661890807,-1.6866575742758048,-1.4307558910982596,1
-0.8668067935006644,0.17749735917867565,1.7553954135623604,0.9091581628033487,-0.7741192297050373,0.3390800992601681,-1.0766890920735925,0
nan,-5.510442601231493,-3.1386014906918516,-1.0624561789124585,-1.898208718509045,0.833802650936896,1.472612252934952,2
-1.693811375568807,-5.498614147446719,-2.1387298294095625,0.9471132979383875,-1.1972452446478097,-1.3353780124727188,-1.3271605818511447,2
0.370597451598001,-0.7068244583483172,2.8676620419174808,0.49490243051203564,0.6438351685798653,1.0960984152483635,0.2518965942549541,0
-1.2884066555364062,0.19946756828507178,1.1122608468678117,1.5446448513102902,-0.9273004209239593,-1.6543649376869811,-0.5315585813325344,0
-1.824773749804832,-4.925199048413566,-1.2460651496808963,-1.022164173299898,-1.67948563391554,1.0077507763201339,2.7571684481730085,2
-0.8734162863158248,-6.096469168603935,-1.9591766909453576,0.2684810335150388,nan,-0.23888326185841502,-0.8287937870901826,2
-1.3137637268501194,1.2627487049996426,2.5191255135782433,-1.1129728585838015,-1.1668580837810338,0.18500574194893146,-0.2840955602171243,0
0.3518179318214054,-0.003967757501680325,2.891935780986037,1.1306468710334157,0.3886366979537921,-1.2774139363469574,0.4204634833650797,0
-3.4230685850609546,1.091650972664155,6.33924497602988,3.8943069504869805,-2.9394952914546253,0.01746131704425233,1.7238865084782824,1
-2.038484223104971,1.6293493227285243,3.788601011529397,3.024977127581902,-1.7254568509338877,1.6310779777965112,0.15954741231690064,1
0.44547339836191474,-0.8031505353849149,3.3977193252896303,-0.23124186579728667,0.5260902744240114,1.142296119963295,-0.7237850651480847,0
-1.4061307121060296,-3.6509757648808567,-0.9783976019426912,-1.1754057191926117,-1.3004453313808253,-1.8346098790210488,0.6757359662485742,2
-1.8298370288155128,1.8867122030108048,5.503753017374389,3.126749484396418,-2.304697255682706,0.9728680258076853,2.8111493657892472,1
-3.4597661994726847,2.820414646548155,4.69840968330075,3.728378856202574,nan,-2.3264688915095255,0.143192616889917,1
nan,-1.179780173672212,4.023922731067794,-0.6044181322208114,0.9948476048475131,2.2767924314477024,-1.4076682925692727,0
-0.7843884961724492,0.7998732576585568,4.401311086495183,2.1142572182114128,-0.8385245711185814,0.5861820796232305,-0.3185546489176957,1
0.15674486450047082,0.5249508000494627,1.3124407211764912,0.6715441463884285,-0.2895204033328054,-0.8180849156407782,-0.27312235552699726,0
-1.8330081061419954,-0.03360434891589992,3.609608286971614,3.4356904119740816,-1.374178026608867,0.494805923417434,1.725894003679654,1
-2.877461034377435,-0.12130751696444309,6.119254999454274,1.2422271725272132,-2.425639702994952,-0.783123716965143,1.6616522300749141,1
-2.6220969273696215,-5.373671761707034,-2.2198442108389345,1.8177756344369056,-2.414831514020725,-0.013595467007232784,0.4107603229051249,2
-1.8070914146786512,1.4959308696538418,5.329758459732485,3.307615753590346,-1.6434734688629173,-0.24642220337971885,-0.003432871291770117,1
-0.43595647515780533,1.9158689095803643,5.210817969733609,1.8721260763307157,-0.13284162849841355,-1.244134781367316,2.050351087315804,1
1.317567751202958,-1.3201877446910262,1.5930261537881552,-0.09598621065147284,0.6201855032748935,0.4618320225467998,0.1954327955035947,0
-0.6796666068524304,1.8817319386355975,5.308980705149237,3.6041395339175613,-0.5245722492956378,-0.19384036721649797,-0.6341440996173283,1
-1.2508620500142618,-4.454818869984785,-1.3940486986539182,0.7222352457057554,-0.8871237838982586,2.036610261983288,1.0322165848094729,2
-1.3836215303482726,1.7019742502256638,5.035000955265134,4.133020807004925,-1.007565132906791,-0.2514203972191695,0.18079343072447335,1
-2.5690749073652452,-5.893041070900787,-2.4709056181634863,0.29882110157120134,-2.152509455504957,-0.24839387828515816,0.9048413318552158,2
-1.525149323900399,1.3729943304163965,5.2123289044882135,2.792487982712809,-0.9455068883392165,1.9271556712738336,0.9455782609590182,1
-2.094159491330295,1.7352923537675462,5.068922136295049,3.587584055495485,-1.8090820197494575,0.8021254485545721,1.3320308134130492,1
0.9849975619554348,-1.160696777324877,1.3476042284663707,-0.9061175223701708,0.5598124250232965,1.1479315077561238,-0.2569356847842351,0
-0.4403351370026227,-3.2902469515714605,nan,0.5034436408591235,-0.2986922981801382,-0.15718748194256094,-0.460214546263592,2
-1.8914911738519886,-5.61055721963526,-2.0024214510156364,1.1747660927230603,-1.4987298315660094,-0.8240908639249629,0.08265694937259908,2
-2.9458124205598595,2.419576100791419,4.651687226092993,3.0732282489766813,-2.4438123159554066,-1.2335263250062025,-0.04544295326140801,1
-3.5496417844537778,2.8711329554142964,3.8137786517176524,2.016507741514942,-2.800259520243492,2.4932031486209243,-0.06628471369301815,1
-3.2715712790191165,-3.8461376301527377,-4.696353205497768,1.3228689687261184,-3.2056647635412676,-0.09286190229905394,-1.2869816879728697,2
-4.440529549040525,1.0075348391214027,3.955663234358914,5.005512624275941,-3.2028394216956224,0.14629009371481233,0.008706524782688303,1
-1.4857965913361073,-4.390547090533278,-1.5790014009686555,-0.3555753194718647,-1.519559004703948,2.163258360376883,0.40111487008756724,2
-0.6498734718910659,1.4690374252521838,5.15416302440906,nan,-0.626728782878716,-1.3428099177090231,-0.9318886903311439,1
-1.6196647807611866,-4.255437368394374,-2.0817904236638283,1.9728464689653498,-1.85860768856089,-0.36791177561682,-0.27650242579051243,2
-2.4887597457891153,-2.8748738002056835,-2.7382112316228273,-0.3371186216312896,-2.0251378575399857,1.6606762385826173,0.9702096099350853,2
0.9484762067578966,-1.1046386642039168,2.0004448519019733,-2.2848448011058244,0.3901570426077173,-0.5181982902307962,-1.095652593788651,0
-3.072060120914151,-5.005115419861228,-0.041260929919100686,0.3400078260691757,-1.6313905626323542,-0.8652080804281151,-1.891657795074519,2
0.3405488711750502,-0.3667911358584843,1.218428000270581,0.6546651561423977,0.6245442007023336,-0.36472950480365046,0.5771419710427798,0
-2.004145677163558,-3.57678600592194,-2.9108731752630197,0.6182332849636125,-1.4981933569242127,nan,1.7063158246818095,2
-2.3054538603062307,2.124215957574873,4.852839945820129,2.057384769919355,-2.0760124966464275,-0.5427291140497209,-1.1662046920455411,1
1.2528482744022331,-2.0868262134211246,2.216057289025654,1.1225383067648065,1.0031343766272676,-0.33094691695503053,-0.4975254345207045,0
-1.928480466324446,0.2576670369766558,4.082041083808162,2.815907396235171,-1.7902666542106616,-1.4442729854746381,-0.08160627174143952,1
-1.5958178793148765,-3.8186755965135344,-3.4147071688347643,1.0046380423562564,-1.3167872132751155,-0.5184499264066234,1.4552131734497968,2
-1.6356368073790808,-4.249403556574002,-4.238024949053743,1.0363447705480757,-1.3528325674449881,0.2006589794562038,-1.5070852763350588,2
-1.4827735059858285,2.114827603052503,2.260332081968537,2.6435636116579966,nan,0.12369967533402117,0.26427944510018264,1
-2.315399732638632,-5.283351114956793,0.36178869823263904,-1.1755752499062297,-2.040687768657251,-1.3673573605806952,2.1656135118080666,2
-1.8872047484903354,-3.1304792253003324,-0.37407646390944715,0.8966859814190383,-0.6522216342827061,0.7568237805187013,0.2767622411680232,2
-1.2877611179454793,0.6766200930083033,4.293857147938221,1.1478218368882507,-1.885305079641093,0.5431907235056196,-0.8198810213799673,1
-0.5890261815965036,-0.7386846593667271,2.1111543263308246,1.317117754864105,-0.3919357279902,0.24330170319242458,0.16192281051133528,0
-1.3344355278896436,0.2642322646186457,5.598183087550042,3.6806238089253958,-1.3445188616690849,0.9747010883510507,-0.09762394266622293,1
-3.76815531217553,-0.7952401400042486,4.151664938718535,4.425642569363278,-3.138885900901313,-0.027355236292702,-0.8136208818214605,1
-2.2264755728071783,-3.8221522225015474,-3.050642425355013,0.15516048287743406,-2.060009711627235,-0.06407016946667246,-0.9698665802407294,2
-3.250013327600731,-4.187466647613221,-1.6693807486613665,-1.3931266065905057,-2.649274862962734,-0.6851670605573954,0.7734062520319408,2
-4.281474212046681,-6.622472348081423,-2.136461390830154,1.121540398420345,-3.3841698559879076,-0.8561245631202621,-0.09816154709787864,2
-1.7095749459561926,1.4262686217276301,4.641574538289518,2.513828303899782,-1.0620497173794807,0.2078577472146031,-0.28254604546992945,1
-1.5213469701837727,-3.8371098183183414,-0.8548348663545813,1.8808656218004725,-1.4697019591155502,-1.0880275896559966,-0.4382348023033926,2
-2.2861187288232503,-5.439717738197754,-2.1415233833441403,0.16364293924009757,-1.6624485200695223,1.2964266385849823,1.1137441545790292,2
-3.344958511635077,-5.825445731950519,-1.6786407908715901,-0.022940829910015975,-2.6763536823733967,-0.3540437509139572,-0.9908012843746552,2
-2.3766526117286935,-5.29314485199994,-2.745371551507641,0.04809991953987634,-1.7503281277220875,-1.6647098868274268,-0.05833292094533064,2
-2.578479532034337,0.6384644366786756,2.1314473421560245,4.285882666647042,-1.8983919092331076,-0.3129660524402608,-0.1583323591847263,1
0.4718369966877748,-0.09575189794593952,2.345715927375926,-0.33554876348995,0.5079847937366422,-0.41073418869970274,1.46527073497874,0
-0.6028199066098354,1.8357794081715744,5.0730135574842095,3.2398129578404093,-0.20940055071750252,0.868789579968978,0.7796828115886293,1
-2.293536039517973,-3.8192671369981968,-2.3403573664073676,0.12305395449529571,-2.0848428846479017,1.717254153695491,-0.1994521656205255,2
-3.4667095525960514,1.726536542561682,4.9639640301979595,4.042204067425139,-3.077732988400294,-1.2660190683624106,-0.1962003692766948,1
-4.147376295035853,-4.189056817677874,-2.254516164913622,-0.680136884549333,-3.454520370021447,-0.9291012691701575,-0.6077476981285581,2
-2.9151853559276666,-4.907197367659546,-2.682659878051698,0.8921479589677151,-2.203313935147394,nan,0.8008157649250498,2
-2.25957301506066,-3.7953248903691605,-1.536394964399276,-0.20847111959824652,-2.0257759089771095,0.14567118307109245,-1.000746730283408,2
-2.2328124544311314,0.3743395519903242,5.003566409826482,2.200497281172272,nan,0.44632251073151763,-3.157887901219945,1
-1.730623472345434,-3.5333262348551813,-2.0545185774270665,-0.8156913009055511,-1.3192345715097533,1.118336618525151,1.4718747444034979,2
-2.040025873112215,-4.610555556298291,-1.2743152892979541,-0.55890267770425,-1.8246772027200968,0.2231737437701903,0.19501071956411214,2
-1.4414914095322993,0.06572531112514901,5.223305293958315,3.66121913708363,-1.1755414426105841,-0.05437036285608077,-0.53861351801351,1
-1.1405232649908346,0.7027982044419008,5.206382802241177,2.9866823835413627,-0.8167065088742839,0.7141461258316659,-0.6325410338528472,1
-2.5796296131139504,0.3847856294431483,4.066524531764672,2.849946631080397,-1.7480906180230211,-2.524227271763329,0.07795744346639594,1
2.0177533201688123,-0.41680781386801724,2.346156454160438,0.8470333007850919,1.310609826537623,1.7566462477384845,0.5907836205183169,0
1.0518534471568945,-0.9217582231233725,2.06490629382893,1.705193325337743,0.6461821704721448,-0.22127472663339745,0.9131020914658187,0
-2.3186098093172807,0.8492160904037349,3.2976996509692817,4.346013974318331,-1.624367899960409,-0.8180281316815364,-0.10429798870008809,1
-1.3854351853118734,-0.07096370274342956,3.4501692804159343,2.861831663582804,-1.2954635596442567,0.4199342421012473,0.5897852056576707,1
nan,-1.4923761173240915,4.668069702018489,0.40363607361307696,1.9793822911028045,-1.577969082946923,1.2426552161464546,0
-3.381707428251995,-5.5672740875270765,-1.2924677816873098,-1.3409270083107028,-2.762581010527439,-0.8682044618874842,-0.09336784240559486,2
-2.156376896215463,1.8989946627264265,3.204793062231709,3.415627394882282,-1.933733911806266,0.6860280781476668,0.18082072087785198,1
-0.7440132346479823,0.451868839868295,1.3801998804237032,0.9137246757280784,-0.6632260206120244,-1.2643804249382913,-0.11872106248006752,0
-1.093530338352926,-3.8224009310931852,-2.2788839718785026,0.10649217180274353,-1.1513025753066681,-1.7284563190908635,-0.7921107676207613,2
-2.7419374976165174,1.1807441360241218,5.564241010282553,4.021497889098564,-2.024749531269601,0.009198446298190655,-1.8334195376564353,1
-0.6025599456116121,0.9355484489980599,1.3137555875047857,-0.7983367346784577,-0.8767023405227174,0.035228920754647564,-0.3566393555279517,0
-1.8339649580859578,2.179828894904629,4.916853646090383,1.1246706641002762,-1.4310219780881042,-0.29044889918991096,0.2707467343371591,1
-1.3511038079781814,0.4370926028384434,4.593890899506479,3.9999905678454217,nan,1.6671278588317278,-0.5545700072120745,1
1.947567128732199,-0.6384247285001964,2.114535768892553,0.3816336973712897,1.8512834568319232,0.5269947377988619,-0.5043940424871324,0
-1.1106577345761937,-0.22950179608195964,3.7914950400191527,1.2172515193625024,-1.0090764943503217,1.241974469931338,0.8214443499434784,1
-1.1186273330631096,-4.400159497687743,-2.585348554048933,1.2240352271891646,-0.5543460874788211,0.48328283406606415,-1.3819530054905758,2
-3.048019698821476,-4.492964946098911,-1.3080951628660167,-0.30485737717630257,-2.7881227903448957,-1.7292679235838744,0.4218772113675793,2
1.4791458870902292,0.5581380706345815,2.0213678321381816,0.3717239026014976,1.1687894988015948,-0.7052326144070904,-0.299470566401447,0
-1.9441554640887202,-5.006540481139874,-3.5133368837361734,0.3865819967017501,-1.4773512303826706,-0.11420362446206599,-0.14708320147210738,2
-3.064643627433389,-5.080878625614927,-2.5654555382845508,-0.8460629670809872,-2.5752709486779928,-0.6285226254354539,0.868494178345782,2
-2.3725673179903106,-0.7778181535236011,5.534866978524434,3.2142193021988295,-2.1423150326844373,-1.7075254116834526,-1.4730547829761598,1
-2.5982741415456716,0.5614679613727257,5.083935949840959,3.234080492356641,-2.1608305874816893,0.7638899318624794,0.26886248143586805,1
-2.3554508326192543,-6.077320656064256,-3.3045850746822554,0.6619777888581265,-1.6550680077116289,1.1838457226480905,-0.2576091083298536,2
-1.78159053449671,3.2854847590708154,3.9909437745525214,3.8972387602890732,-1.294632827374226,-0.4783989302853858,0.9492835429554739,1
-3.2943639532662434,-0.3556107486160427,3.978245452308795,2.457089691684653,-2.6668531024086426,-0.7894698380577133,2.1171765412465753,1
-2.733286217078666,1.452997568874149,4.464451726749232,3.1876306595843635,-2.95257114163174,-0.7949375763664613,-0.06543374115439476,1
-1.2416450222488395,-4.2068800631722185,-3.5880111212970793,0.9947362752751023,-0.7087759212673131,-1.211886638242645,-0.2701361360708205,2
-1.2136039553430504,0.6439423709634727,5.309688893107631,3.9594144531637996,-0.5837351554647046,-0.8014250307955151,0.46868949694151224,1
-3.048671658364925,-4.765297943479683,-1.3039546104352109,-1.370248385898294,-2.5894275706576453,-0.024414683104424455,-2.0045816849458764,2
-2.182216068222363,-0.07670397735937873,3.0631225672634956,3.6235116248013894,-2.0464736275316064,-1.8490257287411878,-0.6540201268152869,1
0.8328270807214382,3.9161397789351557,6.790426945033472,3.1761202129365524,nan,-2.153706215077767,-1.2462420350853272,1
-3.5555685412445057,3.1198626668804064,3.7084126425281108,5.014741172888514,-2.8274594895934673,-0.5531802210531751,0.5803909033886725,1
0.25072147198089334,-0.5578062470597857,2.436199098945136,0.6096477087387493,-0.0042327601994939235,-0.7888328442679905,-0.2654457297440247,0
-1.4888731702437867,-0.7180090053293267,5.329622919359079,3.120540139741087,-1.0067265246590855,-1.187183744846808,-0.17774434039151343,1
-1.4262550368238238,1.1908189626810515,4.114787760479617,4.136711659924727,-1.5370927011546067,-0.41687546946913795,1.4866468178348713,1
-1.9228464973341965,-3.9065192714176877,-1.9188733395003645,-0.7338714648917016,-1.9136207577246314,0.7341648121790694,-0.4776292161821295,2
0.529169844417551,nan,3.1267833020115905,-1.2882745672915354,-0.0775648558236306,0.469504665961322,0.3995291450049296,0
-3.1437945191714443,-7.667909731000106,-3.4750286387629603,0.031094285805505495,-2.7905625321693788,-0.05267154878851444,1.477580026747482,2
-3.000348825717286,-5.001963085758548,-0.643999582575296,0.04695794161362943,-2.6379958915578094,nan,3.0169587749162705,2
-0.3561135917801427,-1.0836571691400985,2.8406452957624673,-0.10850830406582124,-0.011229751725237214,1.4009740522330332,-0.3582224790501771,0
-2.498923681790219,1.8697118796697079,4.5083684501216394,2.3461557167338754,-2.242958701605706,-2.2673218529200754,-0.39542797640875493,1
-1.809792481078946,-4.164492501620237,-2.1471552806650096,1.0499305608545637,-1.5261720320641314,-0.8016485455325979,-0.7438956017754924,2
-1.0392308522384388,-3.606044568191025,-1.5828289065136825,-0.1159291289364636,-1.105472797882216,0.5347198370065348,0.6634840047643771,2
-3.2689423209327013,-2.8219440582455397,-2.5286995973487127,-0.1183806723960221,-2.3708249375481083,-0.7271034715139687,0.32037863838699426,2
1.2088392952596192,0.4244787757469943,2.570653175511865,1.0666878412434175,0.7962880528780641,0.19452658163943579,0.7179766739584348,0
-1.203104567214634,1.2923845047569673,4.853414820792021,4.526890434946413,-0.7915403686759135,0.1034963409387367,0.5262795413725119,1
-1.1899804602995663,1.9194471356842966,3.1857176948389023,3.3406496494757567,nan,-0.34400429458491333,-0.959009596437853,1
-1.3745796365208207,-0.2704889233159873,5.319912464631196,3.26711732585099,-0.7345154168324295,-1.2802303592511106,-0.18408856231020335,1
-1.5746378343537837,0.7305904062955166,2.662832229503094,2.451401839561095,-1.503429050876165,0.871653319613368,0.8502347974385619,1
-1.4512870125247281,-0.06617004640568203,5.180550212025285,2.7699981507606557,-1.325356593706952,0.09303112860718221,0.17508485285872663,1
-2.5412349778445553,1.47697903739418,5.605266674113078,3.3837228762274307,-2.083163293808733,-0.06598653511284709,0.7072592206551038,1
1.3020401204379732,-1.9138228946775058,3.876983475100492,0.552785000084119,0.9739355729188995,0.3908719208978521,0.3854065739124904,0
-0.5705760627296259,2.140552679030394,4.425337325426741,5.003206514912626,-0.45634597199032806,0.820286322225993,0.7352302238024427,1
-3.0820726745175424,-3.8324007508563622,-0.038673446644792886,-1.2775201549976956,-2.5864430814213066,nan,0.3638392802189799,2
-1.822025625230605,3.0199949955715284,6.633480242778582,1.8208134405535754,-1.086778087141309,0.11629633469552113,1.3504478123181896,1
-2.8164863490856256,-4.345696903906397,-2.677323017559381,-0.8602363639819759,-1.8865935904111075,-0.5366174244047202,-1.3029750906434456,2
1.3586223470885899,1.0221802629149108,1.789034838996336,1.0995171360603182,1.2404411105134603,nan,-1.0731978775222664,0
1.4435683271422919,0.7141480664814255,1.8907211301086142,-0.32530643914762547,0.9365626202570487,0.6586670256075544,-0.21802971743905458,0
-2.1941849569582157,3.0108369604156024,4.466774991286773,2.5431223468892443,-2.0715872158448363,-0.20071604917831787,0.7609850162081969,1
-0.7034572461548917,0.16588286049067008,2.675221507276243,-0.49455406509817634,-0.4707183494785728,-0.6306349012018276,0.25736222269433845,0
1.0195968676285103,-1.1305528086388075,1.7796268308660645,0.17139604619060908,0.693956075659693,-0.1736714517093169,0.39777287047479226,0
-3.490983340623769,0.595608930992058,3.2158967951571746,3.507592962546946,-2.50907624702928,0.60623456000042,-1.0987557109714226,1
-0.6408762439795055,2.8837768450822754,5.683669375242009,4.6357606972112135,-0.8931517439840271,0.07645123534031084,-0.2927140748264305,1
-2.0854421811697197,2.2284226263736797,5.892356640322506,1.327970403402286,-1.5627745526410357,-2.218185321989161,-0.3152927721294228,1
-2.4281971420426327,1.3135849621591897,7.357550259865829,3.7517697818558027,-1.7106363346663973,1.2458943578728783,-1.843903260059273,1
-4.692225448088731,-5.19125336288507,-0.87486598701027,0.891966871931272,-3.8739915772683906,-0.11658222311559426,0.9719501662440756,2
1.087671581800496,nan,3.3341437722474065,-0.835623524964508,0.5781588545866279,0.21356148053203447,0.36992592179815953,0
-2.763408566079834,-5.748201418940465,-2.291970885261734,-2.1747798623202668,-2.4879590533054525,-0.07234673929745117,1.3062495633163853,2
1.2323691001856165,-0.14419620925849774,3.4675645837179374,3.281571932480395,0.8367153455302405,0.31939043851952614,0.7794551139037305,0
nan,-5.3282952300055175,-1.9433363602546032,1.3612023198396466,-1.602437431276868,-0.2074868248885668,nan,2
-1.7483260201936524,-4.156623705268164,-4.345026539139548,1.0084913062713146,-1.6692092740997393,-1.7814794313899371,0.2768032486965667,2
-3.2489315404400143,-5.979327741824559,-1.8850555995333624,1.2197599561479353,-2.627725316071436,0.813860519156854,-0.7206058695570283,2
-3.1577395532067922,-5.09503127815832,-3.3784684703293046,0.7763159434263317,-2.3700298364815438,-0.6136613276185381,-0.27311290550464146,2
-3.294686703200913,0.07677742442489222,3.6845217059170174,3.661010713668274,-2.3897533884986775,0.06667812577716423,-1.3149262917317932,1
-0.5000413910049091,0.5728967427638628,3.6087572535329766,2.967031193350974,nan,-0.24671373362871857,-0.3262066649211541,1
0.7433962911296136,0.34774490727176316,2.511772539276649,-1.0507336569645394,0.10298453556391379,1.9471352691430153,0.7855122434727702,0
-3.715142596307809,-5.295955693608227,nan,0.619442866160793,-2.958019462242119,-1.783661303743522,0.2484512028187501,2
1.8055433052696093,-0.7565623034401088,2.621435980810867,1.4193422780009999,1.7380069561657998,-0.3900765979953872,1.4540315470458327,0
-0.827888323762224,-1.0457167922211767,2.801403662123401,0.37764782369339944,-0.3565373903904432,1.1937716454649219,-1.2740755439525098,0
-2.4888082835497984,-1.888535595703855,1.9836213654975905,0.2248798827917005,-1.8173645808024594,0.9724280759174765,0.7926308324191388,0
-3.3965827064781546,-3.4315961231243888,-2.5135029431389855,1.558094736840792,-2.5754035042791106,0.7504733010558634,0.08821349985969444,2
-2.957698008215791,-5.865605414712002,-2.638255461033774,0.5176541124372311,-3.025375227906911,-1.2070494686257565,-1.0230843438643658,2
-3.168880247258366,4.193309373202627,2.681464353308387,3.592648586955746,-2.4042233205190184,nan,-1.1193009355331465,1
-0.5087826673731166,-4.01270603708998,-2.845941659689647,-1.9885064396059,-0.7294898370115992,-1.3207945174336515,-0.014703791725797348,2
-2.014775794918928,2.683658474885396,3.289429846242843,3.948249300207218,-1.7016494704645906,1.9241314211391567,-0.3812016887843263,1
-0.9916659755781216,-3.5770840893777924,-1.2190212134819296,0.1350635983991875,-1.014725256226488,-0.7031143126283456,-0.7253759442004696,2
-1.2954718273426207,0.2919531339612721,4.970028067335304,3.1455505976986884,-1.3010282360773933,1.3716935000014387,0.11797201638417514,1
-4.012050261648943,nan,-4.529328161027059,-0.14814027854855152,-3.320200277858546,0.30662137775374265,nan,2
-0.3043687765278297,-0.6280907767744481,1.3415814051635881,1.2673680549398507,-0.5561686624159994,-1.2682601713371542,0.29543345504414403,0
-2.4428414603389736,-4.39232918233648,-2.6233734920882643,0.7305326754286479,-1.9370089115228577,-1.8010770028264174,0.1912342876906779,2
1.4722554747842476,-0.47826405555352935,1.4307194978582136,-0.06120030795670445,1.2426386721290203,1.0752826642977025,0.459923281440713,0
-1.5241817395942876,-0.4369111670555037,4.482344378049762,3.241248241071546,-1.928041533707197,-0.06455932788882245,-0.2557170934132206,1
0.20249384070858398,0.9363409563217562,2.0651329333320048,-0.15465740307478837,0.10256075843206805,1.3832829892871743,0.3125882824946787,0
-2.7667151490757593,-4.682817395877265,-3.8426009027549894,2.1940981871187426,-1.9570498936464364,1.7038158005751034,0.0006409535851348522,2
-1.6205438437976607,-4.475875569520026,-2.974821348416718,-1.0118568725737191,-1.8488239770635924,0.9217284055808187,0.11112513654728576,2
0.34451388584439163,-1.273227285979483,1.7476745209651308,1.509965473504887,0.5902539877874688,2.1209247105099442,0.32517725524699526,0
-2.8307016453077294,nan,-1.1172841736027845,-0.38933190231172776,-2.7411450359368383,1.721029602303488,-1.0335271726679949,2
0.5065923740907254,-0.834686075340207,3.9790941239244595,-1.3077451498319572,0.2648067000008235,-0.5563208464323091,-0.9375015027218719,0
-2.5322541590168943,-4.54129587423204,-3.8317991419469086,0.44600500358547457,-2.2097575771022884,1.1159222929208252,-0.45984368120613567,2
-0.44926782127369114,2.3546520379833376,5.559057506905356,3.3436943733599,-0.43218223696413394,0.4878252834596841,0.6392005213772745,1
-3.9734727043994544,-4.005899764224767,-3.494748247952515,0.04249717655330493,-3.6786417080558653,1.264976283516127,0.36781367058028663,2
nan,-5.09851487960754,-2.8764766664159183,-1.2044393107832816,-0.8954737239908043,0.19407783224385536,0.572259301492175,2
-0.36599458992710776,-1.6784170494169028,2.72299434912711,1.1812102688284727,-0.19106515500572735,-0.46237447104466944,-1.9824774165828234,0
-4.812869771796322,1.5945557295228494,2.931482827496626,4.504225754465246,nan,0.14700990721393645,-0.30203515192709296,1
0.5785584990237407,0.1259749099890592,2.690898472776413,0.6388361471282176,0.17043258805777634,-0.025886209311029446,-1.6032739906378486,0
-2.4692012724764925,-3.528103571538956,-1.5847626529213585,0.7256142581536548,-1.7576100181783558,-2.4605452530597787,2.227731547647385,2
-0.7364483238915767,-5.7052124667487,-1.919564443533348,-0.6015845996391173,-0.7828928686767063,-0.9271613557672276,-0.2291082887127927,2
-3.345547236899595,-4.396653985848715,-1.0701190205935875,-1.0297976431752678,-2.9402384979634166,1.1380430731163196,-1.7691945343791975,2
-2.181635669689064,0.12388536850279719,2.9793965051448943,3.4493572772576004,-1.7273853471139198,0.18827764920054002,-0.118190255677309,1
-1.4311558818422836,3.1640562987503493,3.6175798707844335,2.672129683817111,-1.1929587538026374,-0.09866334655530623,-0.5747947872775028,1
-2.71362815447235,2.4090886568805696,3.4674484741045593,2.572041276590148,-1.5116271627857167,nan,0.8506399840479505,1
0.18375160205089502,-0.1827854349909911,2.7131984214352536,0.14869011991369385,0.31255066311837176,1.3343246494582441,-0.18618672920720689,0
-2.433667220261966,2.039917512980582,4.9590730360338515,2.525701300772523,-1.3775137604925107,-2.42575201514002,-1.2177839635395677,1
-0.18925311466751737,2.7986251826370707,4.4862580557602225,2.390228821312007,-0.07767963800166593,-0.11246771665931646,-1.8480407496184754,1
-0.4517751809482744,2.67870600478775,4.7066178068234334,2.6798148336298944,-0.23996953942336452,0.7841108418742568,-1.6492217089865684,1
1.8851295035673865,-1.3692506501003994,3.558842830599744,-0.06688082902850762,1.1783160285648653,0.057273216329306424,-1.046397107300779,0
0.14190665191456237,-0.2449713428994763,2.6608314561677786,-2.2370677004049297,0.18015108593886525,-0.19459294757950785,1.7387084311762802,0
0.7674786254276285,-0.7570286836148604,1.2602992802094335,-0.04013571231850144,0.6431162064064121,0.8584108571378799,0.7836736666900859,0
-4.323641297988659,-4.650845502202926,-3.0987775638989596,1.23211260941494,-3.647753830219827,-0.026657877550012126,0.6799933370064887,2
-2.7866600759797846,nan,-2.6063659560510963,-0.949948695544002,-1.9191532898534989,-0.14051159505883318,0.15248651369135777,2
2.8019298379756576,-1.1727870309101192,0.5314499218049684,-1.2822278380475982,2.6236669017336913,-0.5332839845124402,-1.2154473905625818,0
-2.759260653315104,-3.6286436486187204,-3.7718173896325435,1.6411510066342572,-2.4752130416116973,-1.3329225871508537,-0.055924611656778755,2
-0.8485399011553707,-0.483425462134607,nan,nan,-0.6587537975850408,-0.2973789326744138,0.07111809668096737,2
0.8571426902826633,1.5749937578498685,nan,0.533268581939415,0.47765770407288577,0.08305908246204327,0.618153326626253,0
-1.0090341714243691,-0.9619784939104397,3.7468415571432567,3.2512109852299016,-0.6385777383289482,-1.5249994557637359,-0.3243000108171624,1
-3.0645792005773123,-3.7375761029612056,-0.4687988039703863,0.8787510691162158,-2.166130388921928,-0.3043709768596752,-0.13582205801604466,2
-1.890242208693409,1.856927632521788,3.6354376451664194,3.6787648911400597,-1.4511635060360684,-0.7710341234965464,-0.6481550224789144,1
-1.43254049375745,0.5537102641622316,1.26497733413481,0.9228956006266023,-0.9080726473545194,nan,-0.8988061630999185,0
-2.4178270820868906,-3.0660220523588357,-3.399524784842934,-0.10830992097217015,-1.805322210887593,-0.10418462334400343,0.40739514013134953,2
-1.6318532727843387,-3.6902038130777304,-3.1742447484874114,0.8025050667294957,-1.3207525263436435,-0.6303923982817438,-1.6936817815452476,2
-0.547008895783013,0.5876103276967792,5.571274903691613,1.9665161901264088,-0.8788116711590601,0.5548125404264505,1.1172174314224315,1
-2.9603937230074475,-2.257769165167948,-2.163534751181169,-1.0089499300158062,-2.9456122501642965,0.7102258268044397,0.3689073158483344,2
1.313389273364982,0.02442169086799484,3.288943565048533,-0.044115432236403795,1.0186838013738648,-0.08372920787956681,-0.33234422984139983,0
0.42072090433932957,-1.4313956333338138,2.589003855800015,0.316853307432255,0.7600268281967482,-0.5232483375528709,-0.3706163447043691,0
-1.8772028118148836,-5.516745238383843,-1.302326086634964,0.4415744120613859,-1.5990384250446146,0.5954556133154624,-0.7155537367492384,2
0.06417344889952603,0.190019411017552,2.0017969191534046,1.1489788146699098,-0.16743599312020704,1.0297265198338212,0.39000031748016634,0
-2.497737012287778,0.925304611134123,4.151680183766975,2.571287682782342,-1.5629329484111165,2.3096286698569233,-1.981653109489549,1
0.8600543962449484,0.2580207945371818,1.3663280411801555,2.8172555662470593,0.5210796058270528,1.3608413916934121,1.0663647949775907,0
-2.5529995369887297,-6.213560162039464,-3.480195730399851,-1.040183131298345,-2.0128462308769812,-0.11673919482435335,-1.031801799499768,2
-1.6946086440195371,0.5145358158933196,4.115756362474468,3.927208132076682,-0.9275726088739157,1.6535556534379594,0.457892689730344,1
-1.299952107647489,0.5554698657419572,3.6818849564462868,4.463489842044951,-1.001049461745959,-0.5171223039854412,-1.1373288865058775,1
-2.7801724002044033,nan,-0.7529494674227524,-0.02291108693065516,-1.6373430265488238,1.0116242007184792,nan,2
-2.4059487985220924,-5.294478992069631,-2.633550157434874,0.31795344820928967,-2.0343927475458163,-1.4272672686841035,0.1638577798459603,2
-2.667297852213276,-3.186802076807584,-1.1188546099891168,-1.613914363592713,-2.687588883501787,-0.3496007541877703,-0.09632489364674385,2
-2.8191852030914633,1.1053679965648622,4.186732114952331,4.379435995839312,-2.6493788587054645,-1.8383732058478837,0.6760928613761634,1
2.2543895255336914,-1.5524974691721258,2.1490768084166323,-0.9728863520955225,1.8566642681626124,0.22487379088816797,-0.6954110518319225,0
0.20326203837258944,0.4620609717066641,4.043439071426373,1.0840484977259417,0.25849832972971554,-2.0825844652213434,-0.37348329785928447,0
0.5574125381528074,-0.8540479195156655,2.245275693294412,0.3837461374366444,0.6548036719673296,-0.9024690343757669,-0.8158088956318856,0
-1.2782324506936584,2.5576897678215116,3.9367552502107186,1.4094984333130567,-1.5387076537586761,-0.9012839636018082,0.6847732250994228,1
-1.9577251794643153,-3.572346520544335,-3.059698256627575,-0.11580854753938344,-1.425714411333772,-0.8907499821229957,0.7020770919328476,2
1.415013361131452,-0.9106438328634135,2.651704746009912,1.432553420259409,1.500999707998123,0.4017939060538989,2.2613825094703635,0
1.3860034137840431,-0.9790689386396507,4.276382486815377,0.31004125943443145,0.9384901814943236,0.4520964461788547,-0.3374392509051649,0
-1.9615653323421367,-4.88522096989878,-0.7390134957347438,2.100300064877481,-1.4959517694609339,-0.14095533490879167,0.8496567395143845,2
-1.5259744601324543,3.3365370258362406,4.257149069100156,3.117251289267508,-0.9912982723954352,0.23337231920731796,-1.1887050390755722,1
-3.8931123608254286,-2.8941539507945295,-2.849612801969411,2.231298571602602,-3.396228846778908,-0.06547472269684666,0.8603543009459226,2
0.1288751066825271,1.0770772247256086,3.299854719815473,-0.6515705833621338,-0.10461551160553717,0.514811748116381,0.2504293391087208,0
-2.8337493619670644,-3.7363515994722123,-1.1391006923593554,1.1784634746889329,-2.329337919535135,0.7262594673657852,0.11346130323473254,2
-2.104984792612715,0.1359582465033795,4.755387294986097,2.462664357870366,-1.661201132053051,-0.7793810079063395,0.8146573601375571,1
-3.834673992978554,0.398057331644163,nan,2.990875249750914,-2.8994061417312373,0.317815695910077,-0.718387708769112,1
-3.34877440327512,-4.627060057981709,-2.208946604856696,1.442347712007232,-2.889859156618603,0.12471769495460888,-0.6557802475470051,2
-0.08416648249351288,0.6364791173926274,2.917380594007128,-0.17787142873981188,-0.21318259801804312,-0.04308375923492084,0.585846499529222,0
-3.3843568271226143,-4.484426548254683,-2.3023305458348706,-0.06209283842303234,-2.5987883657557185,2.231741212697296,1.4146569747111803,2
-3.337128409378196,0.4759762639239896,3.6472827167004516,3.2863268856430796,-2.1337377890291966,-0.9472334672923816,-0.5274316766414233,1
-2.1495481837078922,0.8717900084325556,5.0601703084960645,3.5411202160079696,-1.4466123144388483,-0.5368568392719725,-0.9368875993400443,1
-3.8491561001307995,-4.338015016958916,-1.7827559055446738,1.2248203678726806,-2.9854643917873207,0.5908493098313542,0.7722437907744533,2
0.14940601403471254,-0.30960863385212006,3.1326967276808357,-0.5785020223406948,-0.011213171273881606,-0.4393209902697938,0.5790296654458165,0
-3.3128349981328427,-5.531022895147231,-1.7419227904898276,1.063599516936911,-2.7168920049066196,1.3363701667288541,1.6574925503508733,2
-1.8713328376919423,-4.400330786465826,-3.7000558538664485,1.2801160912316687,-1.7915415510404462,1.0043016195603063,-0.07547932702073813,2
-0.7064899815779297,1.0635663524174208,3.918628543565238,3.1168997257019755,-0.25486018731605214,-0.8134145851362493,0.06870622187918485,1
-0.2786643456736484,-0.3543623207281623,2.253904617781493,0.5925844793993158,0.16985279746965273,0.6593703246639512,-0.24606558305406243,0
nan,0.36005724832328934,3.4283848542936317,3.1363357516715102,-1.19914619438001,-0.8263017490190785,0.808303973404248,1
0.6385702287341057,-1.0001620247852137,-0.24419163414252898,0.21412969244918645,0.4272070558137002,1.392830208525902,-0.09771276334964615,0
-2.434605819403261,-3.319589654751523,-1.7293031156290863,0.5995249762769145,-2.1379150482314886,-0.055303225127226546,-0.6547432241815879,2
0.3687611745746552,-0.40178625889816966,1.571705990086187,1.1252771571573916,0.0818902594484818,0.05772218081688616,0.10994769963775798,0
-1.523559225707433,-1.3682007455485823,-2.8087875733349907,3.3387441623200482,-1.3255611642477796,-0.5752120414457763,-1.0482180138814456,2
-2.5966857672920485,1.3913818403490523,3.9803166207868634,3.9524982478981667,-2.4714483788722608,-0.6104803189899964,-0.9084121016454754,1
-1.1747915874160477,0.7890439564639287,3.515644754997398,2.6649519181322314,-0.9633133875121731,0.0926871310318495,-0.27482877411275614,1
-1.3486772086838137,-1.6265919054472213,3.058607291087314,3.4711220246390804,-0.7474787980021105,0.42001230642291215,-0.03998447539093772,1
-1.1329550607257524,-3.9561341244756334,-2.294832742909353,0.6305746127324966,-1.0987830360632012,-0.3913860413429876,-2.1221112066438175,2
0.532448144511711,-0.256347958219611,0.9704561351086693,-0.7222064246404113,0.3579404026677297,0.7653285147020086,-0.014502398278550582,0
-3.3943185883891394,-4.117338268330065,-2.94506438258046,0.37098093503049195,-2.41949759316497,-0.15191839152857597,0.8110029693860495,2
-2.4977627097578505,0.4258966666072357,4.801644184720064,2.442419599203509,-2.0720305126758776,-1.4092811509060967,-1.1021361504070668,1
-2.091111902049121,-4.288239397945942,-1.5314144394394895,0.583573599136863,-1.4197681897147396,1.0426417787005868,-0.5473441315389808,2
-2.9708277504568783,-3.6290566010677763,-2.2589707595583044,1.7310039076020924,-2.0528412598886367,0.6266703883544997,nan,2
0.18185244433535647,-0.832651914007472,1.798507800464201,1.7958901777161778,0.20420772162760015,0.03048937094707036,1.2517415737035227,0
-0.8505145487224727,-0.301611319232564,4.599349694985767,2.126258136470768,-1.1928860028656296,-0.20613964980994504,0.9222508949028019,0
0.5487059112853697,-0.2817246223115073,3.4240750395724797,1.0096050063466413,0.5132039876455238,0.7140542235692633,-0.8638534851488618,0
1.636864390726081,-0.629969469223863,3.30602423754012,-0.3116244008223732,1.7398596889128701,-0.9267206388256368,-0.4087400698117789,0
-3.938204763903916,-4.306421170488292,-1.8159285087894392,-0.16098369353621658,-2.9029236934830167,-0.6546400453168103,-0.3460326434979158,2
-0.8347779922022007,2.4958083678080687,4.355325464164077,3.320847025588095,-0.7632684289893544,1.4401715781604525,nan,1
-0.8592914501933454,-1.0284337316202588,1.1044293726143337,0.20518518792526438,-0.8523234564951438,0.45274867097061766,0.6690234100750219,0
-3.1158265060294714,-4.8577434182226815,-1.035060488633335,-0.06312674091645862,-2.6015288074271994,nan,-0.4165447047113956,2
1.3921961410036414,1.0908207001033279,1.6631009273155284,1.0238653591513605,0.8950251708324348,-1.1363812030982874,1.327457081740411,0
0.9979835894985891,-1.1455367179843507,0.424962179594746,2.1450841461006327,1.1071347505265738,-0.5734294938854917,-0.5770294937097443,0
-0.27748624920143206,-4.890777002463287,-0.7514221726950983,-2.226665850093225,0.24317747810465304,0.11517186193013135,-0.03591526791364682,2
-1.3539158919970018,-4.15862645412435,-3.516699328997529,-0.9984617090780448,-1.1408604762452934,-0.19753881692400355,-0.4327480891376317,2
-2.619006032754874,-3.5105961882232224,-1.2970754478296451,0.20694579045858125,-2.472772332074193,-0.57315878433308,0.35384606102287425,2
-0.7613016544479894,0.949093793403497,3.910682585735141,3.532476808236556,-0.4930620984275261,0.07832605872253506,-0.19731703106050294,1
-0.8096044132166658,1.1296845007829397,4.411753535318101,3.001138049439938,-0.33801652303054,1.22096138297989,-0.2798233985064087,1
0.6920334828152807,-2.223914377422415,4.030285459911962,0.7109361784092786,1.0570050282624621,-0.47313153665847935,0.11704916325183085,0
-1.3700696514091306,3.1088905911391214,5.764949954317791,5.047137484568198,-1.3116177448714035,0.28158558257665806,1.7205058922228353,1
0.3634201756238906,-0.488538558165741,2.68744099652102,-1.1315031342591353,0.5156787053482047,-0.3043540845759409,-1.2240914125098976,0
-2.8227365649461116,0.9778701466202027,3.564320067549365,4.227163760457888,nan,-0.9945872647807991,0.9597075733293022,1
-3.8343795838944885,-3.9553355446042513,-2.962305788491296,-0.312827202574521,-3.2051951609477394,-1.355298240389609,0.782573258519426,2
1.6845080922657458,-0.7587953039770385,3.237858002485564,-0.12690618206419402,1.761974749709561,-0.3130131304360903,-0.7159552965216299,0
0.7690444300944139,-1.2928533418323538,0.38448884129209815,-0.5022135312379549,0.4988739835480361,-0.1738829620140954,0.9379129538812152,0
-2.3889267569863817,1.3539276660150699,4.712928991735438,4.002064242476372,-1.964128221916096,0.4674243139066588,-0.48707223479236017,1
-2.5396768327068564,1.2396244341023641,4.122388339798605,4.23898638116763,-2.234644819836463,0.7324629668410585,-0.9981370397557312,1
-2.1275960709980213,-3.4653752308676347,-3.463154565766326,0.9943067158594813,-1.8856571467675614,0.925878950014679,0.5803112352728329,2
-2.7626406275583526,-3.766422256694679,-2.9639279344228893,0.5878368155618899,-2.193563384170864,1.5487785704996706,0.4373587741448484,2
0.23053629153088884,-1.2030248956809948,1.061622273315899,1.9267833361803257,0.23255305639858642,-0.26340783927997696,-0.025511470732761832,0
0.6258550944108797,-0.03265229717434909,-0.16068910627019184,-0.392424941333003,0.6857084468137563,-0.2595904704916723,0.7322066473184263,0
-1.3587303805658988,0.5883700787717541,3.8162920936695643,3.418327833838684,-1.0115349648231673,0.9181180950853361,0.08235966483975528,1
-0.4250994903887041,-1.19848140634665,1.3501380870834025,0.6248165562682443,0.1722877162579196,-0.16882032042771883,0.45229631458867275,0
-0.26893428241670214,0.6663822200807838,0.7453313739288216,0.7716050024780952,-0.36639173045022244,0.6442031314568413,-0.5610319217566678,0
1.0147189445683011,-2.1631035504576555,2.019804000684724,-0.4846191248332462,1.013794530117146,0.48990401942471995,0.36237122831122853,0
-2.8042920799583313,2.4844790698664188,4.874690164596003,2.554854068889362,-2.3935079914993396,1.1865773328417328,-0.2479439388806083,1
-3.5198188741987506,-3.9177225820564896,-2.7221305287695188,0.5738337663841744,-3.45422217195887,1.3762017524743182,-1.325333380499862,2
1.4544602675060263,-0.3419864874448118,1.7857280453039976,-0.8927132457097108,1.270959399793161,0.6888314244525793,2.177872656000325,0
-1.5770271443792874,2.0531703852131686,1.7931661183272514,3.272539924373649,-0.9822945613468061,-0.5872808666034071,-0.04489459012105634,1
-2.1300903926995187,-7.059437769739618,-1.9183402279033746,-1.1630599633296461,-1.7300937114197326,-1.9363749231100154,-0.22975292223982013,2
-1.9606800552479098,-2.8231394373367045,-3.494856781571732,-0.868259348973544,-1.447756821580296,1.022636144285601,0.3609994086775963,2
-2.174524534661851,0.6919175650474954,3.0173977937337533,3.3815022209453467,-1.80348080056317,0.3648804360073496,-0.00825347867398865,1
-0.7182002623621361,-0.2403849625166061,0.8666393559999903,1.3976994869272685,-0.705136491749731,-0.7215251426510749,0.38602320323615186,0
-2.039230548528847,-0.2810602719023667,3.7792632330164677,3.888252870041619,-1.5400549482731614,1.019750331599621,0.37039634362276375,1
-2.067166264494089,2.482659292439302,5.154672033027714,2.6632662290801026,-1.684538055906298,-1.3590567386119683,1.2149035192993136,1
-0.557762947018797,0.29712848394406166,3.948134124118645,3.902715259649055,-0.042889381198164656,-0.7827888520738331,0.42706679967993977,1
-1.0783415117444173,-4.865031685749681,-2.8555772854951598,0.742692434364143,-0.7862552523318384,-0.8380768269282705,-1.0098047743624283,2
-2.7257786925532526,-4.378094642225235,-1.4091621985453702,nan,-2.0096190292720486,-0.47410060172164015,1.591567867864049,2
-3.0532019650865534,-4.376938481152882,-1.1836259922845485,0.047580431111507324,-2.6034116529930316,-2.068267455941197,-0.05485638221566769,2
-0.7382868408597688,-0.5960519596060231,2.1284063587531734,-1.149683302801506,-0.447628072682007,0.04205325840576169,0.900497402127054,0
-1.3695187513645468,-0.9884951485919375,5.22416451225259,2.5356936042500107,-1.269596217740366,0.28754113983605417,0.9070202950702888,1
-1.4989514886452486,0.4347499679445573,1.8742481394363508,-0.6936528255044313,-1.2167069403866977,1.4997510339007367,0.1562606179370729,0
-2.0809739979465314,0.6296920934535172,3.471738289385516,4.120426384137664,-2.092105031108302,-0.5769887501657248,-0.2497581161103978,1
-0.2184145863132132,-0.04220785706345831,2.518494188684838,0.09658686437668057,-0.2959783800195205,-0.1209838108274876,1.7122392701677807,0
0.17554765140960182,-1.9330031399416117,nan,-0.0565849829986963,-0.46190855644703144,-0.15253542381854507,-1.1809610209553243,0
1.3227146729035038,0.270318662985451,3.015347316690806,-0.19457486075731223,0.8232522906043123,1.3942931206448528,0.006550614369284838,0
-2.0868722322342164,1.367650337443513,5.662412977974267,2.8589124389383156,-1.2158160858843863,1.8720549981417656,-1.14533935569545,1
1.1951149213537584,1.6613766533932972,0.514908628328097,0.9618304039288958,1.395580770675423,0.0012975242745051645,-0.6041335295830929,0
1.2184934123553863,-1.327056343654522,2.1727894273416277,-0.5284172590530194,0.4080010015822232,-0.9922058741830257,-0.6290159720533881,0
0.6220491192719134,-0.5581570165339592,1.7835477189932059,0.585739171966566,nan,1.2996432297499607,0.20740683800969092,0
1.390705012499903,-0.0980177422858386,2.5683790513633693,1.3630840813093879,1.354872464339931,0.020784318538380395,-0.4495571084649638,0
-3.2834092641610937,1.5773531625901436,3.832943672482693,3.0587603039252866,-2.04543329629508,1.4304108322299767,-0.6039891673496522,1
0.7070930998973782,0.8354831843637711,-0.8342792573733493,0.9623166127078874,0.3268504448406112,0.8026621396467845,-2.2552826080050496,0
-0.7326558094160082,-0.3096037234322516,3.194655055620458,-1.0844967277258757,-0.9157589652910867,1.131391216515474,-1.97633124032897,0
-2.9939151210433352,-3.998443743071342,-2.691398754089746,-1.184753876020377,-2.418732543401987,0.6589805497935965,1.0063129857697766,2
0.4578589022617463,-1.5408829990262785,2.4628342822980187,nan,0.44533839541630305,-0.24750427681674061,0.33428495232057304,0
-0.506703033707995,-0.1211783494917234,1.7977718550725785,0.9947005401912838,-0.12652336854258356,-0.3688541137884139,-0.6189217737634494,0
-2.8352047761799404,-4.803857923319281,-1.8338335076556258,1.769784905469109,-2.0828426430080835,-0.44827557633104403,1.0768429378405813,2
-2.22776637591695,-2.893266734736301,-2.549782592410537,0.9283010290204922,-2.2782099211993554,0.5313060166583986,-1.2759913328237893,2
1.3046379963616528,-0.17168899348744104,3.3037044618497164,0.6424780664358967,0.6981433341795592,0.4285327585953638,1.2519515770332088,0
-1.6757497741948044,-4.249339111514434,-3.2170504892685567,0.1252337505548939,-0.844083740950431,1.6762974809458961,-1.09773594214506,2
-0.3002877794417118,-2.394544234460366,3.4001388038628515,-0.028108927939235695,-0.23337905620670238,-3.1762653899248594,0.31429631960427856,0
-2.158433859557312,0.7549575142810827,3.076574753457637,2.717519520435392,-1.4195352709955662,-0.37235686438881094,-0.18329702284268573,1
-1.2186548462244318,-5.301020653405363,-2.069465073886105,-0.4472370474643165,-1.363455079579481,-0.6017022159358442,-0.12370942923423991,2
-1.6324326402614204,1.7800405558565573,6.397574102526102,3.075473497553152,nan,-0.2579241015814962,-0.09275949617500161,1
-1.6212797879294145,-5.734457436495325,-1.9041377962476884,0.900626744509761,-1.0386341798409116,1.143364253212427,-1.1203683655349808,2
-0.7433645691799464,-4.994652430884425,-3.055814651165022,-1.0960582404074044,-0.5699344652483379,nan,0.050240572160150904,2
-3.8852888525534,-5.023776203286738,-3.2462430272453524,-0.2824290803164029,-3.023614744064588,-0.7721843206387828,1.1218107262300878,2
-1.0129983618957152,0.8109735616782185,2.657548490760056,1.5175358602896223,-0.8370318914522936,-0.309103905998223,-1.413574735019376,0
-1.8491346195999945,1.403593100025991,2.759258293982524,2.7294451807595275,-1.575914168558463,0.8036642451871282,1.0979603410618832,1
-1.3389533541427583,-1.802201789883457,2.4069575023032597,0.09973539123098202,-1.2062355762639694,0.25439962051475684,-0.3119060075005263,0
0.6803529126476958,-0.13311069872123543,2.0563832356643235,3.4846301912009885,0.23488437925837746,-0.37236187168227564,0.6921570344643126,0
-2.881483909101732,-3.3987219637470973,-2.2430268131896325,0.03672376150257749,-2.8996069892066023,1.5393887854866748,0.8802276585046661,2
-1.3952717251789966,-3.2794275897730327,-2.8432577768895606,-0.058055195936148274,-1.2380425409600426,2.2299662893429235,1.7937735913803254,2
-1.6852353026401619,-4.225151866671446,-3.543337650802709,-0.10715862483960262,-1.5918132295664116,-2.0240681736459782,-1.8261636925900138,2
-2.0484670070563507,0.6989539750140763,5.160954615055357,2.158856841739244,-1.541581484547173,nan,0.9001573676089909,1
-1.7215106329174636,3.3389619553283136,5.281893473361376,2.160237768037266,-0.9362550250437371,0.10525687586645396,-0.03526398402489433,1
-2.8033226894655012,1.0934407744324797,4.7513931848354645,3.844032610990959,-2.2554330798267843,-1.4883839785149187,0.21001504784700292,1
-1.963150022672272,-4.233446435510132,-2.4983806794024686,-1.3261981605547222,-1.342970019220041,-0.9141832558661934,0.7045091191084164,2
0.9248353892960968,0.5963512947076457,2.778314712345767,2.392846273074475,1.2280036602814248,0.5193177168883586,0.48010831748138166,0
-0.7151331318558862,-3.5704137698030474,-3.8832171038346184,-0.07231916405403369,-0.7484063222083439,-0.4260220574026263,-0.18811195363280345,2
1.4847173060397543,-0.9041297500811647,3.2104023435694793,0.8130396119008347,0.9903206467399082,0.09709568808475934,-0.5556769982655505,0
0.8421999632985552,-0.7758603538443649,2.6412369245182163,2.27952569063428,1.2325391903269938,1.785718324640008,-1.5735866527874889,0
-1.012975595877156,1.8978432155491953,5.872255650027855,2.9620202436101786,-0.6159950037717539,0.259310274260153,1.2581372951570795,1
0.5821681131239914,0.022446313320455213,1.9615014464701428,1.0807973363996557,0.4071368742911591,-1.0599148050703306,0.908037458200793,0
-3.6803612022909915,-0.28846689726312436,4.460939660152186,3.020843190827409,nan,-0.14036414269694178,-0.044071583795273914,1
0.25285966424013595,0.11358859467656052,3.064872247270676,1.1123939670808145,0.6684612142636822,-0.04178303928656285,0.7221845336625742,0
-1.486821028570367,1.6008364657128122,3.0787064874214174,2.5198932837021077,-1.1176683844376323,0.6716838810113939,-1.0879493372357554,1
0.686261668038946,0.30757910477847,1.4995009112814122,0.5738325260151815,0.6288088270335629,1.505731281709383,0.5184525442822775,0
-0.23225455833341946,3.388336854131956,5.302251573044282,2.3464972632872954,-0.04782213417599762,-1.126149098768889,-1.798927962955763,1
-1.2760928510942233,0.2631824973211825,5.867875826782479,3.3464137550932147,-0.6375269648549333,-0.9021647104761679,-1.1623270565601582,1
-1.8764177791397496,-4.3341341049843445,-2.088902432791175,1.711644304251721,-1.506905396974891,-0.7065124922755198,-0.013702550526578568,2
-2.8921193742348943,1.3804468344249838,5.6874052134739115,4.630310973729883,-2.5194864259195904,-2.109604604793287,-0.7246912938271486,1
-1.8616541000616535,0.3592536291525057,3.8022095801778817,3.604144504890713,-1.5812083188049035,-0.5232189959087267,-0.19392162239421043,1
-1.7210132454091684,1.148962154151239,5.618347165864182,3.177178586199599,-1.1764819071533212,-0.010107942898324769,-0.5148955718899931,1
-2.9568436816122556,0.407292944493269,3.6445584374113498,2.7142195135426443,-2.6855109450681254,0.40132017223170496,-0.8092247785821359,1
-1.710767377354448,0.544109200955955,3.8871509228295285,3.233029306587363,-1.4498078945023594,0.9973224720427839,0.5183157651083898,1
-0.5596716176754519,2.077332352620157,2.712386644387234,1.8715674003040736,-0.34883568386520936,1.4331146917791082,-1.956276044311238,0
-0.5398435631488634,-0.12741558521993557,2.620367571312786,1.4793185412824235,-0.8021499289673801,-1.771246452084317,1.4324228997978854,0
0.4059768183644552,-2.3489158575172056,2.2075728520253013,0.03270945175418277,0.28085154342986357,-1.2491108742811434,-0.17426990608619197,0
-2.727689777346804,-0.2802103395326059,5.789466663848532,nan,-2.0906257548476,-0.14057691067642286,-1.388436828444426,1
-1.733078792167433,0.6493432538555891,4.624093533362463,5.0549556625823,-1.1277711807489355,0.10578989961453605,-0.18912489250240166,1
-0.07090194323476129,1.1998218952361834,3.3463057420677202,2.3258454834218405,-0.3441572095569761,0.012790620817972975,0.3229807065533964,1
-2.240871730379219,-3.849843667678226,-1.5697909657637212,1.5997551015224751,-1.9366380878447824,0.32556529323296524,-1.1001071720438462,2
0.5809170230590591,0.2696963320152505,1.75552353999258,1.0460609089626123,0.0896007098666543,1.030985400793612,0.7114662739153862,0
-1.6278645351947265,2.60154198725889,4.289346731054111,2.1106182992184563,-1.7203789777056904,-1.3141321933361823,-0.10500836656444466,1
-1.6085309793909293,-6.991470067775214,-2.182565641622902,1.0879261713540338,-1.450922100584971,0.09317116491711784,0.036369062207618805,2
-0.8789493301876153,-1.0841818190685353,4.964231697114707,0.001550106405049878,-0.7669580822516804,-1.047930725176258,1.3094935449827916,0
0.987405373099068,nan,1.754364218974485,0.3753764504620781,1.000170601132233,0.34215616994520637,0.03476491371182356,0
0.6702233435306596,1.0048575483791997,0.7423566149226324,0.9043745426840818,1.0104860460947935,-0.44415937204418465,0.6298472477031858,0
-3.056878598988908,-3.3289879531272586,-2.60606916322458,-0.48692581171838123,-2.3979772571161115,-0.20536854228413548,1.178685105779344,2
0.189967938621054,-0.6870387387046759,3.178423944803605,0.16935486179286913,-0.09974436262301545,0.7714246230218943,1.4495806715378514,0
-2.173401537928081,0.37991513322129244,4.864030673251721,2.849190662145481,-1.702504635520562,-1.2160965667997983,-1.1817787697262236,1
-1.1596510380392682,0.9193653428170379,4.503477575198459,3.2666593390122283,-1.401751173118332,-1.507106607769382,-0.39245036766914665,1
-0.6656778276514856,-1.2646457982264565,5.20806505247762,4.216224598397049,-0.1719950182999604,-0.8284436769412341,nan,1
-2.27645470315271,-5.05613325964578,-2.5747799410243943,-0.17313503665558097,-2.3763553501177115,0.49405101576673666,0.7144112862964995,2
-3.26544990419248,nan,-2.898222161934626,0.1407810588071941,-2.79053095251084,-1.545010976440119,1.5884965651997407,2
-1.4934500684559227,0.21069058459023915,2.6541763097406967,4.274547961218063,-1.4774703693749311,-0.3389831207583753,-1.5592832761615831,1
-2.319156992179563,1.836980332548734,4.285271871536366,2.3049652623298087,-1.8934921421149127,-1.2663347277779118,-0.09437635213535395,1
-1.4879984823035868,0.6049445537015153,4.107901132242541,1.321592190739563,-1.6241747096895627,0.7590653916568244,1.1555003850613421,1
-1.551515370643207,0.7270159452119722,1.462436219542126,-0.27797357996351624,-1.330343487705131,2.513065020398792,-0.43658374290922997,0
-2.292043364165575,1.5525399203766044,1.6948207059911429,6.470917501173564,-1.5545390924194864,1.7492699116843984,0.5533267824436522,1
-2.24613813558263,-2.694505424045486,-4.291768476606803,-0.08738751910166306,-1.6583375333382884,-0.8107449144901783,-2.1967745454865986,2
-0.47460552442364257,0.021487135984216033,2.69673164035606,-0.3853973903136787,-0.12272056403196424,1.0486921132007445,-1.186231171983491,0
0.22445021532753096,-0.9227900829390436,3.7613746259110097,1.08487018395717,0.13087664838556173,-0.215099020069512,-1.6133848595703122,0
1.5339896841048763,-0.7445594861736211,3.140434526217102,1.5312596190917924,0.8236331240434251,0.7359701883440263,-1.0737772992206942,0
-2.762615873907836,2.156260486204916,4.82087623761828,5.249624844781586,-2.396676895400143,0.21049952781179126,-1.2544928965360316,1
-1.8327902089617047,1.1173768223716276,3.726707070409831,4.355034487802082,-1.183301494097788,-0.09599468481031359,1.6832162437115792,1
-3.6232245283975955,-4.65689613095916,-3.0815480182566253,-1.9554587911610157,-3.068644333557846,-0.6542970752422157,-1.145999027092003,2
-1.5891250856555976,1.709876476518379,4.115419659754925,4.437313081268524,-1.2637934219631575,-0.7265689719152747,-1.3203034538232472,1
-0.20906310009985363,1.3015943813638677,3.3118753252969393,-0.2374624649101691,-0.13380330668115922,-0.29439959934076637,0.2812988065180796,0
-2.155494336053636,-0.754806418865287,3.1616877118665117,1.553381503782191,-1.9813763537655633,-0.31523009673336544,1.4161521549096818,0
0.2885502813844465,1.8609039642105631,5.838264635466987,3.1374348711591353,0.49215874477201965,0.5968857673640076,0.6333206830636307,1
-4.023608742239512,-4.7116912202538055,-1.5684651094031614,-0.07075997571766082,-3.1865770496553094,3.0810679986250302,-0.3133115996146518,2
nan,-4.160241565685917,-1.6687376958402094,-0.10234679421713819,-2.201713224272487,-0.9854631433414086,-1.2403078206758134,2
-1.2744413654878084,0.9647344892683181,3.857926662456121,4.420478278434703,-1.0153108726156497,-0.9783360870331608,0.7114377706793723,1
-1.6741156267007684,-4.709080223619212,-2.0210264876439563,1.9514522486715156,-1.7507539492619268,1.0371818380975044,-1.53950031512761,2
-1.38080123139644,-6.477312669654902,-2.202486537903266,-0.39664974539616915,-0.746765571903786,0.13258211245247548,0.33311186977520074,2
-3.701960202464501,-0.5558157872129901,4.21088286017499,2.093319536608236,-3.130720105524221,-0.8537169840020459,-0.07723077802252298,1
-0.5034795507677189,0.2034025892023968,2.1321689495909943,0.054536412896184217,-0.028757797724005052,-0.9353176344485402,0.04208447108208646,0
1.102221880120374,-1.1416919487444621,2.3016125324392003,1.4705426441444684,0.9662080069913948,-0.5755876560057511,-0.30555187993815525,0
-1.960790566283189,-5.174270472533677,-2.962096954987112,nan,-0.9739197413365213,-0.5559798627621872,1.3726096146481443,2
-2.3806719623153425,2.986182972895888,5.903545507065978,3.897336849012633,-2.015392554797646,-0.15625918876949996,2.2531978486259536,1
nan,0.8519789770988906,2.6566165292752757,-0.990339976397839,0.6084484623837363,-0.36046182908946867,0.4758482151825574,0
-1.0869590853522662,0.3900625210606101,5.270879711304746,4.0609339000047235,-0.8489261708779452,0.692386916354879,0.24900100054139132,1
-1.0176166886454008,-4.761270876933387,-3.020911267011919,0.41875732604582294,-0.7294154073179417,2.290659391049133,-0.017988549796633505,2
-0.4311705280391478,-0.5912060665215113,4.014643477061496,3.960533118954875,-0.12617267212743674,-0.6147679868413661,-0.7261785143339101,1
0.8793342448782884,-0.22865792606549398,2.304313949262342,0.7769522545514189,1.0712240009137157,-1.661519214276927,0.15567114275544144,0
-0.05116322184397759,0.018255185084774472,1.5242599302840838,0.490403467488588,-0.25189055773276053,0.6906910350678455,-0.045413228455861675,0
-1.0270437794591594,-1.4729480819748126,2.1741345614946512,0.0428302920432313,-0.627419619083033,-0.10942639280360435,-0.03879364357379166,0
-2.695165193642326,1.4081000968021828,5.286264635773142,2.6033636883660134,-2.3380706428256035,nan,1.0452902539601785,1
-1.534225105377521,-4.060966093145425,-0.8721541414761902,0.30681912901305786,-0.948659400964603,-0.845768776898371,1.1780871684245229,2
-2.3885311591262828,1.7767639388433192,4.886945061019004,2.1605554747684037,-2.2062283199862334,-1.140879974417915,0.41295248151390573,1
-2.554614436675963,1.9609871393761784,3.07448343365711,1.6876659565859589,-2.4162972126886544,0.2109595556945803,-1.1991152818938993,1
-1.1842222653821712,-5.5653809479981176,-2.534083854187816,-0.24020618987860334,-1.4456316066348556,-0.5553325464401593,2.2767339401040525,2
-2.6363897448491214,-5.967357821635517,-3.2091061723324534,0.9234599128688202,-2.342334881956554,0.9377808455038859,0.9739581027239798,2
0.31821351035537176,-1.4730595111427918,2.1815932830659346,0.2843403405115267,0.33449098119436904,1.3701289429240358,-1.1470038673396414,0
-1.5398722469537125,-4.163006842585077,-2.2458826414621553,-0.5246771591968606,-0.6917715408288382,-0.405957404632127,0.5147439657139024,2
1.0684268213533827,nan,2.948455137866681,-0.1561060280928207,0.7932034008254201,0.7695195335398828,-0.5357633502333075,0
-1.7582698343592194,-3.010847748609894,-2.2770235087355966,-1.0656779492105029,-1.2396893179538417,-1.42924202643997,-0.8212376716182639,2
1.4294699731300717,-0.44551944741953065,1.7249083993458045,0.36692092455444436,0.5538417821406553,-0.16258196201855568,0.24558217826854845,0
-2.526968953680181,-1.5699340119585454,6.495739703663044,5.244361938568708,-2.3174845783144264,0.03211770021377487,2.3542115061334954,1
-0.41752003090925927,2.0642672240883497,4.630922488028861,4.178576465895311,-0.6035237344296893,-0.781271329288294,-0.26609931122041336,1
-2.4747458012935226,-3.933785064559787,-2.286125930020133,-1.4136121636155803,-2.332686016692235,-0.9364238108859406,0.3235924690731447,2
-2.598760681679113,nan,-0.5182879293348737,1.1467581360393333,-1.9911672149210606,-1.2437839298972913,-0.7066115762351786,2
-1.801383580657959,-0.13899984945119925,4.692148979631829,2.6521186768208187,-1.4073613604084507,-0.5092311254618859,0.9829768440556507,1
-2.61399691279391,-1.0222652676833508,5.762071361909396,3.182994079093958,-1.6212593816687664,0.4657790348879369,-0.7632454270606068,1
0.6770723073349065,-0.5794009975421369,2.2546074082819194,1.221864326133901,0.8035710922774446,-2.0978228872354276,0.6067390571773148,0
1.304471882026311,-2.186951541462393,2.8443577001077327,0.7659208001105939,1.1541581324989238,0.8926975361481615,0.23938536918559994,0
-3.424807277097043,-4.995359245345157,-2.2344293798326547,0.8611060923492674,-3.097930437579902,1.2884800887226724,-0.6320257330128117,2
-2.319713654908086,-2.2027288742806124,-3.029913946557791,0.5251130521610371,-1.5640571143353084,-0.03202725203684817,0.4706454626328724,2
-1.8433964218850258,-3.7382277712494365,-0.8511536153043693,-1.4268851570811791,-1.902005701790552,-1.5119305041151163,-0.6232500159975731,2
2.6993802621617395,-1.9269078002553683,0.6817054932897797,0.5202071240837357,2.6609149858323415,1.1029785451328122,-1.1011668744419627,0
0.09319893138611585,1.3309360966697297,1.0862236717442542,1.3164711145244383,0.2678961100453936,-0.6998254391773917,-1.694990737377889,0
-1.4906246426541212,1.8309969355275615,3.2156780131577136,2.7355348438952234,-1.5401393125103193,0.19441523603348307,0.12198928632451564,1
-3.921220814016853,-6.098890916770737,-1.9166127452054877,0.8893091715737621,-3.2438295683012717,0.39953617918930134,-0.5075422133048615,2
-2.7661539837863502,-5.9955843853019815,-2.8680109086343997,1.2726076436914293,-2.1905525237541723,-0.07196181285249684,1.4757663416460476,2
-1.7345525943557207,1.8260262425223157,4.43353254799929,4.492831293577053,-1.4480841699585736,-0.2164961767310124,1.9408925627742037,1
-1.5995905346938046,nan,5.917295269400885,4.027372650469057,-1.1741111744652477,0.7836873888021866,-0.32387617915620676,1
-1.2201481580599458,-5.205143559555306,-2.8407573317649986,0.09675268333555866,-1.0571202628532512,-1.2255177681705802,1.0965940106340268,2
-2.987699954139581,-5.107841043935456,-1.6931190865226027,0.29864269380641884,-3.2326321454084885,-1.1442732110559304,0.24780999421241728,2
0.4323621730262559,-1.2675079160461453,2.897131781738815,1.154402893654219,0.5991558044230858,0.25010547692093216,-0.07589882757797861,0
-3.2850820301262207,0.7377304818282375,5.012192995818521,4.367854674923098,-2.739171224337625,-0.3862521996449221,-0.2210635482019263,1
0.7537845276522372,2.451848259343532,0.8512772926715355,0.04359495587804496,0.8783520299592744,-0.4582178069306841,-2.187803110407375,0
-3.788496899008531,nan,-4.096188316350768,-0.5967375780032873,-3.534421623482162,0.34230624301503804,-1.0902688150967519,2
-3.3358682557772585,-3.3155185514602596,-3.093889397076729,0.8019494715787286,-3.3360667021960264,-1.2493263403994652,0.6473899063284334,2
0.39120855489711903,-0.84353226066694,0.3331953391806648,-0.690586158917826,0.013982267413419458,0.49599910253394836,0.08236162291920644,0
-1.2814773234068335,3.001906632459028,5.388900494704841,5.388063549122563,-0.2738026251770297,0.8761637113488595,-0.48034139666459696,1
1.7817851862393521,-0.921359671663915,3.5758615214412295,2.379204618360213,1.4662297124592698,0.2360594646354913,1.2306159957798457,0
1.1713241816116757,-1.3035505793441335,2.7462703340269736,2.0273607467835237,1.0567690662717986,-0.029800138243127442,0.18995812511386267,0
-0.0004978978567034553,0.20167701592144055,3.364320059015455,1.32152638119529,-0.31292469853346755,0.35480131477940063,0.30886846134758156,0
-1.6577979829529623,1.6451733409056055,5.4290682458110675,3.6770037611230437,-0.6693441144917628,-1.595912413187752,1.674917784442286,1
-2.6869175436131685,2.224733306062483,2.352231014498243,2.540459526352605,-1.6868329613771276,0.6239181961579736,-0.7859178025847425,1
-0.760436682855941,-5.390382903129086,-3.0844860231378655,-0.07108244697651608,-1.0124758302812635,0.31249570790885883,-1.3016046050662846,2
-2.747707637600088,-2.7502043173952555,-2.6507179658940987,-0.00645964957436268,-2.3219097875357777,-0.5593250490694008,0.43880375476907063,2
-1.5395874992603524,3.149861621598665,5.76189790855338,4.322459501705192,-1.2602799154485946,0.4489210282903299,-1.214596892250902,1
-0.17946462836328259,-1.194375223213695,1.091101620462028,1.1003977094460833,-0.13751100842282113,2.0447917124625854,-0.8343543147056232,0
-2.513960223680664,1.0605629115188182,4.860152054902928,5.216882117174908,-2.4916349489009924,-1.9229239034147294,-1.518156301587866,1
2.1537656434860937,-0.2566785765197319,3.272234671220573,-1.4168548805550483,2.0718338750132244,0.4970230315629601,1.5259778950860845,0
-1.3724780492521278,0.2758982402957083,3.8600528494582567,2.086187021018234,-1.2828911930029592,-0.5220044165590778,1.6208322348361894,1
-1.1512431742001192,2.890348990824236,5.740740109581922,1.9737859586666615,-0.7714612529636323,0.40887069382296504,0.689085480774912,1
-3.136139562945943,-4.196288203966065,-2.0535952342355905,0.24514152822096164,-2.205976158401938,-0.21270623702474464,-0.296981651846659,2
-2.6948672344438225,-5.3085452739572405,-1.0328200378737,-0.7351285141384603,-2.7335410357635532,-0.5531546348987328,1.1309242479874742,2
-0.7114208573611103,1.602717485257704,4.666610769720065,4.31634814884889,-0.8293112640095144,-0.9637311123577996,-1.4757127563679509,1
2.0160906563108933,0.2876092592413298,1.5070854604318402,0.3340780389577867,1.497387562664976,-0.13937446616918603,0.30312706484906854,0
-2.574284514197388,-4.999095739950889,-2.1321749695783927,-0.052130244427912364,-1.9652219078981426,-0.00778743063853615,0.4060717094345283,2
-1.5940138060639084,-5.4095473977383515,-3.5481041505280553,0.3909909734583191,-1.608064169017086,0.7117454937640538,0.719475062486459,2
nan,0.7557141671058849,1.801815245989311,1.6097668264315548,0.9182325806006646,0.6158814276765108,0.6260518892790814,0
-2.0244869922897912,-4.056646301352307,-2.7180881730222026,nan,-1.8784933363415033,1.729395538973542,-1.2067719795983805,2
-1.8898562425711543,-5.336953612622994,-0.7791838680864125,-1.1203580987695627,-1.4751454814813894,-2.652232962522615,-0.5625187178905401,2
-2.8542914675678235,nan,4.4901450893812225,3.8610127037012703,-2.3629046988198565,-0.39959642061515,-1.14057156697498,1
1.4478451110761643,1.6889206928809137,3.8718305014021572,-0.3507501613112437,0.9368194495930683,0.4742860241390032,0.9471465164723917,0
0.12549703583289556,-1.0051819090792007,2.4131102148191554,-0.8032466737670249,0.13834422280552483,-0.24131886945941833,-1.3504527191226956,0
-3.623241943130232,-4.380189870026231,-2.3657346752976394,0.5053810470124164,-2.519512211371977,0.5844855484189055,-0.2713862293873806,2
-1.3194362513886646,nan,4.676550892875744,3.2437475530136926,-0.5799701913322821,-1.0780638628767112,-1.718275873473581,1
nan,-0.36491212301645237,1.5269331685149083,-0.20218181020873993,0.7904087994732654,0.030756514686865268,0.7973304453837295,0
0.23404002642987382,-0.4996686627158643,1.9145142000084039,0.03358485683923662,-0.34965173262538407,-1.40724250781323,-1.019602134369192,0
0.4890035364290793,-0.6318874270124818,1.8772926719746441,nan,0.23440576239430796,0.5095642524055686,-0.28283960352923626,0
-1.5543201440780714,-4.4945467427469765,-2.0727588197470803,0.3738338212786096,-1.2476613793589175,-1.2752972528777662,-1.2095268967295076,2
nan,-1.0253989719167287,0.7387182295547059,-0.5397571691435106,-0.10461529394068544,0.22741447061875886,0.22881523971445317,0
-1.4334524104923556,-0.49972673493396647,4.7047188511589075,3.1227800914335355,-1.2343808523668194,-1.324839888916164,0.49572740382569225,1
-3.3815158529469285,-3.429281946188097,-1.9853749341719835,-0.24871941765729502,-2.7600792951663164,0.5985392432479602,1.4932897109482703,2
-0.8840062538227688,1.8785057325746277,4.122578774803713,1.640507494302543,-0.7732406311051115,1.1768975928605014,-0.5755991646317574,1
0.14151767940114973,-1.6295450941661869,2.6460807969113067,1.498328376115054,-0.2477348688756612,0.36520819321275955,2.1938287281304647,0
2.0306319728455535,-0.8765931485670819,3.114589808761499,-0.1452233523358757,1.4071993324088405,0.27807039620929846,-0.497521895563899,0
-1.8294358416067131,2.3815176692585576,4.67503344005846,3.868174984304926,-1.3373229148909547,-2.259287088093221,-0.2762352830950531,1
-1.340880102998134,-4.715201687564781,-1.4566744031646115,2.6778745806178472,-1.1463969053018919,0.705939718617553,-0.5342928738629861,2
0.5983160493631821,-0.518805983573824,3.0570770609461233,0.14824964669567078,0.4298391891522023,0.8481554245383981,-0.16206676009650547,0
-1.6909946214418108,-3.8149780791232155,-2.561579749441832,0.0729773725686755,-1.3885209548349053,-1.7334035035861788,0.2832467524537967,2
-0.9421603893736296,0.7355175943119238,2.8757580930188196,1.4025958475546967,0.0902806257812121,-2.6495701758404695,-0.26783504422265714,1
-2.198323429566563,-5.27306625157242,-3.50009014934048,-1.4018017688416007,-1.2861352462693665,0.024071494915112353,0.011920297268433206,2
0.23996736310565764,-0.5495922988154672,2.7719997797419222,0.6188105732234493,0.40337207282057086,-0.2786752955478273,-0.9457854100230225,0
-0.6480968970918779,-3.411205336214802,-2.17642841289324,1.2438350686902322,-0.6475449905501673,0.0570673266921643,0.3372219033422869,2
0.8216978744906467,-1.7555973720082805,2.8785294745238117,1.5915623356852935,0.8085605959344344,0.4330901614212446,nan,0
-2.270123241748153,1.653273292361363,nan,4.133963063412917,-1.7098001955869893,0.9507427840900394,-0.18719165922147943,1
-2.0588411679630134,-2.8573675368926246,-3.50744126031944,2.0731492306258947,-1.6220970973866975,0.9900416968177242,-0.4444766619697217,2
-1.7951149420001904,1.0856397091544565,3.89712072980159,3.7013808161090163,-1.3026281720518984,-0.3479646204377365,0.6026732824435419,1
1.2577803939881682,0.1556169014114976,2.1292919271580977,-1.400522886946601,1.4461886670600597,1.2437790444184011,-0.3495823698786495,0
-2.5435059438482033,-4.908170493466179,-2.224995042868422,-0.957904042620334,-2.2704306143060897,-0.8518723506660746,-1.2064547938791625,2
0.4600345296750006,-1.6584897576238755,1.9859746035396255,0.41997994204908273,0.7153466010228903,1.0821720893040307,-0.5768299805753446,0
-1.5042230025932761,1.9451937917321063,4.381223633932509,0.3569542969344357,-1.139228060016453,-1.1150473758629706,-0.6476883423481837,1
-2.1381964561891884,0.44766025506215457,3.9631246767071673,3.7834841432666533,-1.3900000070020795,-1.0609357629423142,0.8754818694291591,1
-1.3432050818009462,nan,-1.9071485455041706,0.38394281592126106,-1.2878914084856548,nan,-1.3047101075383694,2
2.5416378086630784,-1.1278812873380277,2.6570352877990002,1.8623797178347439,2.199900081599309,-1.8328421905695764,1.8357036186094062,0
0.08158599235993774,-0.5587406811072647,1.367709777752375,-0.31373895824235654,nan,-2.2279298934013587,1.5360574710250479,0
1.7881193401228783,0.8812495021365967,1.258409981907581,0.6259379721676379,1.436351789576464,0.6378207425593633,-1.1672142710354683,0
-0.19933877417109414,-2.0673941640407274,2.441005724673992,-0.40993120997903787,-0.3852255885073673,0.47978726309117103,-1.3125554495317089,0
-1.0858910266255144,-4.047444094684127,-1.6594409682555926,1.5935385476021287,-0.5146095792464291,-0.04795211829889786,-0.42917448592921253,2
-2.438751326897066,2.558755642274903,1.6159435695060087,3.525773745998997,-2.2006848867745212,1.7152192442625815,-0.8695336322714612,1
-0.7606355048995461,2.036756531772808,6.329019314079364,2.0589423716371944,-0.029397670751993954,-0.47743479758102103,-1.0595760270276773,1
-0.34778653031513196,0.3337881424919083,2.2423222192254113,-2.798348797941181,0.05188941969574534,-0.2737703465679004,-1.4523684278746163,0
-3.2824394203473464,-3.5131929286043175,-3.8096010834453837,2.674367463108586,-2.2339215483445263,0.32204603726122577,-0.6349183764884806,2
-2.89825788693149,1.763067026470907,4.975449870185727,2.9924483490700573,-2.0220775302175227,-0.5997054501586699,-0.8450376871302935,1
-3.0883387094065125,-4.416989685902168,-3.8584438767399782,0.5407580280224686,-2.3116920971144963,0.0772988994848742,1.1588289525519948,2
-2.318904450117618,-0.31862451885957044,5.767906709664324,3.516285404484312,-2.187477470249126,-1.199209191775917,-1.3835068931268377,1
1.5030577211704492,-0.9148144371006461,0.2864697656943467,1.4596988994936604,1.3325010518532872,0.47360268512362647,0.42087000561219656,0
0.004671827070810208,-0.8477355054067355,1.453129570834685,2.1823485886398046,0.22104047928084558,-2.5876013674568017,1.602408617421989,0
0.30106114874351214,-0.4031158179649676,5.042036610701565,0.40208543158516574,0.28785830178366784,-1.0392332654679566,0.11489453283792096,0
0.4188549615909694,-1.0483485068299667,0.10243837476987538,0.31851770666546253,0.7485324144271261,0.5540164506186802,-1.6618207666497355,0
2.2084259127589156,nan,4.0840993965095,0.24508378840919437,1.613295905769902,-1.1309129000068185,-1.3415816904705782,0
-1.7807779255491585,0.5581413704053623,5.288180881373504,4.649042985795341,-1.744996723970099,0.12996477027137274,0.41662529057108966,1
-1.313976988860058,1.811222789329869,4.590630590011043,3.760781639968939,nan,-0.0339822736237344,1.0612664690066278,1
-3.3652537349654046,-3.644065812044289,-2.070919271866761,-0.47960896867469094,-2.6428177055125075,0.7249388671222402,-1.215556841877214,2
-3.469569993960218,1.601563784976055,5.110784788735483,3.3881454261429678,-2.890225149709077,0.6307029046578432,-0.37785174923305276,1
0.046953349773349695,-0.7387028565658225,2.885210804690437,-0.7784165572831682,-0.21757677394702032,0.28764409586877127,-0.3102466608207968,0
-3.4787213474463887,-3.6324210040801757,-2.4475229117912365,0.08908606276996148,-2.8233427276122383,-0.44159894125183397,0.41880293961910364,2
-1.0184871869608036,-3.3895426523301433,-2.735855192832583,-0.17966351359371094,-1.2052583003932225,-0.056092629493194456,-1.1067404705974617,2
-0.9038793002424154,1.0413238588440175,4.019984717606016,4.619776525643118,-0.3955644056236491,-0.4428165526744854,-0.039118608295339335,1
-3.3732963072558477,-3.5301267730249606,-4.334645822856131,-0.24247353391746276,-2.909204211575013,-0.5734058391378318,-0.29849280023687835,2
-1.7679350541526007,1.7661456471636598,2.756730438945085,2.2587035126508654,-1.4058453543991367,0.46080665490294176,0.35868955104724737,1
-1.8188071917046096,-4.539825611097804,-3.330118623999641,0.06944434430731863,-1.5367011010661438,0.7079180022937196,0.10065667305601322,2
-0.555475003760709,1.6386296368784898,3.2720693248413473,4.721330903362256,-0.5808527632849307,-0.820571969785746,0.1640138987109823,1
1.032745245990318,0.058941077223733485,2.607372009747285,0.45379283800691894,0.6746881327934307,-1.6010619928449754,0.5925787185485957,0
-2.2231254409813275,-4.414587224621437,-3.1566293181365515,0.29813606519184227,-1.9640113004996982,-0.6192156209960206,-1.2225103790533896,2
-3.390720729791469,2.5908975905513936,6.617844353169424,3.466444757485595,-2.842403982484067,0.09791661646538449,-2.2145100410473875,1
-1.4351122153194327,-5.086303676046971,-0.9914349045139161,0.34669909996552084,-1.0249061870019103,-0.25668137632889027,0.8643751921170953,2
-4.430578766587362,-0.703736411348094,4.176313045130533,2.3083787248941054,nan,nan,1.2302271933682931,1
-1.1287669636669146,-4.307867588038997,-1.8807881796526533,-1.9584441062394948,-0.9050535140136807,-0.2513573168613996,0.4546243605557761,2
-1.577191003288054,-5.227423714304193,-2.6161688530303984,-1.0146667847921627,-1.1975408699151175,1.5723934850453574,nan,2
-2.664564036397801,-3.7331987410630263,-3.8596929348473497,0.6232479693041477,-2.059868968383586,-1.3399550071892965,1.6262063852881048,2
-2.887733338319766,-4.110395989821023,-2.20086080684812,1.241435927833847,-2.669118710793211,0.4671949692035142,0.15070348527352026,2
-1.236194164370629,1.3596761477305284,2.608424621840994,3.3055681577545033,nan,-0.3599009398568763,1.9900911330949542,1
-2.3212631759128692,2.781107868595971,6.70242793209419,3.8183915884448103,-1.3702043878250578,0.6364475922622365,-0.6032515855741848,1
-0.3369822977473377,-2.177734574547905,2.2039032844364224,-0.7881721668818392,0.4025532373827126,2.0822776768286895,0.23208168692100975,0
-2.7614066090104,-4.432297512200203,-2.596631568562774,-0.1653402225879164,-2.0479611580305024,-0.06554208272260269,-1.3082623964442432,2
-3.6232196576219335,-4.305157992255073,-2.4352716909438543,0.8284227690060751,-2.8161675124183216,2.2584423460730494,-0.6671319192627484,2
0.01322137205898688,0.4512365136856873,1.7060891157931595,2.9854712868928983,0.18915716040462327,-1.3933648475797757,1.347739447295132,1
-2.004719375735963,1.9777529128680567,4.660328904908133,3.1306027009311896,-1.4669879580100171,-1.9121280750757217,-0.015034489779556435,1
-2.342201669297376,3.1992094166145004,4.243369499287253,4.1947418063122255,-1.5798251860479349,-0.3044667304251499,1.9540909875479462,1
-0.9451380762229817,-4.7334653542995175,-2.2027169695593103,-0.7257203718268443,-0.6076376362779251,0.19403867630669072,-1.3327212449340542,2
-1.3460236922946438,-3.5449016475115362,-1.8380496701905398,0.3220331733729578,-1.0695783407831003,0.9451015489372688,-1.6622809720425231,2
-0.526397383936644,-3.037400273975496,-3.3057069330427336,0.23775058854883863,-0.05427565828649,-0.5127133103154561,-1.6152421285851886,2
1.3920155646247743,0.12561202708221736,3.045850748990527,0.8896642833337807,1.0687000666047732,-1.3648762583018585,-2.2729745384927305,0
-1.5184765489039165,nan,-0.969292105499187,-0.23324177903802015,nan,-0.02610261838705161,0.7360164791119075,2
-1.2805893040272163,-4.7757499122503555,-3.0821215069897514,-1.8356189611039055,-1.3573990465137842,0.656838495149845,-0.5194030065519125,2
nan,-5.575514163789155,-2.6655083715651955,0.7714111124973339,nan,-1.5668266566853921,-0.0341986339831845,2
-1.0564902067995912,-0.5064395081334838,5.41561907380196,3.0190827072441917,-1.3326714111677458,-1.2302926104990666,1.4897315913123075,1
1.2681827175349647,0.7396650016616031,1.7090358797348544,0.9527220429516812,1.1188396769962736,0.8539808548538601,-0.7769628407918345,0
0.2538954213187899,-1.5253667936142792,1.9770512171123777,1.289179306205745,-0.048296831103483345,0.23882576967936403,-0.9128911566427673,0
-1.0745339068180781,2.0358559015654647,4.269344134698266,1.5599852202399556,-0.5414629409998696,-2.0285361015314702,1.2100173464941524,1
1.1994070324733843,-0.7614727920968025,2.2719830345981653,0.4308806049524103,1.6457765396417914,0.0767011204455739,-0.7360984311581463,0
0.7088684906895132,-0.5042399004595811,2.5483680850262798,0.18662403683072423,0.7896170765044708,0.13986302582377147,-0.3696727976768426,0
-3.496833191411763,-4.8821685970533775,-1.1069232648397347,nan,-2.9146925286638705,2.170508145733777,-0.15312607486037522,2
-1.2896310060495972,-5.751389600541831,-3.1037197927102826,-0.4669181440730732,-1.1641658328967879,-2.1962914611526365,0.021971305897539786,2
0.12417307029815206,-1.5902695418868338,2.8374115870192487,-0.1787366429411773,-0.028401650452509405,-1.2702241576312892,-0.17297224446735587,0
-2.817117373430592,-3.509323983035779,-2.4365485496800505,-1.3397547576741065,-2.495473576823125,-1.1437024265602387,-0.6581790240177626,2
-0.9474631632648782,1.7508885690091491,3.9246771101584907,2.7151285269949654,-0.689863118116115,0.4166566598566171,0.6225486265030519,1
0.6257667474339446,-2.439026877079178,3.6634978563919045,2.2417242104683544,0.2122622996202166,-0.4403269472458402,-0.4066944796372047,0
-2.7070421370507525,-0.5036167156503861,2.9387634299162637,4.243709359038237,-2.2781663246636237,-0.6909072028238361,nan,1
1.1788652413236154,0.9349876634234122,nan,1.155466379854226,0.5442304149128602,1.6393426937156907,1.4612361987227362,0
-2.7202013729921726,0.2602206421876614,3.525966706023278,2.044862189830172,-1.8655393856573281,-1.7200826865790653,-0.6479089430599092,1
-2.254535387377225,-4.137227421189769,-0.5325488699846848,0.5509391993039391,-1.9466295263876252,0.48957822570270626,-1.350281381710641,2
-2.141599951476593,-5.240559298903601,-1.7333687964031317,-1.4225135694878133,-1.643475297879016,0.8983313044834828,-1.3499256508360302,2
-3.5523466019910668,-6.12515043481473,-0.9431874135156642,0.030777149662158082,-2.6948927565721634,-0.377475642568725,-1.2098614875136005,2
0.6736305204461895,0.3865282706024366,2.627814800518701,0.0020758994124320806,0.17497707976480265,-1.00216183157102,1.8215477465150844,0
-4.248145514129336,-4.628207553558673,-1.8709707358886478,1.3891414747926907,-3.630178882967142,0.10783956877607839,0.6433307959100057,2
1.1916838703503168,-1.5935014191007335,2.8976782191832093,0.9651107204992625,0.7198678364002611,1.2634330978693609,0.27785688543210474,0
-3.692578126182587,-4.5988096567501815,nan,-0.2466426720162325,-3.0152375732592622,0.6136585356031659,-0.2747542178406746,2
-1.7586264387787949,nan,-3.011775037907856,-0.37519328660755746,-1.0719175820363955,-0.5269958690157133,0.40202740002652926,2
-2.920177323389867,-0.30219721453161696,5.158375398927759,3.209032743153285,-2.1892053505478803,0.37482839376060983,0.6920427176838262,1
-1.6812397103998555,0.1232474251806141,0.8901259380212669,1.4368347930950058,-0.8718882890912558,-0.5297839395350527,-1.4264645287904067,0
-2.960466000644237,1.6600905409631943,4.214619968632021,2.277797537838758,-2.3596692958951833,0.8631810629599134,0.8630191161313712,1
0.14366207600260428,0.0010905687782613582,1.934071691442658,-0.7839598588524527,0.21952309372426904,-0.4985827708884157,-1.5429467794388452,0
0.6305331098550969,-0.5945873353402003,1.5051900450742404,0.8178991186250624,nan,0.3968350545737351,0.003735945533623835,0
-3.063063921523884,-5.085459901876491,-1.6679350836537028,1.1178926891339718,-2.097189411770373,0.6141922702915619,-0.7510262895620549,2
-1.2463812089503472,-4.034949390225779,-2.499385782161697,-0.0630690888686844,-1.3505343932827587,0.29945394528187225,-0.5043040241579374,2
1.1543322722929248,-1.4320256611370734,2.991943582370947,0.16510279616719023,1.4096519395089406,0.3364232052420619,-0.7018692181125111,0
-1.1781473884279734,2.0186336625262826,4.508414255620653,4.074878198289565,-0.5018502118843384,0.9597796138121145,nan,1
-2.5693225241595967,-4.8427187096416064,-0.3675651312562698,1.9331681611842155,-2.208082287963821,-2.036477507528247,-0.15901020936481502,2
-0.33145127630310667,-0.6027206319007016,3.81616287283452,0.7314233447790643,-0.05880850498020743,2.109313887458809,1.0119273477724546,0
-2.820218644501659,-5.324958257758643,-1.8475746491108789,0.6215264037954821,-1.8771379503658698,-0.45679908499893496,-0.7304856918212026,2
-1.3697478010537525,1.0795456834531154,4.735125795366599,3.148443438705538,-1.0432562771221823,-1.4417237087484207,-0.1379247095967956,1
-2.653034884965324,1.1483164355062072,4.51757692341751,3.837890729082982,-2.259599902934786,-1.4237942080111599,-0.8315409603209176,1
-3.0267362557256248,-0.2992846202632877,4.19689115840869,3.1111875241604006,-2.226519180871752,0.11448201488035518,-0.6027806000804189,1
-2.0418915976889465,3.2188954429104357,5.760705627670122,2.4965629120856736,-1.0433206745776462,0.41263952596848374,-0.6086351965469128,1
-2.2254840839921988,0.7627787335178611,6.8584731061244195,2.796376455831278,-1.9133652639488987,-0.3942912396315392,0.8968920128046545,1
0.9129545015704594,-0.37727746817554864,0.9960801435955509,1.116837158865239,0.5024383324583033,0.14552659892165168,-0.8545822747621078,0
1.0314819037821343,-0.030759687193082696,2.6333692535044433,-1.5384634593935336,1.2077839648378117,-0.7843600866398546,-1.4508483393837572,0
-1.4959564251482842,-5.390454857776868,-0.46971092598341246,-0.3621241958161706,nan,0.10207299578186925,-1.0673813712580627,2
0.134678737194527,nan,1.5664549212982306,-0.8389203276154334,-0.5217017013474483,0.9166940632139651,-0.8794682764666548,0
-2.101742427410414,-5.612294758550191,-1.3396836018936071,-0.8045361445338336,-1.6572522502283762,1.5277442387801448,1.8846492280472569,2
-1.2192523753664026,nan,5.941036922425709,4.561957363468062,-1.2621056390699126,-0.9467826849465418,-0.9461174813635315,1
1.6990240556363316,-1.881434877978046,3.153164456523876,0.8111098812638808,0.8330352205504397,0.16926465724460188,-0.06554088231937417,0
0.1116985270706643,1.2555483581357167,5.110205313108097,2.948570001094641,0.3174588208544966,-0.16276367427342878,-2.1645518920338827,1
nan,1.5478865338622543,5.356259376583917,2.0859485035097145,-1.3838207473403141,-0.1540904670039632,-0.19342835078609188,1
1.4831975067173726,-1.9045391255454025,3.5242269393411503,0.7072020877372241,1.4180869878092182,0.7376178736141565,1.0955384407842836,0
-1.0494274769647103,-7.181839351450556,-0.5767220685944692,0.01499583571903676,-0.338464900288138,0.3202550538124129,1.16659601189938,2
-1.3843136647500853,1.1670563750988272,5.19287287241978,2.919768648432868,-1.353232578533379,-1.3506920945613843,0.2217482382107944,1
-3.499644114348089,nan,-2.99145274289256,-0.7615951444916782,-3.081277742923752,-0.09681795240699975,0.13211004529097586,2
-3.4325870608303415,-2.989559812427914,-2.84192516097562,1.7449722301913522,nan,1.3809792021354603,2.2432598277488953,2
0.03984104166710456,-1.3218533028612696,1.691808018077935,-0.6805863372470345,-0.2076528434189062,1.26847101267953,1.2463907805826306,0
-0.5558045544261482,-0.8324752970159517,-0.3866928154090603,1.7954329789499197,-0.17040532194176589,-0.5752793500898342,0.3085656482037778,0
-2.4268009115244102,2.3693475391942593,3.019001691967557,2.87062204995196,-1.9263915416947521,1.4460955194403269,-0.4266387606434437,1
-3.286922993321854,1.304711849632456,4.632547258896466,4.876561031215526,-2.177412137634728,1.5276511663658197,-0.6222942205339841,1
0.7914925953071552,0.6639873827467764,2.4489301928620955,nan,1.0762775771920177,-1.1379202812153686,-0.3472871616655635,0
-3.3534918990475306,-2.5907223759658935,-2.2162945327588424,0.8681376684737662,-2.8822901461433106,-0.6800717073827852,-0.22898558897820095,2
-1.8937946995801391,2.476741861907665,4.028565595594861,3.4151132915395594,-1.3132538523919768,nan,-0.6219682726278898,1
-0.5824059273712359,-3.681361816088551,-1.7985589431795281,0.18319033678755603,-0.7051677699442619,0.4652977382443662,-0.24523645950153794,2
-3.5913320192142435,-3.539912930148076,-1.2009855235559033,1.1882364498944589,-2.5677721492638197,-0.5901090628490256,-1.1192911863520476,2
0.49073840661836665,0.45902162543500097,2.2545556771338084,-0.12976694567123898,0.5410324486196011,-0.16088313617394545,-0.07833098834652098,0
-1.8035162371410527,-4.321568049346042,-1.978499595077889,1.6209146887242378,-1.3176368262540759,0.6179490613632863,-0.986158595309083,2
-2.164343377263238,-3.241832466438366,-1.1039167206006661,-0.9617355163391832,-2.125530554947202,-0.32983160871508593,0.6016670066020199,2
-1.117149095997911,1.281259337450417,5.034289825428642,2.5801866216099727,-0.7721319103099081,-1.6085767056112001,0.3218287953621043,1
-1.3188021014783131,2.5890331126651756,4.033551339351661,3.8124687373974555,-0.7304260766068336,0.12345075332299872,0.5079204236483823,1
-1.215942991445611,0.7951970759924802,5.206992927851114,3.9048510933386598,-0.849585192617388,-0.6307839287441566,1.0106340070340953,1
-2.7039129590129956,-4.913975736239042,-1.370373451914392,-0.5624680580661531,-1.8792159257325598,0.2358101086711871,0.42723830156114406,2
-0.45059495737182553,0.29141062752558106,1.650706952374317,0.18373409254712392,-0.13978080846739996,0.3474845048912535,-0.5268931416750127,0
-1.4366321435535123,1.837900168988484,5.908776542103233,3.604205941865018,-1.2665715893081102,-0.552000483072786,0.24314060818832794,1
0.1876001855733616,-1.1361501131699647,0.8817411554920624,1.4816366110474761,0.1682362117398205,-0.4300211751359204,-1.0012468874594145,0
-2.5337460131621836,-3.646562814994307,-1.8313959468750731,0.05775795897364629,-1.7052977937165033,0.04859554812440352,-0.5893916471291044,2
-3.992411331967605,nan,4.748680749394314,4.5225235051804855,-3.31192606151133,-2.5818584561988103,1.293669634541355,1
-1.5310313141481877,-3.6079676659510342,-2.071167249037531,-0.22513491369032138,-1.0663063311760248,1.2735554446445636,-1.2384994102806255,2
-2.6469666422655656,1.8754256857156626,4.995893244812923,2.9303825721914274,-1.9863762511623306,0.08730516417954645,-1.2835961492488002,1
-1.9088083660987643,nan,-1.827525801956709,-0.9091450508128875,-1.233613380555894,0.40775254643273384,-0.05793541806579048,2
-1.9555351885416385,-5.29286769150456,-2.7670082394246687,-0.7339236909814784,-1.808077115885081,-0.24161607387800946,0.34131716494683134,2
-2.407596397770115,-3.4250400429466508,-2.38289902225512,0.43073389299487475,-1.7134504962673445,-1.4603273306004358,-0.8615602665059346,2
-1.6501670283875576,-5.496616199536512,-0.9013075385248053,1.3263258538664742,-1.1381334135925603,-0.03746014093782282,0.2576235684420019,2
0.3128269855919304,-0.37072397856033457,1.1647226857763344,-0.12407745202274006,-0.66411193156246,-1.437605836904004,2.236551291778509,0
-0.2941140618982847,0.9057017634091333,2.0057937148211584,-0.3342128736793961,0.03213117424441525,0.5820713080990756,-1.0127669463927644,0
-2.4530755202966317,-5.3286722228719166,-4.510933917001987,-0.4663852524942621,nan,0.9895983411214124,-0.9957839254919522,2
-0.7360010378017177,-2.563510755928214,-2.2641380542467027,1.0817161032370615,-0.6175812082469903,0.24448408633142718,-0.08718423673275115,2
0.4713868578716871,-1.7461379295007051,2.778489807237084,2.1639820338432068,0.2856699297010511,0.33710082336830777,-0.3251151257665309,0
0.45486286239142015,-2.0298389527278116,3.486764359814264,-0.5142833584539616,0.651695917089214,0.004620797284272615,-2.5463230765068148,0
-0.8384492193338234,-1.0566674904028157,1.1754924876322035,1.0773626075689622,-0.3822032328861289,-1.099528241099009,-0.22270683694353077,0
nan,-2.0364549821071667,1.9000885425571845,1.347276080038121,1.183924941701067,-0.12736297183137799,-1.8931610980369562,0
-2.0498970171075346,3.008858774445126,5.044371230849424,3.1966268699757725,-1.1781972215526082,1.6188200326745608,1.0974240276900122,1
-2.233248775664987,-3.551542894907581,nan,-0.9955998387553799,-1.7164467852661704,1.3527440791879628,0.3309205519468767,2
-3.0032904854002123,-4.888432151565649,-0.5229832369027154,-0.4501866855021226,-2.465487782549003,-0.8641516068794225,1.5571956615229812,2
-0.916156321644865,-0.30290645348586687,2.2287158950217854,0.10587221653111151,-0.5614027915827859,-1.8532679197264514,0.5230491754168218,0
0.721126570089732,-0.7796082128050967,2.0699508295801308,1.174356140013968,0.4399367239434082,-0.6750593757384893,0.09328184157782933,0
-0.9768023456373387,-4.173665894187722,-2.2378369180595845,0.06720715055554027,-0.7431941638084989,-0.3982411384488593,-1.3015689746055568,2
-0.22004007176604612,-0.7917804027607303,0.831818390250969,nan,-0.7032956326408334,0.6689067760069186,0.6145560944106202,0
-2.5697630813297043,-3.2191464825199723,-4.1926995800224365,1.7661842996090982,-1.8862574784216368,-0.9647568395426698,-0.9854549420187485,2
-1.3671685857556408,1.631274883862587,4.275725539017421,2.5176350313843656,-0.8491309933044174,0.5878063048336517,2.3617309184260598,1
-4.039182592216545,-4.13429322444866,-3.6796801999478435,2.365379727462006,-3.086760415357076,-0.6930339441982734,1.3590724251514574,2
-1.88598633961644,-5.5866807255898685,-1.8672910877632192,-0.5761864101432523,-1.9720066572293695,-1.6714500878650966,-0.5306271200403034,2
-3.4986595537170544,-4.4603333469633855,-3.6318749014848493,0.567265883015952,-3.0041536995905034,0.4872648368717406,0.816002344690279,2
1.644177482547268,0.20115095908725394,1.5243002443896545,-0.0888469962193183,1.0885624677948669,0.23375917457042147,-1.510559386730595,0
0.6021687656775262,0.0358540247693665,3.0814005883560753,1.2180100246861152,0.23200907321416114,-1.597033641638365,0.271503708844968,0
-2.551289778058256,-4.490897105063512,-1.1253125505594994,-0.6641812638634023,-1.9521691621748436,1.2362273513696995,0.5676558811897214,2
-2.2476321775376316,0.3430645508646658,3.4354447793296163,3.252987644799138,-1.5475704744096646,0.18927030935563646,-1.425383586988094,1
-2.0322778844781677,0.16332525182794289,5.601588969418918,2.801479006841287,-1.6764983998143679,1.056286389395297,-0.8285353623973214,1
-3.060819089873278,-4.962629233988574,-3.0274932739140006,-0.3873371198490613,-2.433765565970085,0.3511671128570152,-0.012787646552325001,2
-1.0748170919192161,2.49708680997655,5.679329126465589,3.9916750159097902,-0.8410920182353755,-0.05215761363697136,0.17151265589831574,1
0.7581195050786349,-0.21267781312671752,3.023018195368828,0.6035877277079695,0.2646653367053545,-0.6868922312170328,0.14903406651872372,0
-1.8792643368023207,-4.497995290677556,-2.3145539624498332,0.8224325253939833,-1.1397760454975703,-0.27997491997373736,1.58357896470261,2
-3.141990137390629,-2.349489918264274,-4.313667580622071,-2.053947688792471,-2.194787104966897,0.2301328146034394,0.4105466210097249,2
-0.4047207664134983,0.0005865713851709864,1.121664455098286,1.4758720329930428,-0.6273488427364291,1.5816470488649517,-0.5756622901015325,0
-2.1426693703056756,-4.701158701482347,-3.6316266553242054,1.8091717611865035,-1.2171642056260346,-0.3711079772210336,0.7470039061353506,2
-1.005399898746852,1.0266292160747128,5.82445796692782,2.554786252934462,-0.6278401202216906,-0.7100011307014765,0.8373298543355127,1
-3.0096574035889803,-5.082229320840728,-0.658267222896517,1.5947142461424935,-2.487193399875896,1.7461452601372058,nan,2
0.04558112095128608,0.050486333316257126,2.8932172038742956,-0.12811746171724375,0.1327803095987743,1.1609323991596674,1.2694649852066573,0
0.6012332035152188,0.47401448750793035,1.522927280974434,0.7996663567890727,0.3802977972403704,-0.10730839678809745,1.19877684305361,0
-3.566478315411006,-4.814749329895622,-1.5185285803383906,-0.7800405443567846,-3.205083088829871,-0.9015368418238378,-0.04558051801675644,2
1.2404433125835082,-0.2681821261057151,1.9190819800043846,-0.09485191495387457,1.074497889591752,0.2626919190604362,nan,0
-1.8873137886635498,-3.42653287352472,-1.6827100290906425,-0.44740230835465045,-1.2475182278725867,-1.8365057686130446,0.8847702549667918,2
0.5619146048843693,1.6999703377718058,1.3210016436700425,0.3248045637099824,0.9598485508891822,-0.3359481458189936,-0.40261286700398696,0
1.9738202584729567,-1.164897508363062,-0.1818154410221493,0.16872694609315592,1.6529614589048858,0.30449771407570864,0.1341901052472974,0
-1.4658617195042725,1.5088678939547244,3.9815195317658687,3.1744635367160248,-1.642782646413734,1.4245020090592482,1.4248344317129265,1
-1.6075763389248987,-4.476398611607482,-2.2288013984008312,-0.2803104739191524,-1.8762598355201368,1.621566440012852,-1.625711371773528,2
-2.18451385055977,-3.966111908570642,-2.4353509717134276,-0.7511998332909615,-1.874800531702527,-0.9313622536018459,0.6422648091139338,2
0.25456200852529043,-1.5069795538021813,2.6873481458446866,0.8480563025194225,-0.14382434842628944,1.3091509898212395,1.1384119582033039,0
-2.891520968161469,-4.332241450545544,-2.7640544423372946,-1.1953966359888646,-2.3508482985059636,0.34044091620608563,0.3218497296677603,2
-1.632215693065472,3.564489333999423,3.4570288338444346,3.3742525382388187,-0.7966866092996586,0.289812631032102,0.6460925551268584,1
-0.9071796541364614,1.350303915090134,7.049686954294824,4.034394204042745,-1.108789765588673,-0.22866825532620508,0.6494929207342127,1
0.05211254796090775,2.2625839340644656,1.870053528078128,-0.15578974328503625,0.44170807377273946,-0.9637977755214179,0.7041794388621309,0
-0.6521486607365117,1.9507315285348268,5.093340021497158,2.53509064738179,-0.6290557527635381,0.5179237524221768,1.2776112348032909,1
1.5663278496687894,-0.6336607960996992,3.2246981645970534,-0.1309387236538332,1.1723552424893675,-0.2033960468470698,-1.8776845676190959,0
0.022374071703623433,0.3354722709013624,2.4357641682022613,0.44459816062337354,0.01012377403270049,-0.08379848658158652,1.056750521978464,0
-1.8101931684048824,0.7171244767439847,4.613695110448416,4.693126109370667,-1.0830921234773878,0.21739566658297643,0.15417050305357052,1
1.9553750975631274,0.12025327111262557,2.1485367349892033,0.4428217998638482,1.5056070284251424,-0.7245769735597496,-1.8680412845021637,0
-3.1175447072398215,-3.6666960765422396,-1.336989208307636,1.2369800166848792,-2.8877443215591594,-1.7719974154585343,-0.5874554801801452,2
-2.0117722337593755,-3.857405354968868,-2.359098760841368,1.8306070011808233,-1.4807055473158166,0.3602780846387245,0.1816801531638114,2
0.09888582133704543,1.1824726581772902,0.7494694688723909,-0.2507360387927461,-0.3575102847277234,-0.5340701251948957,0.8185365683613407,0
-1.2969624874918444,2.3882071518436816,5.189481797565794,3.283959683021981,-1.3776436890135544,0.09573869357386501,-0.2270814660310815,1
-2.2514377604205666,0.6764490818717307,4.325345000221219,3.5260634960067336,-1.8284734070775543,-0.8841114568185275,-0.010069806463871272,1
-2.443640284774191,0.6189914259061877,4.105308037370584,3.947172425859788,-2.082978094616948,-0.8620626556367222,-0.8012355620057783,1
-1.787320765683714,-0.12808473253217745,2.6947975410929823,1.6446987106874082,-1.6730194618640841,-1.5761236841456685,-0.1786395609894376,1
-1.6460731989432962,-5.461876624189451,-2.6576034978457845,-0.39674102452087356,-1.7586491966509514,0.29626081404299853,0.6958665782575272,2
-0.6126743442045681,-4.479100672024494,-3.7460844110136784,-0.8182741896434664,-0.5640696964227473,-1.2545267710838186,0.14962933942833712,2
-2.4241639848477137,0.7170214960092515,5.584219914965699,4.465720060246336,-1.637356596636944,-0.5964917963599381,-0.5014770583473184,1
-0.05978124350946418,-0.9310563776569506,1.0448996337819614,1.5851504035247768,0.40131983699546886,1.3132949026565324,1.0259566989673297,0
-1.6427220996370338,-4.48160142889139,-3.5370162174951947,-0.2980089582777089,nan,0.2967461556838586,1.6789402243288765,2
-2.4021998280431087,-0.3642750991335398,2.8171537280739054,1.2736991254572207,-2.112535015286005,-0.2095420591405181,0.2725339938767196,0
-1.7531793039997827,2.3233338607972365,6.015452441307784,1.5982497530805244,-1.6311748893459395,-0.36184490579519596,-0.6004833101245187,1
1.2687713802491252,1.3301021628038336,0.2134234997388691,1.8840346942408464,1.2058575157797886,1.1556633293058867,0.5433442159242183,0
-1.0077041938608207,-1.1374271403412155,1.2315825847792985,-1.4246343957097705,-0.903866882366769,-0.33290732121814043,0.6085117974853043,0
-2.5000904024744095,1.8657382057060006,5.886902173777534,2.2841071997118165,-1.8602886644085521,-0.19952002360092697,2.1675250978215725,1
0.3654587510235585,1.9950931809659171,5.103461886283305,2.5780182867501105,-0.37357539872375833,0.5901127130505183,-0.18429506798517803,1
nan,-5.630988197251167,-2.671813135419273,-0.8855801177884128,-2.677257779684531,-0.3443930847886042,-0.5991387275424928,2
-4.118698312883699,1.8285248558204819,4.536535478157738,3.0819548582131278,-3.050118336996231,-0.8857944702403465,-0.8820996485782616,1
-1.8828123958717615,1.371427568760872,3.738088013671302,4.7641837264228695,-2.0055809583234487,-0.6410817725943414,0.43635252183005446,1
nan,1.3570208725356439,4.402729532373009,2.105762138244101,-1.2712249033075538,0.6273588417096574,0.41508824418461837,1
-1.591623258102944,2.326058727006429,6.141828003482837,3.284778082189211,-1.2404212696423014,1.258630643415278,0.9946568448719073,1
-0.9158434591396155,0.5305608782522367,4.204890661756001,2.934598704406934,-0.10588663469344928,-0.5122594537710377,-0.27334084531301717,1
1.2473702056352645,0.6191269313257812,1.9559107716598938,0.32346251018580296,1.3975630131703873,-0.1366810438661284,-0.7908641124174136,0
0.39739103228371486,0.7274319905155026,3.1961840817947413,3.2968144833817608,0.6512431324633351,2.5214742310464544,0.40250056596525297,1
-2.1738486211683945,1.6948986847321592,5.000213322059901,3.1228452710916685,-1.8729236026616851,-1.3140406451187288,-0.8705700405853225,1
-2.075595416427916,-3.850385078667074,-2.640410520415755,-1.070314153050131,-1.577237705523203,0.8957293185257317,-0.3624204387933477,2
-0.6237168790089896,1.2211187116902416,4.326036274889953,0.876961933885415,-0.5536159702914893,-0.4641038283921328,0.3180354255860548,0
-0.17086718497214393,0.6412942805506706,4.023744082251418,3.997256453652877,-0.6572041974833682,0.259248528231013,1.6199761548685327,1
-2.343463294605195,0.48772753525258494,3.769134987735888,2.88170566319441,-2.2551694961971314,0.45557532464236417,-0.21798118146989395,1
-2.3296282208602728,2.1809741233352913,2.705228659974859,2.0414873679289745,-1.4459815662104942,1.7743261676383824,-0.7326233605744773,1
-5.5020375382502476,-4.773468198550725,-2.7438144646440734,0.43594692073573926,-4.1432742123810264,-0.1398957386099037,0.4548379163176452,2
0.28506672023006385,0.20983780272873048,2.021813961847377,-0.535119041031914,-0.29873405167227296,0.9742692695242431,nan,0
0.10435500221452987,0.10713058883912524,3.2029473845536898,-1.8691118337386312,0.17490578799241874,0.4231596464009686,0.28386291849043677,0
-3.410169733711129,-3.8880613727294557,-1.5103315266774868,0.20159830409580443,-2.8503702168443352,0.8738603821897062,0.002460481019374041,2
0.17356058956335807,0.18100776954709413,1.8915141187080484,-0.23411531124378282,-0.32678588973307976,-0.23431130873115666,-1.4904163382023967,0
-1.62149726924828,2.6237431923427312,6.114699705294892,4.787184298463843,-0.6137573548209673,0.9024125384713215,-0.5583949062885185,1
0.7757319224352355,-2.5686363019272274,2.3046923084327764,0.9217233426511507,0.5354644467454501,0.2941193195071729,0.37934095542442714,0
-1.0097493601093999,-1.5640030355596715,3.522565377505523,-0.0468558872631033,-1.4233792141279786,-0.05725666681631524,1.0232136435184989,0
-1.2184142188602722,2.266350268845749,4.343983407928505,4.662923207413263,-1.3949011587764926,2.673057461123288,0.9733060677735785,1
-2.3483098822324875,0.7573521449571055,3.3940603418308672,3.1601939037198865,-1.1005062814571436,1.8666261195048357,0.5063832090859147,1
0.21448318282389436,-0.5751812906573333,2.585225389721008,nan,-0.14688681793375685,1.1256769239734397,0.3155315145349845,0
nan,0.801795025102308,2.9181047214427815,4.34478223495998,-0.5084141323637268,-0.07833531309666782,-0.5993499674814546,1
-1.6739203570770609,-5.837434003746397,-3.4721244152128334,1.5945047719394994,-1.426234569349497,0.6653893261286067,-0.6832385595463351,2
-1.8085954564719098,0.4772954882990267,3.1482077562774347,3.3093936896871026,-2.0777671430792797,0.7468422075806355,-2.001362532040893,1
-2.7676403626071453,-3.7274401684779956,-2.3599332502141377,-0.1787348208147229,-1.959093591365253,-1.9427708307992588,0.18862277214612488,2
-3.9013819272302275,-6.236742526438385,-1.7689182505860284,-0.201855043774305,-3.403399073853974,-1.6754166539047077,-0.19467085121803934,2
-0.3654745315634931,1.2414577274799936,2.993634139260968,2.1751114915087055,-0.07582946689020262,1.4173692326521306,0.27139645733657164,1
-1.2716586439715107,0.21079403303751576,4.454745301394413,3.0324255778664684,-0.977374082804157,-0.9122900577752949,0.9913776811290247,1
-1.4439802229069838,-5.025245165645963,-2.4042647899907177,-1.3711106892208336,-1.357806275515349,-0.02159006606224123,-0.4494574892793461,2
-1.9097939666438464,1.897123870517155,4.408060309966074,3.083842052511274,-1.1138341642989742,-1.5399562424117113,1.0750122696922264,1
0.0909802101836617,0.12800038338731828,1.62761686798626,-0.9197613728648321,-0.02568623654207121,-0.43008372725445737,0.9405523902836769,0
-4.026702069851844,0.3066258526319827,2.9625961786958945,3.962355872354669,-2.9110997438109787,-0.1112832156141753,0.17624072050986891,1
-3.225468380396899,0.811130456202555,4.802344683430588,2.549032260674659,-2.6210330179220134,-1.9988268099214586,-1.0580199723293262,1
-1.5824812709677958,1.3747827163110253,4.4449141128382434,2.785892300462516,-1.0222613509594969,nan,-0.19436107039308154,1
-3.116475796720633,-1.2724095904760364,3.5621838172422464,3.6750644067316243,-2.441345395422571,-0.7319322995484043,0.7868144283156523,1
-1.4973134282114287,-1.0303236413500947,1.9365851879551792,0.332442315053176,-1.3390962499147696,-0.3922511957822163,0.7386528065168156,0
0.3463786815052393,-0.09555550229247256,0.9170527742210353,1.7808657732477662,0.5710555578036736,1.3264358616079528,1.1478158055940715,0
-0.7101857560846121,2.2894891128483197,4.776281254712868,3.625235648110846,-0.5014780570140859,-0.42869847445468545,2.843310620556323,1
-3.7819989987621305,0.38110107937485327,2.737995409830668,3.3090718946674245,-3.11858036415081,-0.2837103624715225,0.7264725501633638,1
-0.42882441420320794,-0.9617517666275074,3.2130762303231557,0.15323217665657116,-0.01177955067588271,0.913594047572936,-2.0573194663299135,0
-1.2603887741383843,0.8697640090957153,6.032721138097282,2.8507169551049483,-1.1632235058149516,0.04690763307647273,0.7854216720077442,1
-0.17556313950520386,-1.3393420507042517,2.781395688883462,0.944804482849755,-0.39691290219114106,-0.3387724161949235,-1.0298383422513169,0
-1.0695838974370804,-5.782514135025673,-2.2630815444249377,-0.48998901489189606,-0.3855865539937503,-0.5680255753321326,0.5958706118725172,2
-1.6139010165763121,-3.846929243559147,-3.019938676942,0.35058753259685593,-1.245935845385391,-0.9608272803628353,-0.0804600450917377,2
-2.8911484928611135,-6.009779787939278,-1.9587055583931383,-1.0493903740868917,-2.466032064947838,-1.501314496906859,0.744408826924719,2
-1.267180330286183,-3.510056340762533,-2.1279965027626466,0.08616887139854809,-0.9122834915823588,0.7987646454872732,-1.0948328006503798,2
-0.866545252619733,1.732218696668471,3.5786503366517657,2.9495722967890456,-0.8689542671424333,nan,0.8355415557409843,1
0.6151328120065859,-0.9253265107512147,2.4610000496277253,0.11486071990604296,0.9377001682401136,-1.021641065702857,0.7581820651493768,0
1.0472638966288312,0.5972422094127936,1.5905974832162753,0.9957835116464464,1.2172524355454677,-0.9208383783691287,-0.8000638523769696,0
-0.47191719143026123,0.24764890684188762,1.3762035785404283,0.7129576876253669,-0.49842123028827734,-1.1911687448344699,-0.4583285669737029,0
-0.2877432593140168,-1.4809187419446161,2.6325440447702104,0.13658656173461142,-0.6702922670421607,-0.46692659241972095,-0.31497439007193506,0
-1.4150428846329262,-6.061921237743328,-2.7990529118192726,-0.5268097049458635,-0.5229086582749692,0.9028846972560324,-0.04010659537997727,2
0.7484153179007311,nan,nan,1.7261113970827249,0.7120756083794281,-0.7480527850253212,-0.5069633593918687,0
-2.58535587447393,-4.570218101936347,-2.0849754774893947,-0.03943655474790406,-1.9803334777384596,0.21235993847215417,0.42556203906485524,2
-1.4066597734056707,-0.07364136085966555,3.9413942495031327,3.5037315708225267,-0.898395163566071,1.5482048889081685,1.7923720561425052,1
-2.177249510901996,-0.19732801128086708,6.406837752999733,4.158349364359171,-2.147195733728462,0.7664685783001931,1.5851045607212517,1
-2.158283825445482,1.942792864100861,3.9838677667290763,4.626941854727837,-1.9474010410829297,0.7933053539691904,-0.04662268253751602,1
nan,0.4533321475375627,2.7737188306466187,4.042699227621673,-2.0320700567978105,-1.6812641815919211,0.953078029512201,1
-1.4687650673007508,1.9050290092498794,4.021291764540881,1.961057325162997,-0.9715738578730324,1.8781998669076003,0.5821903308762281,1
-0.56611979398051,-4.470579820036897,-2.72868088210207,0.7483643864450261,-0.2636378425098812,-0.4460433913668295,1.1810929569060382,2
-2.015225000748644,0.8420575998898101,3.3056377876292977,4.878905720454365,-1.7851412487482108,-3.2847450640717866,2.5798040850921966,1
1.3926980334224073,0.5892741487090969,1.3525932936702874,nan,1.0536250374538545,-0.24274526262111532,0.1600778112539962,0
-1.68815006854126,-0.03338456926411748,5.787403177731989,4.517405362750784,-0.9424312325963724,0.6296009398869262,0.40278223744839986,1
-2.4125356263601114,nan,-3.3831918028556025,-1.6349240847989766,-1.5594134932026105,-0.21028876081784903,0.4186903283033915,2
-0.881114051075195,2.16739408115551,4.201190253626083,2.6917748118992177,-0.8669752240635265,-0.9569089240454338,-0.95665123407202,1
1.0873856239234918,-0.9572190166466236,1.329372889527555,-1.0040821947494156,0.6962138665468157,-0.6041310260928912,1.3568666934237594,0
1.2554911604609145,-0.9801485818455995,1.7223132886112609,nan,1.286716591673572,1.0092059582571777,1.285822837644869,0
-1.8319895567352988,-3.1207597617743574,2.7085018598673067,0.5711730240663732,-1.289162156632282,-0.2717292566835325,-0.2897444582370981,0
-1.2359988644388866,-2.5305813275812272,-1.3383862492606524,-0.5230975469159455,-1.430023714371543,-0.5700991372609123,-0.034531610358097466,2
-2.266786592348047,-3.804715209786466,-0.6997682131346892,0.8814593419270034,-2.2621404893545494,-1.594864442055852,-1.182586998928,2
0.7357142352772974,-0.5807448364073204,2.35740559469704,1.0709092160471443,0.9623729969370481,-0.0023128366991762932,-1.4728249683023384,0
-2.4487595858012696,-3.913556981999342,-1.8903849891077997,0.8586813204179241,-1.6357076090695912,0.6328369713890151,1.2643823016257019,2
1.0884209313402544,-0.7111116014158896,1.64224860742921,0.655094401656436,0.8879220766384129,-0.7202645988912387,-0.32729739405791763,0
-0.8618714313415936,1.2932294425521151,6.091040957825689,4.107723104762778,-0.4967895180508404,0.8485931982900702,0.02672850595523695,1
2.057963130768479,0.5351985543160322,1.7686060299804363,-1.125635018941773,1.4807102844224342,0.7009962659859481,-0.7240993914489776,0
-1.1958277068177643,2.718996251819738,3.500594179574005,1.4254301079739635,-0.6104996562753129,0.6193428892568326,-0.9744003601236194,1
1.3735481584199105,-2.077583964629587,3.4077024386354546,0.6575358149592632,1.1117360345420153,-0.46618723638739745,-0.10066591009106622,0
0.11180484991667883,-1.3991464794189967,2.7814309805659287,-0.0098962078713008,-0.43838616579832984,-1.680377470592405,-0.4317225649056794,0
0.06657512261214737,-3.045620904942518,-2.9409285182157925,-1.147064574219768,-0.3698764546655514,-0.16837763492289642,-0.8771406730766491,2
-3.2361791866737946,-3.415052787056128,-1.36084719435756,0.37794496874000294,-3.2871753225268723,-0.1268894867825811,0.2701292426418796,2
1.1512212771115722,-0.8042471549800412,2.249351297452969,1.6372542675868327,1.476388470236528,1.4609307118386499,0.8192186077352398,0
-0.9947016548469847,-6.152562054954238,-3.6182061258099454,-1.064030614848325,-0.8561926597719993,-0.5049569594601042,-0.19578592020309313,2
-2.1481253445235224,1.3009501008361943,6.025067053639622,4.9259223011229745,-2.0084130098296904,2.281178467169516,0.0948515269584224,1
1.0852930055004846,0.37978810929508217,3.2296557523489913,-0.887628954503837,0.8338068986285251,2.32370755789869,-1.2756939416552635,0
0.8873469952646078,-0.36946473308245326,3.7747061370383275,1.8974467049477317,0.25933828270173714,nan,-1.3106855656684453,0
-3.0835754147061216,1.4387507193929068,3.959239937383961,3.3284885840576908,-3.332951877851815,-1.0838531099541457,-1.194212481258852,1
-2.4261073665887403,-4.259342998466291,-3.1717484130426,0.9266474161144284,-2.069598444541579,-0.5724418954695986,0.0384467764750771,2
-0.8804114988942396,nan,4.573592327880555,3.8183205539838645,-0.8344083914052856,nan,1.4859452400042044,1
-1.2576590795209626,0.3760457531249823,3.0453856958451384,nan,-0.8133927590981795,-0.10225055508982002,-0.9053238388591185,0
0.9214503958387253,0.633659492785098,1.9359973078454442,-0.24643134595448557,0.03013521423450949,-1.220858891368839,-0.11671224943845564,0
-2.8959409673442873,-4.459487587935563,-3.86202572129916,1.6906634685668822,-2.172723263253671,0.6879094068399737,0.22679484491213567,2
nan,2.060375641269884,3.747087865793406,5.101588086553711,-0.2327151561529842,0.661009266174611,-0.36610020230113516,1
-2.018905511569558,-3.716766560841064,-0.6585258732481978,0.5061105178431413,-1.1325983532686257,0.586863358666364,0.2332168573485569,2
-1.6913868368601268,nan,-1.3960546703713992,-1.0962366605874747,-1.5525327643463922,-0.13714532487317263,-1.361444445103578,2
-3.1953481471075853,-3.0840089195041136,-0.1714366566421628,-0.4525265107817015,-2.5746378709646565,1.5906916089118144,-0.7302937926639542,2
-1.813829664785104,-3.3773985821141044,-2.891726069539584,-0.5161661455382605,-1.7319834428148682,0.9486857732111615,nan,2
0.7028065479781154,-1.79148740377341,0.38009120283939213,0.33313950079849863,0.9563109917049941,0.6273330495107727,0.5044782475714125,0
-1.386536972108066,-5.3748962493939425,-2.426355243701758,-3.0015792375764283,-1.6466384620769414,1.0237751404256947,0.29477479983915866,2
-3.0521948345614796,0.9716586943100505,5.471284720163711,1.3972047422739182,-2.400173998423128,-0.5563214588837552,-0.9751957683587664,1
1.0651290082389462,0.18947962101813048,3.3052924886300055,-1.1709500826858914,1.1764595180272859,-0.5459380435461941,1.346422961177679,0
-2.603368650126026,-3.4153289226681887,-1.996175772282117,0.1672581324910815,-2.2931141386372316,1.104925872173484,0.14018193845829327,2
0.5577749249517245,-0.37458910852147487,1.7336075345001434,-1.3700189544127372,0.30882053534498355,-1.1265028656487843,-0.2754740878250781,0
-3.491615653810232,-4.260031355106629,-2.9438556653166064,-2.1155945275238692,-3.2925542437148696,0.9562960188859004,0.6782017354346965,2
-1.5715579316366455,-5.262730811282188,-0.5984433547850305,1.1213585147209713,-1.5129951616799937,0.5663958422731776,-0.005619442001055681,2
-2.8165550154360464,-5.483536606048277,-3.3325672501229358,1.3143306558148484,-1.9982418433931055,0.36323222925936943,0.3475565461944917,2
nan,-4.813205847122012,0.12359514004793803,-0.8148552575189411,-1.7199545968962786,-0.4977240410072615,-0.06320188283748332,2
-3.710932540845352,2.225615832044328,4.3464080385546415,4.50260303835972,-3.0171671224929124,0.9412126658162947,1.7476522159414214,1
0.2641219918807153,1.8486551608412725,1.9493866946692622,0.580271046983233,0.5451154363518462,-1.45775528186069,0.07387802126873518,0
-1.016271947176965,2.2441645436717574,5.082305429017743,2.1677731742272086,-0.7237516737063148,0.4876019318647283,1.1972190366502569,1
-1.1757136128375032,0.28832036924924853,5.273541871523019,2.5074789989723296,-1.5230903413434473,0.5796196719006121,-1.0790393369325,1
-1.9901446124020494,0.3138342639618935,3.415782986393589,4.590448847828253,-2.0023693689365403,0.2860084285908355,-1.0939154002060756,1
-3.3708054741099476,-4.176003316792937,-3.789608079419204,0.41810694979630514,-2.6898187079600255,-0.438579749258696,0.25202798205023624,2
1.1992034048152953,-0.8745310204655383,1.8592419736358614,1.1144851609732669,0.8540619291337376,-0.6419668904527688,0.679957282645417,0
-2.4741718833204547,-3.7483211425257945,-3.075816669442336,1.1653834762436286,-2.142139903137459,-0.6261285608717221,1.0084331169591376,2
-2.812161563667331,-4.4407394019631425,-2.09765760822082,-0.18403300732416858,-1.9392894378209786,-0.3308927391168796,0.11947181606450073,2
-2.1548899801712658,1.8784897285112367,2.934987721542834,3.794684388370099,-1.492166349613282,-0.9910978623530069,-0.48073741841796197,1
-0.7842031185682209,-0.07121423798802246,3.320916977443071,0.8083609371997886,-0.7452474225707696,-0.007026017842777294,0.20764089526059493,0
-2.84575112579635,-4.7760681098276025,-2.7127393082827966,-0.07175278680875,-2.0096378219292794,-0.0013381015784141896,0.6224309310089527,2
-3.1008105468067635,-5.155045659241067,-1.6267671263938939,-0.49709156148714395,-2.632978009971956,1.245539796151098,1.1114131162606848,2
-1.549644819933253,1.1659141166228988,3.1200375810627348,1.7015088639700378,-1.0902296017882793,0.8579232361878838,0.16729374208116018,0
nan,-1.0394441386594475,1.8133251859205612,-0.10553481658081537,1.1788897960451379,0.23771937698786577,1.8072802959499066,0
0.5805826090677131,-0.07332888578779406,2.697738777282715,1.0420489064284588,0.46569032150460127,0.4448906167994322,0.15410659103085556,0
-2.9671424049853727,1.5900119606009468,nan,4.012674130184714,-2.783287580658177,-0.15607308909649703,-1.381288147537947,1
-4.451291430845915,2.3049934149880187,3.8258285488136297,3.7042727786341203,-3.7601181904516405,-2.1284921938144254,0.6261390403215665,1
-3.1769122709138626,2.1790834824780383,6.445541244277788,3.541381097889689,-2.651181422607362,-0.3028067328960191,1.2739944349211783,1
-1.1647707748514982,0.27993755760525585,4.963277543750962,4.1755730107418145,-0.517377196379224,0.5164812143132017,-1.9175114908004258,1
0.6321151651662865,-0.5967542946570743,1.3203858456775057,0.44145127555222285,0.08531092416939817,-0.6839470510022793,-0.0020576217371488267,0
-1.9718186841107181,-3.5117843289190716,-3.5803181785289233,-0.4028139018252954,-1.1029307970763849,-0.06839040046642289,0.7955626839471306,2
-1.646673602520879,1.5083425173421756,6.611677410754,4.03670430581451,-1.3804402281548669,-0.6260954922126432,-0.07436758847657421,1
1.5174512620327558,1.982295135249349,1.456700600607018,0.2469434208154859,1.1592720780854544,-0.4750364515158291,1.4675192882212509,0
-2.7489039767828434,-3.2030635782454198,-2.5903394065870717,1.6302576091901084,-2.6622714225147557,0.020935892720531785,1.129283375819429,2
-2.3245799386903254,0.8173522132219453,4.060693554265122,3.890278430699046,-2.1363971130863937,1.6747521467791473,-0.5158332187191064,1
-0.5073028164777251,0.7672925341638994,5.583898300160937,3.6020946720034264,-0.560613719244142,0.3649034555748376,1.1254034931345016,1
-2.0798328085734754,-3.238394711240536,-3.813892797206848,0.3044225804174771,-1.4633155354209848,0.2508214533243553,1.5791098843674904,2
-4.351471117211341,-3.490729537166451,-3.6963200277954815,-0.17523000222323135,-3.3010218897606927,1.3476493447796067,2.8196390577914316,2
-3.7305166943658463,-3.568504989445649,-1.1167303170924785,-1.755298307297276,-2.6244246305265726,0.09835615221318039,0.019595390013295393,2
-1.8349230995859886,-5.689784045052834,-3.4864080974309393,0.9292113005082744,-1.987975626931164,0.5093409015681674,-0.01287547493002979,2
nan,-4.139070937116192,-0.16073436023648302,-0.104455932539288,-1.5565962477257886,0.3108749701408754,-2.050358840311302,2
1.2087691285459337,-2.1858132875223073,1.5440362964066883,0.8806621252059993,0.7636133278298712,1.0845410881269866,-0.4746500682461859,0
-4.358653023902452,-4.1907753597703366,-2.303870258377986,-0.5159384522315872,-2.876010592075949,0.3157055514284675,0.9235983719571328,2
-3.528495713860986,-3.9537957280333003,-1.735645338950709,1.4298444219769435,-2.908593500148524,-0.25405446984257624,2.123386131932805,2
-3.4461331851649795,-2.5401009305165956,-1.096713001716135,-0.16188671688248882,-2.549213726832744,0.29511416847936317,0.3044259467057541,2
-0.18003988875929922,-2.1292491040232693,3.0183831821997695,1.5191079464643868,0.12375689994625885,1.2110086603860368,-0.41492517215630675,0
-0.35475439417008503,-0.548850640645535,1.0292639259044993,0.5867324882592947,0.326734911853158,0.8908487821331725,0.5120860591238426,0
-2.0186914232997566,1.1406914912800534,5.824492159261689,1.59744474633853,-1.0713135866148091,-1.947592759932923,-1.3105813435815994,1
-2.1489406633899457,-6.3764515873735395,-2.685832877822591,-1.4824140682088778,-1.9458179794935058,-0.7896523806452023,-0.9910773243245689,2
0.5969435022518651,-1.7402151106538732,1.1667984567924445,2.7818237942389965,0.6297755416180069,-1.3303866656796768,nan,0
-1.4391717791038512,-5.8166342306712995,-3.941209811275993,-0.3702757016410674,-1.1373982872944302,nan,-0.07269897493477259,2
-3.277373729902368,-2.664717502243166,-2.6517256306323524,1.515541765901237,-2.038905784874909,-0.23421057176242685,-0.7608336787693546,2
-0.0405631024144843,-0.7290922826834809,2.445223841379513,-0.8008846919737495,0.1059230127739135,0.7423835510341835,0.22966611767434017,0
-2.218144459552738,1.4644059220710597,3.5945845590830703,2.5640575113099504,-2.068429770066558,0.9963797003755644,0.024656078590682202,1
-1.7419902014579052,1.2991548858774575,4.192942076635862,3.354611364010121,-1.0505159831646373,1.2127127657750347,0.9674014005233108,1
-2.811659022889268,0.08584742404877899,3.15511003644735,1.9963785937244967,-2.0608716508231466,-0.6562576054964269,0.13658986179547733,1
-3.431511337472594,-5.274647995943152,nan,0.27992411351119856,-2.56694974525636,0.37133843035768926,0.5615611533847664,2
-2.3129654893816,2.3944281979272275,4.792002158021931,4.213241853570371,-2.144451424037938,-0.032614326261612356,1.0373349170771362,1
1.6450305604774753,-0.7235950845556514,1.7435817577657333,0.3396470820120808,1.3265582329778927,2.1159005190326585,-0.5882484088284503,0
-0.6214157280003382,0.3032111167968385,1.8807738874934465,-0.8873484120784428,-0.3063333456809013,1.62731527410799,1.4895846911648765,0
-0.7636665680102049,-0.21599393893462862,2.0145973322628747,1.2409588062556756,-0.7228842419506136,0.09323391738174876,-1.5141970293814395,0
1.1826248313811605,1.0333011940000327,1.9856209901307338,1.2768725801251755,1.355859775403561,-0.2746222262581674,-0.2871795949791541,0
-3.1439064299285073,-3.9433582975558163,-3.010190219929541,1.198920676765165,-1.9563892529107079,-0.5856883630267434,0.8017894600939517,2
-2.6772018717647392,-4.049214809820414,-2.8189314960993794,1.3217549948846252,-2.094589259472105,0.35781339807292745,-0.11591151502173863,2
-2.14773054231511,1.2006833359809317,3.470290358985005,2.4098273086869453,-1.2481642720945783,0.05750914364978292,2.078501600850998,1
-0.900673980318717,0.18429692909188494,1.4100450897003256,-0.1291605742966634,-1.1374104897075683,0.1935221353008299,-0.5080526384449254,0
-1.669335764667361,-5.422742060671097,-2.9615175854838833,-0.13334985808608654,-1.4831502831377348,1.7424169759146309,-0.40969663343294777,2
1.9007184380960052,-0.3858218947145554,2.653516084327469,-0.02305055562109959,1.6992604766694859,-1.212218950872784,0.7598949340083362,0
nan,-5.389971623380795,-2.0733050794070156,0.669742224148836,-1.2622772254361574,-0.729223066459267,-1.1168358300615229,2
-2.085771769411441,2.1385004084514403,4.741750611586932,4.051812952954562,-2.067689811602828,-1.3370731882179774,-1.8713375710745306,1
-2.2858949423225488,2.1545862158308804,4.843344099194857,4.290815593483048,-1.7420111996892704,-1.0783453358401915,-0.6381014496670749,1
-1.7142468549050314,-5.013306842341831,-3.128613192730004,1.0067261017910105,-1.7895365390685893,0.9168432625526194,0.9212722679850879,2
0.02738926796040758,0.6813401348577113,2.265972556160473,1.0876799075323977,-0.32500286819858937,0.6733702445329887,2.832206595258153,0
-3.0712952635257516,-7.0614276906992215,-2.265207233618298,-0.7319053352246785,-2.4573594101106724,0.22737241213828258,0.9511263854899111,2
-0.7661782789507162,-1.5598424488894072,1.9952860370538437,2.4341393650173666,-1.1490762873073193,1.031676512209585,1.202893028729721,0
-5.569313014215918,-4.727524907681967,0.04779394120239555,-0.8645433204211601,-4.8641571145723095,1.4617989335926505,-0.27824037630979725,2
-0.9678334349976138,-0.6242168220601068,4.4919434902316535,2.7388493832444705,-0.5170866255259111,-1.2378294360335929,-1.36120518195232,1
-2.1946048920400973,-3.8894983742217253,-0.033255580599523604,0.13266574385153806,-1.906635695365991,-0.10569103361569776,-1.2135758904666334,2
-0.2607298710760234,-0.14945219097824386,2.2311175177514513,0.9088619717075266,-0.13948630290101077,0.2311877069487334,-0.2681655042889291,0
-2.947742752060183,1.057203378217331,4.73394521174941,2.581253454338644,-1.9777301803285188,-1.48140007044875,1.7330887396294588,1
-2.6737282255167605,-3.752571022760058,-3.499283413859224,0.4356710978184293,-2.186638687776433,-1.8964111904119247,1.6474978376869465,2
-0.38800649518258234,3.1987512735499823,4.29071171172308,3.207764710072722,-0.21950716012820048,1.3995125152142132,-0.023903506714498438,1
-0.4626351527389969,0.47503695261388773,3.1975463399015602,1.0154996111606582,-0.1750140882032016,1.2774247647089836,0.3665628344984304,0
-2.07346777180984,-4.20865814261762,0.22287475644386667,1.5183603122976859,-1.4307444818938695,0.674501247153431,-1.7138356617527295,2
-1.5261328001443855,1.365689229601702,6.024603275311187,3.023741402257029,-1.0736107702468225,-0.028045626447119457,-0.5626858368916653,1
1.424718353004144,0.5035203260562375,1.3776644062954237,0.14993112166734054,0.9343467535166778,-0.5859901296180721,0.26738673490825804,0
-4.307119832896018,-3.310801327087179,-2.3356603008775636,0.17005896354806338,-3.623921404288303,0.9531278983860862,-0.6115981708356276,2
0.7027687557941074,-0.23744707213652455,2.327841173329512,1.4604480410034055,0.3485356003929172,-1.0198774940816557,-0.2708112786872478,0
-0.2228853173343328,0.7658020781520753,4.678962003059631,4.003894981994737,-0.44146229605723175,0.3205476846358419,-0.9423886924115682,1
-0.846841380374183,1.1713261412293485,3.9588645208087043,3.6858069336810537,-1.0880329194222784,1.160598989757878,0.3057105531926471,1
-3.240792068092901,0.6532451701548424,4.4285057035999325,4.250512079990161,-2.547095409627293,0.8625353743211964,0.18986953155106165,1
1.9408490142691792,-0.020249168996511635,nan,-0.7452631076258399,1.1616554515984394,1.6251318337567668,0.127615999171535,0
-0.29505499776944066,-1.055558939188281,2.355231853044539,0.0031469017682088096,-0.39362153955549584,-2.3592690801745633,-1.0107088457031637,0
-0.5925619063526198,-4.3817233889413965,2.1740491843389447,-0.4226944203056937,-0.06293509753572013,-0.2886345267654191,1.8878779925361986,0
-1.203226707623458,-3.672928262927112,-0.856977524446763,-2.3345057660876947,-1.3732558184611712,-0.7967914822464873,2.1058093894649375,2
-1.4641227528450433,1.3277620728777348,4.508759610560648,3.652713811137694,-0.8201042998779078,0.26254698113506186,1.7383217257509302,1
-2.176102902555385,-5.129332023046145,-2.67242917268243,-1.341169865507557,-1.9989734579799168,0.18416957307708792,-0.12256590294278726,2
-1.7124800394619077,0.777822220827187,4.55796357096651,3.6829302181621126,-1.0207458676902383,-1.3360887159943542,-0.23468167630530454,1
-4.573600320597579,-4.60699136728527,-2.7152898085483654,-1.2042495810899247,-3.803603077721883,-0.41310623132044266,-0.5477105156470701,2
-3.287975241635135,-3.1166349709077217,-3.668864212147666,-1.3204839289744497,-2.429804315576659,1.3766652242977007,0.2967014499610147,2
-2.3870631167252485,0.5005890205072457,3.9139186728332245,3.558201133958009,-2.1333654295759077,-0.28124454855078584,0.243270410112127,1
-1.3630986746086284,-0.0961119587398167,2.326796667054502,2.235786685709633,-1.5722435050781833,1.2604270420395716,-0.24559504447703123,1
1.405459113602379,-0.09612018748404555,3.7185608257625553,1.4697583649185715,0.7708923179354479,0.19974727757651306,-0.2870623312856981,0
-2.588955512053237,2.0966693495933058,3.134431573692071,3.644811427177594,-1.9344169685062025,-1.261909822109995,-0.2804305055416559,1
-2.978249924873775,2.036833793567789,4.16813208000476,1.8906877340475723,-2.465356235294877,-0.37322502743369323,0.22102059100511345,1
-3.1614080410732024,1.8257032936561002,4.9340989612986235,3.2050500624996854,-2.6340845945354787,0.8121397401951675,-2.511822898554608,1
1.1386683021516035,0.842477054103439,1.687492649264713,-1.4265981455049404,0.5186708533344122,-2.573482957984139,1.0918958856633425,0
1.313537367578425,-1.0676415756588058,1.1895566110736648,0.2593525639501695,0.8826158669175541,2.1996887847197786,0.024210392948095568,0
-0.8336826838558138,-0.5755482283741169,5.856837443698923,4.332468803837561,-0.22387424808356066,0.2198223747438847,-0.0771665682894009,1
-1.6971794812787917,1.0063895122688515,3.7332298359420837,3.9608493147852433,-1.256976451011839,-1.9656455172171035,-1.2629455251609014,1
-3.2230844960680898,-0.8195602295016327,5.079723795095376,4.373419025452945,-2.590368603507708,-0.8626068780572289,1.1502357273075816,1
-2.9316907051242262,0.8309593442007687,5.1032981687221435,4.202413049041979,-2.4383885046177682,2.3721815492534843,-1.8048471277787983,1
-2.378707823658344,1.478876407992049,5.696274441155043,1.493763899762446,-1.7482280424259002,-1.012700166738379,-0.7145844261541142,1
1.0742491310082203,-1.0798341555492141,2.214366622565686,0.923222127975247,0.8196120882230963,0.49766815532582176,-0.31607790035092176,0
-2.3608071549800163,-0.13894567540197578,4.259804133523577,4.143745650619352,-2.046578157379297,0.8813829375405513,0.847256388578358,1
0.5784381188678057,-0.8580874877351337,1.2107803851243841,0.7336944304681356,0.8552053709475778,1.0044933729936858,0.39444332261501136,0
-2.665806904428128,-3.8938948326242144,-2.587225417387505,0.6687808074270967,-2.0893989819268324,0.48370596560956175,0.5882920520570835,2
1.642510329314244,-1.3828958583098072,3.188387150216733,-0.6427324209643853,1.6539769087748284,0.894304813632582,1.5436373254555649,0
1.0867360633172896,-2.0664164169439614,1.3419791309279048,-1.323861404456944,0.37753354470708833,-0.6212135764606991,-1.197475452609144,0
0.8203389416849416,-0.7540473756944923,0.29609597032040647,0.43941714471382765,0.9623651034085241,0.6903679408410376,-0.33080880723102085,0
-3.158277106087123,-3.280853578155652,-2.8026042208511197,-0.6014479889457457,-3.0636905018250555,1.1794967588776104,0.7668727702611864,2
0.5035687227596002,-1.315993596681993,3.127799487932326,-1.6268625409314903,0.658786139313082,-0.2912667599966894,-1.8902932857293093,0
-0.08255358300256876,-5.5571748828596395,-2.3645602526358793,1.5347923501879095,0.06605066309770864,0.01055820511915581,0.1811260567163709,2
0.8004642334935297,1.520720024109636,3.0934710894618616,-1.0794038961244636,1.2650720721974298,-1.0938060730713055,1.987193990397275,0
-2.248660319961714,-2.796401479593966,-0.820681837282593,2.4740731935052507,-1.8794657867647537,0.16347153581947185,-0.05571177289931583,2
0.8591488133290395,-2.5120839425484336,1.7968329227787787,0.12367595161103967,0.9154503337337485,-0.4355892406265742,0.3981518898878951,0
-0.562422710990146,0.2786933166278202,1.7130025101479716,0.39369494804477667,-0.5415189536493535,2.1538835667088225,0.9146360559324702,0
-1.1675025737655296,1.5416039215060198,3.804573190042348,3.766788456938911,-0.9163357678451046,-1.1127873886785953,0.2488246802569523,1
-1.7327455675063272,-5.200252048743498,-1.7203385810634206,-0.307749130791949,-1.6514898807337057,0.5863654337562798,0.20336185110197366,2
-0.6537556955026186,-0.01398917583791498,2.722783928258486,0.3717451486731639,-0.2522788289897099,-0.3083343568567485,0.1833643510052945,0
-4.021979900136195,-4.285476924278537,-4.6618896250456405,1.2920574093012556,-3.0207451409567856,-0.06251802500675269,1.2017014162731396,2
2.2885767294916364,2.0160039027637198,2.1701536818692646,0.28743935627663564,2.1770534777667376,0.11619791324950995,-0.9455181836249436,0
-0.07966049834883715,0.5117159199696764,2.67897542139566,0.5369289295131772,0.005208082854085944,0.9876496198967187,-0.8250435474795411,0
1.6444787359261617,0.18986759742571252,2.603734904941787,-1.7348309190129196,1.5525847821696614,1.491238516907983,-1.9389922752153914,0
1.9588286969395403,-0.2663597989472656,2.4920962421267534,-0.8628559903925089,1.452537337395245,0.8321365962951188,0.6785010692003836,0
-2.839428273644615,-5.118913135708985,-2.3225315415555827,-1.1750987319337478,-1.925892735740373,2.01428473432044,0.40083180022246934,2
-3.6397685369936603,0.9073055031264239,5.735554028633349,4.885358292656617,-3.342594059503419,0.7183108718249206,0.1560611630448759,1
0.13953606169048471,0.8175619692720215,1.5360272766466543,-0.1883396200324361,0.27846326400183935,1.7662148497955148,1.317275087055544,0
-2.742502263924334,-5.32254907805752,-2.4261921779017053,-0.6504266407846916,-2.0748589350911515,-0.9674670575725183,0.7771515978509956,2
-1.2956473953754948,-1.3252205452751102,2.1726277930840943,-0.5816747144867802,-0.7614946871420336,-0.7561174195077031,0.11556081391317918,0
0.5570406087328488,1.0923572280313978,1.4279039105515006,-0.005915156699323076,0.5614394677043574,-1.3595765412339094,0.6103286104090038,0
-3.3378366831298605,1.826164209394648,5.434933680648927,2.1673091075745026,-2.662546540498594,0.809562640452924,-0.825789375431113,1
-0.6683288883658025,nan,-3.764066295309635,-1.7042568509302058,nan,0.4989103198444955,1.1364919788680028,2
-2.613004978398266,0.8631589071526053,3.620710144595601,3.253721949482266,-1.3275507406934315,1.6342933723748476,-0.4828184857320351,1
2.291126303961652,-0.1537978770162859,2.473696739002764,0.5005344794110108,1.3913467327457516,-0.846907264893176,-0.018738935560791828,0
-2.9277055268668994,0.12384343601478998,nan,2.062960187966275,-1.9356545112104304,0.3313059056425617,3.2987514441187216,1
-0.9860157498247595,-3.958711964428306,-1.8757007058627377,0.23005094226206385,-1.044826729419382,-0.18678028165032073,-0.9372673861879819,2
-4.706380483349972,-4.909691214271239,-3.6560791646544617,-1.3325463791696477,-3.6656247836449887,0.27448067901704304,-2.223223975166044,2
1.8912396866255974,-0.6548624438540099,2.010698477992532,0.05284662671435891,1.366121274926226,-0.8492743525108628,1.4011585588961635,0
-1.2987011372244228,-5.643199129401792,-2.3318286553754355,0.4085580553605467,-0.8363534292372473,-1.964593651909301,0.3773736841717645,2
-1.9900652459951564,1.4481924877929142,4.388537863087709,4.110495471877927,-1.4806355440686834,-2.0870459339822665,0.9825624397124371,1
-0.8094568827577293,1.6200286260046055,4.729695575987766,4.339704114013426,-0.9566590376947668,2.245437265915359,0.10072062806979858,1
-3.0615358956637437,-4.349432961020115,0.5961017109675426,1.3196275855830597,-2.6581856553081256,-0.632749132720173,-1.0672537653103493,2
-0.330058599224319,1.5579156223333668,5.272727416772813,2.4343890140471443,0.1385523882511931,-0.7358048220606216,-1.6019073238729964,1
-2.3156454439675285,0.9670000221144845,4.398308691657408,1.887366509914741,-2.033707091785546,nan,0.33854185435263134,1
-0.20966328091936237,1.6708978568757495,2.9723299413577147,3.9242558678223105,-0.45060737458037814,0.814704898246759,-0.3185100549300321,1
1.3074194856035741,0.86595268059463,2.0331937778685982,1.0445751299603028,0.9415380852599438,-1.3257581416390154,-0.9161660233499961,0
-0.21035664502527684,-0.5855351065359247,3.1192650406002906,0.48014179183361794,-0.026825623466910198,0.34952984118973246,1.3120616827289506,0
-1.7910022332687823,0.10455148965139083,5.277214711428631,2.6669171321174074,-1.6511091007131231,-0.15739417744269524,-0.28536751875044586,1
1.55046144993428,-0.6989430309705829,2.798719195785611,0.7714213384697141,0.689639196346118,nan,0.5683794579084072,0
-3.430179577539885,-6.236706022457608,-1.0472709952227894,-1.8029913175924075,-2.6648957405655915,0.6784264468052844,1.2775630081162115,2
-0.7408362283633108,-0.19682544265208501,6.418239651653104,2.958906017428604,-0.49690734704257133,0.07635561151142693,-0.15904391817577007,1
-2.6582056967993175,2.1794866317794575,3.909063731206631,2.399020714469813,-1.7306059468865336,-1.312093001774366,0.752736340974815,1
-2.7480345035545684,-4.463510587695995,nan,-0.5558979292361567,-2.369068181111138,-0.5424979366955125,-0.21568346744026257,2
0.37704240626715474,0.4458238489207102,2.4167915811587988,-3.231122900900015,0.22661184261528666,-0.5049791646304701,-0.43636441127319286,0
-1.2026624789003098,-1.673249526303277,1.8433220235809513,-0.23475056525603033,-1.2495243639264362,-1.2172598005105615,1.3549583803820138,0
-1.6349998012973697,-3.4477919327601825,-2.0086184900628172,-0.5591023081788055,-1.0973137059124736,0.2384065954964046,-0.19352113730816825,2
1.4339966960260768,-0.007169535718635267,3.7899741442418518,-0.523281914686592,0.6801279000938797,-0.3455881574861067,-0.18876877848175697,0
-2.2190912574330577,-6.047998486394607,-2.4892172912524506,-0.8627462314007288,-1.7830840846161573,-0.5055678698356245,-0.7450795998393616,2
-1.4219800195613463,-5.450973740410916,-1.984390456554572,0.27023860662440646,-0.8303551504993654,-0.000552246013779233,0.6775855689163787,2
1.1050185964428887,-0.7670312004062674,1.0194167189272711,0.4734045713424863,1.1931664687487256,-2.7538870152449966,-0.18772756990596196,0
1.353290598745649,-0.1796209419471645,0.9924809491880842,nan,0.8570516335188454,-0.1396791570578781,nan,0
-2.290148256920771,-6.264872766059443,-1.1905928435637008,-1.24652275467736,nan,-2.128584165412272,0.8005145847036188,2
-1.5251703869279867,0.344366827826583,6.82617358175745,4.782984045755884,-2.0749530332743205,-1.6720572961402165,1.2712378418280612,1
1.0509445380991678,-0.5239207000003985,1.9793216740231654,1.4495452023716822,1.2747774907852434,-0.6569202322466096,0.11713837167721596,0
-0.2452091896406754,0.8482644956897754,2.883816130558372,1.3202725541572309,0.022714650370108475,0.4277485224350919,-0.3473874336595876,0
-0.1736168639511141,-2.1029762131988,2.38327110030682,1.2156761746127196,-0.3943475867849402,0.232933550355477,-0.21985609524427838,0
1.069801565554698,1.0386313840690116,3.942654569863455,3.8539712954652146,1.3317156027074506,2.1198706335381687,0.6021477629146468,1
-0.7118379932736048,-5.081833913641286,-1.2477737412549812,1.040848229887606,-0.6466507570570704,0.3766705987404116,-1.44308013508532,2
-0.5388528075466434,-1.7093427586827035,3.7662978655801655,0.14364476323412778,-0.06298049538916622,1.5603815419269882,nan,0
0.43035325008692227,-1.499306712664448,5.230632738632248,3.925785434812841,0.23429968756501984,0.18374210478918468,-0.7814838973739445,1
-0.2769056964006269,1.2453897190039385,3.465475769330518,3.049875894937284,0.2343589866672897,-1.8060635066765238,0.42693019136959875,0
-2.725610227158299,-3.1208314898620513,-1.3333798255438793,0.2270912485408179,-2.241052007370926,0.3487484506023365,0.07355507032213279,2
-1.7037128632839968,0.30042443088841053,4.242970693209605,2.2295189542843965,-1.6359372335984783,-1.1212963369724154,0.019653322322744568,1
0.05051530425465134,-0.1863578272947921,3.3362276258202517,0.7823422273548546,-0.07838781093009088,-1.2576380917761,0.23287791896842505,0
-1.893842360198797,0.6232937631510683,5.10173310210543,5.3331617629884835,-1.3141230838062028,0.596372891909849,2.1744968233512574,1
-3.4581942636338217,-5.74151665958815,-3.3501617273795334,1.7498154475863232,-2.8430910237132023,-0.6942072854903164,1.24992598268701,2
-0.383984513039866,-1.3522956476045054,4.06237835118125,-1.1100029234842688,-0.20517565349888672,0.9328579277470458,nan,0
0.8339150166641307,0.46923723061166217,2.233271415557295,-0.6390707047485414,1.104553448733249,0.6146764546385804,1.1460863815049687,0
-1.6122948010035065,0.6270194595890805,3.36318524636117,2.2050144977695956,-1.6550325215713872,0.009503369689357175,0.3762587838332689,1
-0.46500242944856496,-1.091231875407907,2.2414150694771355,0.4833153479242095,-0.232708667207849,0.8345016163895634,-0.8324525970603384,0
-0.9907963994165123,-5.272555125281949,-2.47234073985421,-0.4146630278655479,-0.5781762172955305,1.3404268609335535,1.4096502946701557,2
-2.6534557852471323,-0.1348114160104008,5.10810663816312,4.625153745499158,-2.028819611464052,-0.6244376281104812,1.6224504613588462,1
-1.3338167386689512,-4.149871295974325,-2.520131492723612,-0.1855059999485311,-1.2091592482105875,-0.46006040016779726,-0.029605275417121928,2
-4.03767306806963,0.9601003656923095,5.635810910075135,3.03713712257779,-3.522558596902167,1.4882305587989384,-0.8010144149338404,1
-2.4676426485341896,-0.13470162677398423,4.732234582238765,2.2578683164247,-1.604390293787731,1.1592328635980476,0.17935538211111335,1
1.2807540291615997,-2.006484809664292,1.9569501250687722,0.2043531772558828,0.6396885191562873,-0.1717445051271315,2.0009746398734607,0
-0.3874265482325001,3.736732069755176,nan,3.074643964855129,-0.4765239027918021,0.25133709411124905,1.3258082399744968,1
-1.729487460033202,1.220047569424738,4.5971920041628005,1.8978009803290932,-1.4238025324358115,0.3157156602102271,-0.6825611842278275,1
-1.8319220283458826,-4.920625597228862,-3.096639391073871,-0.6554065367676909,-1.8185709592966193,-0.9082097690116941,0.17286210194690196,2
-1.2570421113395358,-4.576733489831196,-3.376323790558741,0.3531469897118802,-1.182068703339584,-0.29891777333486313,-0.18012733272835607,2
-0.994014790935538,0.08813284802839322,2.0533149970743922,1.2620269404139641,-0.8543431597337251,0.4189577696187584,-0.2941228964611019,0
-0.1532673182410167,-4.817014440530754,-3.7883878508512874,0.6812618713818736,-0.38633596720786245,0.2240595335861094,2.125108229832413,2
0.7254118990156755,-0.8353109786036679,1.0527999296433914,-0.11660255910400114,0.567369794364314,2.0407798635734666,0.18775936174513597,0
-1.470920528685183,-0.44861489085848283,4.822431246779444,2.368546054813844,-1.4321990310689354,-0.6627870644210664,0.5564718791175008,1
-1.4147552011194044,-4.39657378828052,-1.3497069440150369,1.5645993231845003,-1.5331745009727908,2.6630836638857374,-0.9321192177961125,2
-2.2235307921005276,1.630703086694241,5.911169781978591,2.7523044937455,-2.3109041121376803,nan,-0.5917229901983645,1
-0.4240096767837538,-3.0359371396868307,-0.9630629380206033,-0.601289478481431,-0.2949546051342279,0.290685136011289,0.1737748494525357,2
-3.2134226669730146,3.235356554282884,3.8497628523060556,3.796353112051729,-2.5455713176347885,-0.27220526956062124,-0.8613222285998349,1
-2.687207304935834,-3.6827871440345703,-1.5641788338044456,0.41451397768778375,-2.7217089606387503,1.0340271300720132,0.8355998305435028,2
-1.1578884828948444,1.6755311836492022,4.105583243058101,4.898017316739774,-1.1394546465550917,-1.3038164789133773,-1.062856341051625,1
-1.9907236753668234,1.096944954090123,4.334733480804302,3.708654803878913,-1.5422427644293422,1.8383720074376375,-1.258285240613664,1
-1.12924693261095,1.8951247392747255,4.483699118217482,3.5340452822213395,-0.7361109719576409,-1.1397621222887468,2.0720269510546063,1
1.8960586209935597,1.1826105995455036,1.1120393965620228,-1.0622390123200036,1.4990068534670822,2.3088020438652523,-0.24768491960212483,0
-0.49295063256887883,0.6213433856004711,1.4583122853224506,-1.1299820426492913,-0.12729197808506226,0.03869731994417122,-0.1308462265420743,0
-3.6369857615779404,-3.665609230765434,-2.6880214420941195,nan,-3.5112741034042787,0.18800054683463716,-1.2916102419047097,2
-2.8886498392724205,-5.93550113568948,-3.1061302414085965,0.2964475987980419,-2.697662369161253,0.7814551714851472,0.3504795045018043,2
nan,-4.188890677788173,-2.3255207422393,-0.4271584321934655,-3.3744782952018384,1.0513703352402242,-0.3848285735707597,2
-0.9491561075145013,0.32280805730999207,5.393838409008324,4.9107370052003665,-1.1970789804032664,-1.2567478162480596,-0.018341379158275706,1
-0.011791807520971975,-3.264071499982858,-2.3156952613003914,0.8782639228375277,0.6296136018109153,-0.7324673653677203,1.0076760310712174,2
-0.7216012406001494,-0.8788151256671185,1.6832065872166397,-0.673361931311175,-0.3682372695477696,0.5401765819859784,0.33595271703801866,0
1.3763223759688645,0.6382463407585997,1.8798292444700637,0.4366050304926768,1.2695644923661056,-0.6018275461149849,-1.8253942363044384,0
-0.8151157543309314,-1.8716003455152723,4.396739842561338,1.2287531717450586,-0.4561807919861192,0.039373670221528864,0.38892235108508627,0
-3.9113906727986105,-4.031086513018609,-2.5700713368356998,0.11217230664940409,-2.7303443364396403,-2.3905221943677817,1.36751121431893,2
-0.5242086448256875,0.1548258884676083,2.8373330360053486,-1.7309831712114754,-0.9363506340242722,-2.4906702064108104,-0.34379168449285985,0
-1.8520377573520606,0.3862413588530602,6.972714552941534,5.085038389769364,-1.7337623799710093,-1.2187451049874183,-1.3607002218889783,1
-1.7790927008638417,-0.48213683007229213,4.833418617981584,4.114307229646711,-1.2220342135427407,-0.5155527371499822,0.450003055266055,1
-2.853635128613048,1.0195584377745412,4.236073769916175,3.074253563732737,-2.455951517469103,0.154671257514753,-1.4692884805692614,1
-2.34236344408168,1.9217110017154975,5.204671322214537,3.64276996196462,-2.3874761684840333,-1.4559709178512266,0.3833625435680751,1
-2.4088832446304638,-4.530854036301951,-2.7416678911673538,-2.112510955048454,-1.98967048782262,0.889739102690939,-1.7320415278523722,2
-1.4366199102144817,-5.193222154336212,-1.0316492922828318,1.2079648274444728,nan,3.2249603579217365,0.021478583409616683,2
0.7818516667458097,-1.4749575934033303,2.3945485397896373,0.05947277754813912,0.31885296956255055,0.7314541675475865,1.1691515222431805,0
-0.7768002317280124,-1.8203795968077277,3.0443878591770233,0.6483688899032193,-0.30816511971901445,0.8502917866709382,-2.6543852533361414,0
-3.1364627260381233,-5.3389167873292935,-1.477058918509859,-0.5680011793221439,-2.5495209690148126,0.0073763700292494025,0.5672453788678645,2
-2.006812927240496,-3.362850728486398,-2.15220205535325,0.3475140825647875,-1.6634831351493402,1.3527220679408407,1.0255645835287968,2
0.7608942344674459,0.11635076824400598,3.0833925773422135,-1.7680041094174124,0.6900201901929647,-1.2005003119647275,-0.26891769044056857,0
1.6858493392860185,-0.0063462711854294085,2.341231509042319,-0.04388975873675077,1.33274544091865,-1.3518298153365869,0.34438188274719506,0
1.2728675854633202,-1.7483973173081733,1.3885991079814102,0.9897850739832472,1.683758658751671,-1.9898814327123286,-0.07640186567182186,0
0.11537956135505295,0.8229488632245479,1.5112650118559081,0.9743283516139736,0.2651186281046211,-0.17187701237272607,0.7180611597465718,0
-0.7766616939049906,0.515011326543076,3.987424567335986,5.440219951285885,-0.6843712082079082,0.40902849250233236,1.2304758479826297,1
-3.090458824668789,2.932374976608113,6.065662863243183,4.356050852275746,-2.490159283568916,0.9438233203278522,-2.8717887100014328,1
-1.9266005861486872,-4.811934212225945,-1.2843737347353534,-0.013125561574587885,-1.514452145937336,-0.6224902251269987,1.210504014193033,2
0.17094982492009975,0.7472446848618315,4.672327199545226,2.3031817547148874,-0.09758417534773728,-1.3446715129131939,0.8653380985662062,0
-0.9459507308502986,-4.368318933969858,-2.5376682221325257,0.9372212463782249,-0.2624795797811351,-0.7614970594744106,-0.5075182475190232,2
-0.64073931711954,-0.4445452424385084,2.7903241341982223,-0.6898209891449826,-0.7061855569561821,0.515854625638152,-0.0568464002847011,0
-1.1733737903019705,-3.6617153008945835,-1.1991505160793645,-0.14458937245115103,-1.2239293648534417,0.366230317877716,0.9881558043786883,2
-1.8581156000972205,1.7276968514444522,4.824817312847303,3.140188369111558,nan,-0.7172816004526034,nan,1
-2.0871103689040345,-3.972137284804044,-2.026654990809753,0.44050360192950644,-1.8750801706039293,-0.17155846332361852,nan,2
0.9574035481067931,nan,2.5403764819819683,-0.17350050124014893,0.5542240763641971,1.5409625056428224,-0.9011439181885514,0
-1.0663869424170738,2.4325336293621467,4.767554017537153,2.897443449025565,-1.3365237878806298,-0.8467669762299797,0.246511654412431,1
-3.1792159281428134,2.025321478719551,2.6330911151566503,5.550189793575507,-2.8205619023165553,0.11605165311451968,0.640812553331895,1
-1.5602245707233868,-0.18856333145158444,5.261392771229315,2.262164470713638,-1.143560997249477,1.3971207962670178,0.9332449715864446,1
0.4815879601323592,-0.022195686384295976,3.491285802550321,1.3169778462501234,0.33578592208966357,0.6064502180682071,0.5718810252805734,0
-1.9685303210187302,0.6051937169072586,4.788549435432683,1.3269321344427245,-1.7163826566201605,-1.7612212797436693,-0.03613324933468873,1
-3.11419130873563,-5.094389832001122,-2.4869956007425262,0.9239279360217818,-2.2301145412776417,1.19563675632608,-0.42561870507066696,2
-1.9491197566134442,-3.0638755849824797,-0.42463601363072634,0.1279339427697204,-1.334615841102066,-0.08492587150501266,-1.214657844375121,2
-1.6898065683478039,0.7741131808910099,4.557865893783316,3.73818985777393,-1.305124319642238,0.8906518870740568,-0.6006076236286452,1
-1.7823646170385365,-4.940263726688733,-2.890432134970685,-0.39510868665676746,-1.323260058543002,-0.21483359997682078,-0.16413356548623473,2
0.6687604939458792,0.025326205595065487,3.2662120447599516,0.0213802963930233,0.7566715506109187,0.33647843915915976,-0.5877283153752831,0
-1.2709170288645146,0.4753228074766347,5.338095737137957,2.4068029761142253,-1.051257534642593,0.9701923251889977,0.6881675242428995,1
-3.670160905789954,-5.301104363992649,-0.7226593848240686,0.5123132768516016,-2.7517358523879207,-0.40256761634413485,-0.5128131568172842,2
-2.579091554668757,-4.5648879012404615,-3.131163661254267,0.1623654518624599,-2.018802176316822,0.17264835588863175,0.24706285728232374,2
-2.4919214218564614,-4.902445572054109,-1.1506680518749368,-0.8317945617798782,-2.6501159051407868,-0.20207060048503098,-1.010048339076479,2
-0.7952657811407369,2.928581373440516,4.663254284245623,2.775869703170625,-0.01965229497703813,1.3551133705989038,0.12259886724569508,1
0.8271813262988352,-1.4211506704110053,1.6361990509869977,1.288021834789944,0.44827737259706557,0.006480944210353842,-0.5031428260940104,0
-3.5860907293884905,-4.4722398626736375,-1.0047819231299522,0.45580697594173303,-3.346349420164931,0.1235242848527076,-1.3334260565825102,2
-4.257212740150541,-1.3646625790680522,-0.2889480926159298,0.3546850873100623,-3.4370219341198256,0.2770414489052602,0.4844900714686033,2
-2.8880023850099343,-3.6193846938918433,0.30271604231974925,1.2887003917966764,-2.2511085474032586,0.2521553457282403,0.02816554556238705,2
nan,-4.355219277270157,-1.6394777702735692,-2.1694014295801822,-2.3429790284038883,0.2899353492355379,-0.4867159744613739,2
0.05185916925606898,-0.2648800752573308,2.9608970188403303,-0.01992235490365213,-0.11802729079077412,-0.5703945622677595,-0.47917016003442015,0
-2.884540424185492,-3.9015853859806233,-2.5967341647302193,-0.17342193400649228,-2.575648747895121,1.4074526623007217,0.849606659374026,2
-1.6568970471454454,-3.7760892891332567,-3.283942654020997,-0.31847093321006026,-1.1200928001224597,0.9850290549129993,-1.0630616019062027,2
-1.7784061379782092,-4.411313557438486,-1.529682352156258,-0.07605443212084087,-0.8117551375115654,-1.1459703090121494,0.7202346068089326,2
-3.2680891273145845,-4.303288475843791,-3.924202630363447,-0.5708789746748218,-3.0721718499044197,-0.8775589900894079,0.7691595739135343,2
-2.1833843821088954,-3.8770529028319505,-1.7957713107075346,1.5088089394339996,-1.635350560026236,-3.2772105290101177,0.6541471966286996,2
-1.7174435903495353,-3.0583055452539005,-2.7002067132870753,-0.7391321716602742,-1.4119895874667723,-0.3456707668020235,-1.6456595607991706,2
-3.0422580123090146,1.7949681949922196,3.5717322668271736,nan,-2.81048169504244,-1.1833170139426175,-0.3963966093285089,1
-2.7309672405391496,-5.345687594506608,-1.6841716533175533,1.168079854028839,-2.708823649134975,0.4435365139701599,-0.16655206262569489,2
-4.234369118098729,-4.518684982984134,-0.5886882358738836,-0.10860541905937207,-3.6009420491849076,-0.0718036131415045,-1.4173315255096457,2
0.5268922214003874,0.11519638284417594,2.122961714614423,1.3897972806993741,0.6803001075765832,1.1812148910489577,0.11071460634814499,0
-1.925424963959057,1.0404366109028973,4.31895060970022,2.9367433799155713,-1.278279621492259,0.41329620063296607,-2.1856029769066283,1
-4.416595720534048,-0.0186130730389944,3.25482830022864,3.082145997227071,-2.828487436770634,-2.1993099266993252,0.19004218495936498,1
-0.15920755191377267,0.2912063828764147,2.192620620519188,0.5701600552387329,-0.2314617689433437,-0.42609125561268363,0.11766707230365889,0
-2.1801835574126223,3.047478156381951,4.574366012035618,4.109757180276016,-1.833452904848764,-0.7900262400972993,0.32934874123307095,1
-2.3723720763026317,-3.953911754770867,-0.9154383036028573,2.7387307579594906,-2.106807995594212,-1.892451545662042,0.6772002568387596,2
-3.2952430690556653,-4.3317115311921475,-2.913109985405783,1.1817065948035956,-2.839554834674415,-0.4709680520753886,0.9000651406208933,2
-0.11095282983687149,1.2015662717141702,1.6324035412083227,2.8256038360666036,-0.3095663668053793,-0.3899386572554643,0.4287087501648216,0
1.0753699645119768,-0.4586783069420018,2.24693116604635,-1.2047876044810906,1.2560352072718604,-1.2874880361250058,1.013612696110893,0
-1.1239966221846376,-0.5692849085688361,2.9461259226057623,0.13210901467603625,-0.7346430658438414,-0.8991800375420193,0.5902335067545954,0
-1.3126840067952648,1.469279051214466,3.395407402582776,1.6594625826048148,-1.1765274475889385,-0.6406648972054683,0.6824292853264569,1
-3.122945967751303,-6.420974545511574,-0.6524268321441742,nan,-2.6309846891922226,-0.06286083212694397,-0.9343611284708533,2
-1.8144170751062279,-3.8472607546493878,-1.034279725191731,1.4724417744808795,-1.4302432199679356,1.1028686091825615,0.9619878793498033,2
-1.2790739548947263,-3.786469389507076,-1.6251017473911102,-0.2121044697866956,-1.3522927433538985,-0.29352212963780866,0.9099002439266085,2
-0.154174085655281,0.2900708853797113,3.1489841294802727,-1.6713373904437319,-0.061903337333995154,1.4248892659471966,0.6816794096648714,0
-1.7760585421589825,1.8718260965056452,4.29127513382858,2.0914238885158727,-1.2647845134609461,1.7994294211321906,0.0414401645359858,1
-0.791005617560639,-5.532199045208246,0.6969469859062913,-0.7911086048051338,-0.31776241765996993,0.9399162450219835,-0.029538240920145523,2
0.10615950341021685,0.8539270135740202,3.1331784426778304,0.7018973614706512,0.20741211366114826,-0.7428759039737148,-1.321359845618595,0
-1.3448693558685654,3.2138637958910636,4.5085887795189565,3.3196481285433026,-1.35158531647996,0.5811080259243646,-0.7957215816894252,1
-1.1612249173760785,-2.2416309599916073,-2.2431255339726,0.17930126832306767,-0.4051154869736844,-1.3294952945833385,-2.412116103439159,2
-2.8441857440895517,-4.780969704326917,-3.2479919027287716,-0.6097955255085261,-2.085436520840614,2.135458643177769,0.9827381619584211,2
-0.33785896258731585,0.5868154688547178,3.0526860446751933,0.47117392064661173,-0.4752677257236333,-0.5875404530882841,0.9110277439574016,0
-3.845833068375816,-3.7891884952483803,-3.1347417292348867,0.5469273866544758,-3.122033754792399,-0.9980130047936633,0.49246270744962495,2
1.1208439918293454,-1.5396340573229752,2.0883236259271953,1.1472370352145038,1.2447123528004083,1.2139223848183522,-1.1350117610477173,0
-0.8641160421683243,-4.7586237811362055,-2.949240811077083,-0.6327320506050712,-0.34179032452121344,1.0922884645604445,-1.29482051604849,2
-0.5492138621284702,0.3728798806937485,1.2146059758602767,-0.057312995688642565,-0.1701610497253418,-0.055847147134855835,-0.341435876248679,0
0.9256466279715674,-1.5363069842868204,2.1758347257489974,0.2145331210069183,0.940479826240039,-0.15490572213484474,0.37582461336061657,0
0.7135718473650325,-0.5575607488938421,2.862309111194615,1.4778571364447628,1.1601215500816011,0.7891414954337991,-0.03118785123350981,0
-1.655078527507846,-4.769718093402924,-2.110538666336154,0.40082907317113003,-1.1904788850307901,-0.04564777308464168,-0.039344734479399374,2
-1.1851565586993096,0.3885796414131938,4.59182879481377,3.875572239789489,-1.0092138266840731,1.3013342238405226,0.9744546241481095,1
-0.3493113317449814,-3.817467714528221,-3.0746107950600243,1.1284042752383374,-0.5747295898092009,-1.430681668103054,-0.10290835867897062,2
2.28289856127432,-1.9562095772247672,1.772948706872067,-1.2384871180052004,1.5215869232015684,-0.8452516939898703,0.551420822019151,0
-2.243757381776045,-3.8193341631692896,-1.5346285461860663,0.5103736632818261,-1.8241334566745346,1.67663704713652,nan,2
-3.15327995525681,-2.6892701930587775,-2.1729143344079125,1.2274616958651403,-2.667268227328669,0.2523274802069165,0.8554506061596281,2
-0.3071487571803151,1.5984881340312134,3.187467423303981,4.305302849481228,0.18806739423077729,-0.7825214388416948,-0.08729697606689596,1
-1.476784439080732,2.1193661294119073,4.492658164281127,1.982117169300469,-1.2659877793613958,-0.30024320531091275,0.6402354012948145,1
-2.3541804622202127,1.7826132382205704,4.155828991644754,3.1223772721991714,-2.110546374264318,2.1271865705015496,-0.5445957373518362,1
-3.0872201895215605,2.77091585999813,5.241526494188084,2.2775784760742814,-2.4415432424582697,-1.1057314177420026,0.4908903018700142,1
-1.9117750604320662,1.7268139924509955,5.222725547876623,2.4167639117918363,-1.1843878020282732,-0.031146128302492658,0.999636636667225,1
-2.1491840108952873,nan,-3.204421300369048,-0.4113916591643282,-1.9228278530833711,-1.3743912941337264,0.3016237927087858,2
-0.02985279401828511,-1.0732606919527552,1.9728793563481162,0.960906644673184,0.09386252562832283,-0.46814710152014577,-0.22368405941397496,0
-3.104200925760945,-6.393349290196481,-0.14162804106461024,0.29626706469850833,-2.681034647627881,-0.5749628857793183,-0.10689550440122043,2
-4.517362445747274,-4.0228408546532775,-2.712505510103138,0.2898918810674954,-3.3961669173859788,-0.4187393012176144,0.41502277883237554,2
-2.7356649522072765,-5.383599017592521,-2.60387352197901,0.5482898213055906,-1.4792949112800333,0.9629357625482087,-1.9535139484095259,2
-1.6959049203581156,-5.043163541351098,-2.176083339901694,0.6089491460568157,-1.4423727469256011,0.49818348314036615,-0.2668543613644526,2
-0.8334606573402019,-3.8878094601277704,-2.9443552661405645,0.6352522090161163,-0.7915920215548343,1.744792729916706,-0.76826375801076,2
-0.2952151505877896,0.16141479687640348,6.13920166839913,2.7740087604139756,-0.1445956180163914,-0.5760203183727548,-1.2019761360769257,1
-2.6803148566439012,1.2112841318600598,3.6671378513362174,3.281466706463921,-2.683833721592907,-0.1453973106474358,-0.4319796861117306,1
-3.1429732047906387,-3.9051063642860053,-0.0637097017172139,-0.020349945296702476,-3.194428971084013,0.3114147791847222,-0.4396527655625971,2
1.0531306996668794,-1.2296546161011646,nan,-0.7376269567959327,0.6354039628327441,-0.0946052442980152,-1.0286507528238276,0
-2.0245947833066795,-3.380053256043567,-2.8741708218270077,-1.580211920634509,-1.79521233395551,0.9761607251253251,-2.60027579869656,2
-2.057185593400711,-3.3399090958590114,-2.757983285918034,0.966343573426028,-1.8189202186669884,0.5397756774092154,-0.03617279178479229,2
1.0879553207728283,nan,1.6169570365342385,-0.5909289256316992,0.9731404506354988,1.0522095787703893,1.812098131691489,0
-1.6737662050664865,1.7131003939104104,3.981492323970303,1.6834468364661135,-1.6749191431649302,0.39458644651299507,-1.262814124427031,1
-1.4752128629861083,-4.669151695467132,-2.832711053393158,0.8794261780311744,-1.033837129964131,0.2235967444982561,-1.3838287421822828,2
1.7165604041662452,-0.32065080551801384,2.204026556522419,-0.4121378862836529,1.2278975272614605,0.5342643658553967,0.5945417220172403,0
-0.8533210073448617,-1.192752118131837,2.6380381495612637,0.9628650049143682,-0.17852623166923953,0.5207199645132791,-0.9517158543682527,0
-2.66824488685676,-3.34217181792126,-0.15211104239520168,-0.4888802095613741,-2.3132117758191946,0.8234931731793986,-0.6989049970735751,2
1.573147749636882,-1.0638621949473444,1.3583428421168584,0.6009061865501295,1.2795792879936323,-0.8696557601143801,-0.8066136846430392,0
-1.71073852379984,-5.273851619256232,-2.3861369184658585,1.8499942337005766,-1.3457521349584887,-0.21426423182319532,0.09846484711493407,2
0.8701892080636106,0.32954859672264386,2.3416715397990773,1.0013958357534416,0.5021755420161861,-0.040188168925045654,1.342485483870035,0
-1.3907592869563343,1.8364469990595829,5.2307745901721265,3.906854069552769,-0.8867848616546684,1.114315936492293,0.2341970281962687,1
-3.6530645409616427,-4.7340619541060835,-1.1098369925199403,-0.4161336134024888,-3.0711297659180565,nan,-1.3423281170710848,2
-2.193429515158125,-6.191571551156908,-1.2272455920790168,0.924197218424874,-1.647969953104173,1.1308252099560931,0.9780431728410806,2
-0.5747353508898455,0.18141243043817695,3.357396754328799,-1.1466913264393885,-0.8621076927860152,-0.2820687296419567,-0.029783349668995467,0
-0.0690098734977127,-0.6206043835010873,5.711573045277582,1.8751458131454002,0.045538659645530354,-1.0950302575754416,0.4742164137364323,1
1.2861816034021225,-0.8174045860683831,1.6344536006535186,1.5871583075462157,1.4219734089445697,-2.521289773588309,3.122873859834841,0
1.1235492697070946,-1.2986450689633047,3.3873118991691014,-0.61235220225126,0.2640726474622197,0.7592150668316064,0.43415316068249865,0
-1.9894953386555723,2.243701308093415,3.9206209395431024,5.49987199383869,-1.4446483320160461,1.1227004538771759,-0.5171146759961686,1
-2.2658133244727767,1.6511356188558601,5.225115296383647,3.6873126742199727,-1.803274259872148,0.14864087603199488,0.5819760982385003,1
-2.7757412433056072,-4.647852422993589,-1.4171083288991935,-0.3075772039267479,-2.440232263038968,0.23318493172923546,0.04128616944700955,2
-1.6485301402458945,-4.555662636310353,-1.1327995015428824,-0.22487117027416884,-1.6638712412177195,-1.0845310390139022,1.1676479246982816,2
-0.6236882391282464,-0.3357527961003332,1.240814544981372,-0.9543185506919717,-0.060162967505442255,-0.11236730595947146,-1.177935348023493,0
-2.7223727057505855,-3.585553776172509,-2.003476393640962,0.09339000589914623,-2.001743294742434,0.2699251106404598,0.1954028194619805,2
-2.4287115400161916,-3.3204620740716013,-0.36612561469425,0.6195568418069066,-1.4867997141228395,-0.12215724552256738,-0.26124748604537684,2
2.044611235871832,0.26415461218833286,2.5374306453787243,0.7968169588668168,1.194036734754174,-0.9945891337090458,0.30365763930450385,0
0.33804513762644317,-0.4679090625000205,nan,-0.9840528545888753,0.7990709820338218,-0.9368515395422796,1.5148393116636685,0
-1.5966488962835808,-5.011260126322112,-0.923697239108447,0.4260991634996045,-0.7320649998332196,0.6715173612019376,0.08297833211281694,2
-2.5573634518049086,-5.79303107758523,-2.677365273553151,0.4339670283459526,-2.5315795458342194,0.9482556331640611,0.06527381738520655,2
0.13768506898129068,-1.4580544447614203,1.9070974613866605,1.2787011961916355,-0.16675049015130805,-0.6633297418059257,-0.055560988478848695,0
0.6147680037189767,1.0095467329855692,2.6986856704069697,-1.3015268973664997,0.4248016478509808,1.6433060481654134,-1.2250430105041719,0
1.2836236293317487,-0.22916071909260605,3.5921927157638374,0.21492673100431564,0.34182617729032305,-1.2985002759376973,-1.0446053962624067,0
2.8722737247149874,1.2537205765184187,0.49151120611252486,1.0396333860712028,2.5852433181587444,-0.767891786637184,-0.609049314697623,0
-2.3464684560845943,-5.214588372997067,-3.4980619383195157,-0.18563934481637404,-1.8492020032994003,-0.09485035032085225,-0.45611326843013117,2
-2.5786510049463938,-4.439645402819969,-2.131103932432418,-0.6266830563386893,-2.243002503471636,-0.4660910708968888,2.182062764861699,2
-4.219389733984999,-2.406605093091782,-3.613850064650232,0.49000185173570787,-3.181246421234276,0.06428947110473072,-1.8404665755653797,2
-0.5412622978365962,1.0171785770872372,4.83544891606438,3.0007454913380114,-0.9496712131166822,-0.9483603779938619,1.1341344556316855,1
-0.20124613040915662,0.5799769473749746,4.630922720925556,3.937995573904282,-0.5122110939181913,0.31547289849740195,0.08794383336011898,1
2.388300664432422,0.8076757784575861,0.8514017602747772,0.4138640972005536,2.13689929709248,0.6497419189665773,-1.5125104691773954,0
-0.6437225963093762,2.188066256023001,3.804678063365325,4.1606894029403385,-1.0716988038042237,0.050324745853461375,-0.6416475709280804,1
-0.4320542344748711,-1.5359964590217412,nan,-0.4054797788973632,-0.15378142653200091,-0.7729576729223345,-0.9335237518155634,0
-5.5045647583668025,-6.029301338946025,-0.1564075272997778,-0.2342450836058013,-4.731421308704266,0.8487834674875552,0.9877995845478611,2
-0.9357480106679323,-0.39256180809861063,4.339172651841241,3.5655340040520764,-0.4214991240781125,0.33088669854532593,0.8511428413188091,1
-1.9012710149550796,1.5484259290093556,4.714067891042496,2.860730043376038,-1.8232919401405303,-1.5436180075715749,-0.2668996724796016,1
-2.727788994756373,1.4728905002061854,3.6475255313604205,1.4957807697746972,-2.6181345957039355,1.0091638495821904,0.8288278439008936,1
-1.7123679788744095,-4.233851268593516,-2.1675462312678513,1.2654219763256347,-1.5577287742041448,-0.37552408017846195,-0.3192852358912336,2
0.11180339243368875,1.1558863221848066,4.288582546849183,3.61977419572736,0.28565998629014794,0.08381544372964982,2.3179806080575944,1
-3.558082834126941,-2.7059501504688246,-1.7832495960464632,-0.13837960360272797,-2.8580527397283286,-0.9622328686126997,0.3581708423968898,2
-3.1510044601866327,-5.254458526006399,-1.5762991434793412,-0.5343924979246957,-2.387221352198256,-0.8571018419790869,nan,2
-3.072529266452395,-5.389215376741766,-1.304404681212651,1.6514751679253963,-2.509182566861015,0.24430860783216132,-0.5899578064287779,2
0.37500896955258833,-1.5587255205635022,0.9563728128475399,-0.18781094864427017,0.7451263305382594,-0.8154645789102609,-0.658704851542922,0
-1.920588308931323,-0.4092902441869881,3.6151756690300734,5.994828356730089,-2.0394793634875583,1.4290123203500202,-0.11342196966216286,1
0.5120462805012227,-0.7147930673329661,1.8945233043693173,1.482455650725227,0.2436098142190398,1.297890229859745,2.1247963328149884,0
1.1627097967347177,0.9441748159996521,2.201207295240773,0.9805240002864248,1.2342330853506513,-0.7084852580185442,0.07830876989964572,0
-0.045026651457712785,-0.8893391270895905,2.741429849061173,1.636971443473346,0.18893222063947454,-0.11351414830416144,0.8320103028737676,0
-1.8951654748798665,2.068781300863177,4.1145988995438225,2.1012722682325466,-1.4376690280262627,1.3393312559443458,nan,1
-4.239822995335617,-5.523968303753347,-0.2973016330374396,1.199152008066798,-3.5067201066303264,-0.6461293913792814,-0.08402685110126988,2
0.48135873279324626,-5.363031176197901,-1.810246992726737,nan,0.5647602512750304,0.5592882209254266,-0.4464022794936829,2
-1.0743253726351436,1.0102462046654994,4.270964067170454,2.6052330548225004,-1.6593066517986277,-0.27580501557963216,-0.7324319664974275,1
-0.8230953248086901,-2.1423718066668043,-3.4213385491576322,-0.4226268352986382,-0.5176322203813801,-0.46853315231812903,-1.584145355030203,2
-1.632090523564587,-4.042930514417403,-1.1389878185712878,-0.8107705122710906,-1.469330203825252,-0.22701514443068996,1.418565910533683,2
-1.099100899218303,-2.2920873626414013,3.77364733387663,0.22198764038882743,-0.8131267132324105,0.6466218038224032,0.5362084446604641,0
0.6507945405019427,1.5949868909689424,3.7106384444363165,2.0343541987377254,0.6653152066036723,0.8995469352126687,-1.2089582105088625,0
-2.882937149726109,-0.4114756239202566,3.760868075030106,2.8060622322799706,-2.6123027539546695,1.547968833151657,-0.7532577214829524,1
0.5708075841499567,-0.9927751290377058,2.5862468843129167,1.7551174217864136,1.0381143195437788,0.5935865198289789,1.4037995036787112,0
-3.6368181574263785,1.4372043138914985,5.817510010641758,3.7708691500377802,-3.1225343913611985,-1.1659977712963,nan,1
0.22062912393166914,0.6200693238394512,2.606477498413332,0.10875174091301465,-0.1457720903177224,-0.9917965336724551,-0.11692178662948041,0
0.5142599551223777,-0.6011196130559107,2.679334765948316,1.2071673525841717,0.5629522519059144,2.370556559462114,-0.9575721502887955,0
-0.2537653680686921,0.6287499037668525,0.7328322908420748,-0.8667400645120819,-0.742123186155138,1.6595815983599789,-1.0612475867446816,0
-0.521458259591024,1.3435552386422616,nan,3.380979855936945,-0.558823490314508,0.29896259348621124,0.8304737418111431,1
-2.6565575656529563,-5.982284693423506,-1.422113258340552,0.6154895610622791,-2.369737199595233,-2.223029334252589,-0.36707256297001817,2
-3.199787816207577,0.5077560380596855,3.815541862366014,3.1622571236096446,-2.452430327273017,0.4143048349101155,0.5451215517059295,1
-3.141594306049501,-4.995766448224162,-4.988820724895398,0.5438630690398223,-2.2918236410589046,0.729954552366085,-1.2449561500704291,2
1.841690106269644,-2.2565882523198635,4.345350152307327,0.641292634729485,1.4538727145685582,0.12416286264380508,-1.2402340000105105,0
1.0021204011285492,-1.8985856749441192,1.3873044442662785,0.4483153085765341,0.9277426264974235,2.326673352775762,0.5166444560150704,0
-0.9089992856374628,-0.04999683886327455,2.319048427254535,0.6041349055908035,-0.29750521329053614,0.6338036885642054,-1.01930177007512,0
-0.5886336900181791,0.22957063885766976,2.524925542176989,1.072950677595724,-0.2672325736573815,-0.7135762370238542,-1.066560115829024,0
-1.7402937391648552,3.0164937095839166,5.7645319833521835,1.6468062552249783,-1.5215892711661576,-2.289170842795721,-0.3231688026171785,1
-2.7461100125879523,-6.463195494734816,-2.118483220880485,0.6505459775843004,-2.3340908370844216,-0.12634725495038704,2.4839715152181707,2
-0.8708601762894186,1.803603574613936,4.198078033216379,1.73356305251231,-0.1672343425243522,0.23525394093101348,0.33647423569195406,1
-0.625317636283264,2.7464841102238844,5.628761560425609,3.2726723552077366,-0.08315791969037373,0.18173109432702275,1.864166108752181,1
1.5567163444582066,-1.2053334614612732,0.8129577543091924,0.1335097625137796,1.2723312560780629,-0.5351558149204034,-0.608301331863292,0
-3.0758647165540793,-5.111415152444199,-2.355086063501644,-0.5704018887279062,-2.6385252482239796,-1.5124723311641388,0.7049375285421978,2
-2.4094394346482617,-5.107580005671009,-3.4601397217420096,-0.5242990883477744,-2.1122406880103877,0.2307628934023377,-1.4205549484396502,2
0.261479392516178,1.1003756447770028,5.615735700540679,1.184708719846773,0.32280427221713076,-0.2675152812747116,-1.9199953312074145,1
-0.7638957356313043,2.559326431784651,5.2788897316550845,2.7155808499368055,-0.6814414925549391,0.453524636757924,0.43339394926288166,1
-1.801102421330044,0.37697624900153603,4.3677322332107655,2.375339072714365,-1.467792822633849,-0.5776292483147205,-0.04508321657816183,1
0.41414602614764834,0.16943366515678132,2.969789395975753,1.3080951936973184,0.0468687331424974,0.9712379665333504,-0.8934666636337809,0
0.5189160130119802,0.9113646189287798,2.766640590667657,1.1072545005731742,0.13721140888593336,-0.36485868540246846,-0.40659293603382124,0
-2.8081119618737853,-4.724422034514857,-3.0924038588398703,0.02378675698159599,-2.6458192873910185,0.6466558602947683,-0.6917753499524193,2
-3.528395419064813,-4.816364775324272,0.29488069452143284,1.4717011989727995,-3.0400836665206903,0.8720433761346819,0.540575682330458,2
-3.313796534222398,-5.23145531215436,-2.771636619401823,0.6875140804162586,-2.4274848683824084,1.3282978888470034,0.5668164622064317,2
-0.3155465264533093,1.0249574563272195,2.4548796135203346,0.16099716555236052,-0.5028991641908565,-0.5599149952001513,0.4730262184901984,0
-2.697406143954636,1.2083987655043082,4.196367781515987,2.966323364899746,-1.8605090118034928,-0.3842264583562749,-0.8978996940676206,1
-2.9963002570675137,nan,5.177090397291453,3.6906538156837136,-2.239089387488685,0.6412339400777249,-0.2946744084915176,1
-3.3100027430424994,-2.806016614578085,-2.449250259765539,-1.1142327949312691,-2.3754271824693776,1.4393130226742743,-1.5115659346162782,2
-3.0934115701215705,1.0129892092354384,4.887602186874594,3.8947141803386955,-2.9773776542051293,-0.6350762701666381,0.8555922692811307,1
-2.7975062780627424,-3.9977739609736225,-1.185706077081731,0.6772182666960357,nan,-0.16221816861230343,-0.2563042581122543,2
-1.9101762485303515,nan,-3.6554606512784993,-1.077986016637627,-1.1875700939412317,-0.8780178007698346,1.3967168979079108,2
-0.026294072506620414,-0.17435627231912137,1.9751455021544373,0.5166430650650016,0.2984629618761856,0.5293889111814063,-0.6397523827827721,0
-2.1195097503249594,-5.413971577295424,-0.573890618155336,2.2975727817327196,-1.87118832641488,0.011449981585828023,0.15592519610641764,2
-0.8365386419946899,2.2819306042649137,3.422768285577508,2.497547074795145,-0.9264616093110078,-1.2918822721301702,0.6827368203721889,1
1.2863915287310024,0.8273131069375257,2.935732365813796,1.8813086030899573,0.5174098367997367,-0.07057877062844649,nan,0
-2.8261969623988374,-2.860056596364458,-2.793149451637299,-0.8902018923232318,-1.8710224325333809,-2.6434057806378983,1.4105974733208606,2
-1.6286366792234892,-4.442476708602143,-2.8541228400783676,-0.8692353715271943,-1.349172555355555,-1.8423743660669867,0.08985787071825402,2
-1.5435528481957066,-4.943434436290329,-1.6753637769743213,0.051467461056851474,-1.8515752859311565,0.7144655325812879,0.5965248275542547,2
-3.437903672895971,-4.124309039830186,-2.196405317674616,-0.30771186158575103,-3.2328748556686233,-1.562440673783511,1.0963457177146683,2
-1.1999816059721058,0.7975631148541553,5.36706082950042,3.60232415306286,-1.2124953393709124,0.1262046390889592,2.1912951808475163,1
-2.9763472357911533,2.5629578324998015,4.606586916213867,3.8239558893573724,-1.8624584491624177,-0.8672140957592204,0.2551303311333906,1
-0.7661004067388961,-4.7578246613802,-3.249519516057172,-0.18170672352236242,-0.6212166284399513,-0.5769027703496689,0.053483090841338156,2
-2.541592439181822,0.8240478401529145,5.84055021340925,4.362378888536818,-2.4274210912489456,-0.03468543384700259,0.7688868127322884,1
-1.909156455107982,-6.8612267085040175,-2.7760507584329313,2.1386181528145456,-1.718682048739678,-1.30555239258599,0.21595067341568613,2
-1.5671290772791613,2.836504184780622,6.034096109608334,2.5074949390286454,-1.2417244057225423,1.3595733556817378,-1.0236500492733822,1
0.913340951615857,0.9068106739709174,3.1950217514441146,2.2215720091863824,0.9267154430005222,-0.03979582607245157,0.4233998924953549,0
-0.9082191092628414,-0.24774359916141442,3.1121185251856893,2.3744402322503437,-0.6937592702939611,-1.259617187507886,1.8560684309442463,0
-2.9548175256339664,-4.839692961583604,-3.436699581333083,-1.0085698247322188,-2.1157881273175687,-0.7984781813439796,1.1207880408144777,2
0.5307141672423463,1.0210364942583534,1.3378474311612099,2.7183131510430156,0.5398572173099696,0.8735774331350268,-0.9401131537639332,0
0.6592934886524888,1.1971341193909275,1.8186648679023214,-0.24842603267181906,0.12741821147421978,0.8747018991411027,0.2136783172123308,0
-3.4776591630297324,-2.5678948761231606,-2.9060256333020495,-0.4028947392266601,-2.1193514691143958,1.581215431100327,-0.600649019701445,2
-0.78059455224663,0.1497954492484228,5.257182018983062,5.002152597769213,-0.6005568332130303,-0.22196008681742926,0.5984065097553654,1
-1.404539145542595,1.6692625288276657,3.4930248663955803,4.468607725104097,-0.9902106694623389,0.8133838102256784,-1.654620214027893,1
-2.9890448874608673,-3.7432847274281547,-0.2865915806330428,0.8235276722506065,-2.5691868231090527,-0.6710849299160262,0.660050705215392,2
0.9601577952788205,-0.31543994575021206,3.118108988077257,-0.058441057959901066,0.6822446886786606,nan,-0.16085182797653932,0
-4.051938450234876,-3.6146988942179976,-1.1247323286496311,0.6907430425954413,-3.464164140867744,1.9847047562901166,-1.5823528198880017,2
-2.2325655498849724,2.332582376299287,3.096545411418802,3.017589538564737,-1.4575610377336696,-1.9013285821334316,0.8437112956416204,1
0.16945846171438395,2.412397706579573,4.998574738227365,3.40160292959144,0.10033137044123011,-1.0671537596239957,-0.7177749968233165,1
-1.0775132239742464,2.8808497158575506,5.580787864595546,0.9624573100048295,-0.28786294050972505,1.142183014483891,-0.23745244836898735,1
-0.9475949124337547,0.9918219780181612,5.6428798430554625,3.8021256245077413,-1.2626807030229372,-1.8017343288875873,1.9813343125858243,1
-1.983746165356752,-4.686008777791405,-3.1319373994620263,0.6111214620579096,-1.9263843538785648,-0.22243732464340457,-1.280182004476387,2
-1.3355420059138272,-5.378149021664099,-2.607171959338546,1.6127407491404988,-1.178893410749802,0.6045659133213798,1.836941113731493,2
-2.071547117350665,0.22135556291710112,4.054996416166722,3.5862650406043723,-1.60110533576797,0.0686768662151504,0.23714509143872758,1
1.9949032180038913,-1.8043039480666032,4.777802367209141,0.15140424020476462,1.6556349403910136,-0.38352243415812987,-0.25298203950902143,0
0.22437934765971818,-1.2647053989191142,2.1688995039660757,0.6417683854631773,0.43092701357897206,0.7168561073434945,-1.7034654093593984,0
-1.1716179853838078,0.7870703165358299,3.956560493952763,3.572850619696385,-0.6273265756168314,0.1077480862554561,-0.668650802789905,1
-2.70310911837795,-6.814016599520961,-3.4503657246562494,0.013556432281693204,-1.9899111452022173,-0.4299615527028727,0.6552829015737731,2
0.004131446118628812,-2.2184143818472584,4.058118500983421,1.2909286438574465,-0.017282709143113594,1.5612910730902436,-1.180889311156969,0
1.2903758093649804,-1.1237511870919934,3.2742147051976493,0.16646192760453993,0.8006199674573523,-1.3408037472170526,0.41721288029519893,0
0.7990938589979529,-0.6758566490963734,3.320262402124561,1.0190102542816748,0.6280254299437835,-0.4732769086650461,-0.2542746567468803,0
-2.34571492573492,-4.226743531428901,-2.461543259576666,-0.20350168923553766,-1.9385855944776886,-0.3679141970854409,0.6787727462404987,2
-2.100888375515322,-4.986541676462238,nan,0.7429788308676898,-1.5573340050337592,2.011798085905086,0.8665843432156884,2
-2.6539357384959303,-4.286677505920204,-4.050171544739114,0.045377570156285116,-1.7301076522899261,-0.13426175578504573,0.1689961149081834,2
-1.9009020104930667,-6.509866912177303,-0.3620876029438487,1.3493681486060976,-1.3973625522582227,-0.631425312727186,1.2710871257939018,2
-2.8220147217626037,-2.597975625493339,-1.9048275504717977,-0.8809719073490041,-2.2476418706211754,0.0731465347775331,1.0066382143144206,2
-2.2066597236321512,1.7763249307295204,5.131702757857757,2.4600329789785356,-1.9032961667413666,-1.0923995274488425,-0.6862717134191942,1
-3.704204204310277,-5.379886384818378,0.040962729609548276,1.500986346632365,-3.0861869084955416,-0.5391807617494605,0.5120771151820598,2
0.31188858734992186,-0.6492714545727697,1.5176988462775853,1.2630076244985455,0.2689964674144068,-1.6467024252607012,0.7990111876331697,0
-3.2196734227818844,2.3589897566009954,5.127046670828223,2.961432303834194,-2.53894815565784,2.3037836473391367,0.9597124306135126,1
0.17988574080969266,-0.24311216253720128,2.1620418708086193,2.402521134219308,-0.019879517727408452,1.3137963281323168,0.7607299304945887,0
0.710182125162047,2.8962383263143017,0.468119229803603,-1.360778696985311,0.5776008467998911,0.7360119856892595,0.9027964611696493,0
-1.6926408017343437,1.0249779517761437,4.660198114868291,3.0969680646646487,-1.4178067130783083,-0.3410958299435342,-0.9123211858740485,1
-2.5178533621998045,1.5367894063503704,6.773060360302951,5.004902525562583,-1.8022690591596067,-0.14042011862390433,-1.0262587346770802,1
nan,-5.077105256859972,-2.220722289098513,-2.48907155283114,-1.5792760219225117,nan,1.4415589446363901,2
0.9843023199552733,-0.6711850825313151,0.15245727353459593,1.1634102698517657,0.28379403255577795,1.0277348356676494,-1.082449608698635,0
-0.267806654337175,-1.0292315353033805,3.230681820436239,0.7072607827514523,-0.28406375383596283,0.9898343040252718,0.7070637657595097,0
0.8565384583170517,0.4872478232432759,1.4648323658299283,-0.6578936607969513,0.7821561283150525,0.9043079947314903,-0.09024099535749817,0
nan,2.6152268444893556,4.139281008724598,4.196023684046539,-1.96293101793382,0.4396488988796165,-0.1768814288573267,1
0.5101756250874909,-0.6104362522290105,1.864430355282431,nan,0.2785147736413429,nan,-2.361217104981806,0
-2.6008438784722756,-5.46619399927538,-2.1370188731563156,1.7668430996248865,-2.028095263875166,0.4076106164181077,-0.8680283181828854,2
0.0749652514041701,1.4682190809140385,4.97603769101012,4.441344799560699,0.32423410695968885,0.8392342077745082,0.3888974127427577,1
-0.6291082304419261,-1.125653140425068,1.2117939972526885,-0.26324580521970464,-0.564397285351083,0.18761457521286537,-0.036442608183193934,0
-3.9495031343408966,-5.490894464641974,-2.771346105993765,0.9262288966552852,-3.0528468546103458,nan,-0.006178743442026198,2
-3.469154465896594,0.0914511059358194,3.6091729594262505,3.3618289680543314,-2.6642603197465413,0.9574934077017038,0.3364486804553215,1
1.0719091249385175,-0.10960224097931859,3.466171875095842,1.3474038206143777,0.7167247308448997,1.5496706684989312,-0.04202513488237315,0
-6.486231972881482,-5.127144904083703,-3.613161434942624,-0.8384584743975994,-5.695302629808851,1.6921339189666345,-1.6806812913833895,2
0.33206983359400594,0.396156705051737,1.503826199199846,-0.3107625403119405,0.452427265099669,2.075247202690222,1.9888746238307828,0
1.9884172171475076,0.58910280388829,0.5490711437440645,0.10933938574513591,2.15606466657533,-1.2225316549174423,-0.05272364918432258,0
-2.0460265426131494,1.257846124018691,6.149386136920775,2.849134565850163,-1.5006366102503301,1.399670585916967,0.6246843624053146,1
0.18106982467488236,-0.4189095257867166,2.2454275284632863,0.8375698217754778,0.3367206476631791,0.30948467424076914,-0.5104875913034265,0
-3.6423416818847394,-4.196224539252397,-2.1425021255082775,0.8516858156002652,-2.525296613051822,-0.2652664367657862,-1.02652346066963,2
-0.35572549845491896,-0.9389899449743462,1.2585909831491997,-0.3084696674468844,-0.9903529327145559,-0.01671861614248948,-0.7389556270435725,0
-1.6092269054483974,1.3347265207817938,5.531360257597733,2.4385103032243007,-0.7636691193882434,1.2448200963345561,0.6235055945261192,1
-4.730070294257151,-4.418998334165149,-3.558254346451584,1.297085091854835,-3.945899151437476,-0.13698523753478878,-0.1391134118439147,2
-3.02553460288981,2.418731400073848,3.850812646179624,4.740250940992882,-2.0323111998069154,-0.06801615390205941,-1.3936320200587258,1
-3.5119256340981595,2.0820015703397172,5.589384705220788,3.324976719951304,-2.4563947085426427,1.348644999547087,1.5247422068606424,1
-4.337098085392252,-2.9095484365593025,-2.131603000115562,0.7714691849074269,-3.4476478725021993,0.3369204220679664,0.24708369912780623,2
-2.9088812092064242,-4.365259315263618,-1.6677051019563343,0.7542834881931558,-2.391943408326803,1.0519670117462352,0.47629795269770553,2
-6.962031596363238,-1.6080584510290858,-2.1379294795216097,1.4576669258917105,-5.644306665292162,0.769728750367993,-1.4521378640353306,2
-2.830771560501277,1.798674439768855,6.042937981656392,2.1870699222167156,-1.9571497689811677,-2.9305873039263957,0.1298930338669243,1
-2.4600940227594243,-3.176713443062088,-2.6682872215707145,0.7246873738856653,-1.967009864673159,-0.5297143167361618,-0.3610417644423578,2
-1.1481222332809629,-1.597733094453817,4.880827693491119,1.6441530797080344,-1.16099859012583,-0.40120682073445085,0.1575435922985784,0
-3.069080141667971,-3.34066427184249,-4.053053826910883,2.22828454323291,-2.5917893128811205,-0.37969493979460367,1.4819358083164162,2
-2.78310141318553,1.9506730425185985,5.8147498198247884,0.18209436594211442,-2.454963929260576,0.10715004275915206,1.6414642302409093,0
-2.6990890974292503,2.6231774443812568,5.419728001856749,1.2695198323526498,-1.6827486736834507,-0.8447876923160422,1.1893437885341724,1
-2.1060933807666204,1.3501928021162353,5.246949702934768,3.396985751103794,-1.624733797840261,-1.1439083016366947,-1.2149305498626244,1
-1.856456840299837,1.1111375153740417,7.501731356621684,nan,-1.5790719144064431,1.065323575191914,0.4436184321384638,1
-2.3273823510993314,2.1700275385623886,4.736005473859517,3.3698321617658697,-1.7946299202199225,-1.8311467992230939,-0.5604998446769137,1
-4.828094475960392,-3.4507172599618734,-2.525324507148375,1.9334650803137308,-3.6532074895987794,-0.8217667143066187,0.19297369243671153,2
-3.6996918678917288,-2.5286299911960257,-1.959179273977982,-0.2964286920058753,-2.9029455153865333,2.3508826762901998,0.5394316144249905,2
-5.5556808859656375,2.9737129973904906,3.6021467965881637,nan,-3.8269184652382013,-0.6055729117958428,0.5781810226002735,1
-1.5987883258327233,1.1248252623353405,5.441248556794002,4.33758179458624,-1.737862787347661,0.5243163418781892,-0.544076035643716,1
-2.1935536431113234,2.430559228635862,6.048994200269183,2.6646062064053613,-1.5069537886954691,2.071379616865463,-0.6911748903237983,1
-4.73275426858366,-2.4419340975377386,-1.5588007222739908,-0.006689687894514629,-4.170290017863531,0.6736380418654957,-0.3666080325073504,2
-2.756724211770039,-0.20842640058601114,6.874661307801286,0.18104423105199957,-1.695931413417807,-0.8261670964017086,1.7434630705129315,0
-1.6394664474019571,-4.896905426668132,-2.8904311741321638,0.6482225282333687,-1.3962803824425658,0.30423569840075526,1.1865844578664617,2
-3.3625706831085473,0.09225014875767257,6.936877015773816,-2.826404073731598,-2.6539262796390246,1.306474751914063,-0.5855307675003111,0
-2.6820042742761334,4.004265151536668,nan,0.9747853965410771,-2.1468579701721593,nan,-0.6417185003352974,1
-4.342102633812757,-3.8929964346068937,-2.8190309782185117,1.802013450943575,-3.2097104157774945,-1.589037283598907,0.8623948940876419,2
-4.798369845938961,-2.796437426425036,-1.8547227585527464,1.7611766954960895,-3.5208467467309714,-0.1559631741118013,1.4730107231180027,2
-4.971160274893389,-3.1832751661411196,-2.36851193743795,-0.0547876553583766,-3.727366801867318,0.45091613522799834,0.4448813474328215,2
-2.982939532250422,nan,4.919362514307513,2.9420977908643446,-2.012720508989209,0.8305751546099729,-1.6185935756484868,1
-0.46860446661536415,-0.07432413042963437,4.585916366657372,0.05265194101443571,-0.24777151031836017,-0.3979291573391261,-0.27440165671813216,0
-1.913949297680273,1.9158906664760136,6.691800656293022,4.4215038236624205,-1.5325139400138892,0.5955317076820864,0.6962662694238909,1
-5.099421463174533,1.8097439742155381,5.254453975511652,-0.812710222532619,-4.047127496073758,1.0711894025309503,-0.3334943200736913,0
-3.9402798706143063,0.593436509918817,6.290362540668303,-1.1324102366415594,-2.9324252319742112,0.05313371554697232,-0.24419273245180312,0
-4.136485931179143,-3.264411562033012,-3.6585360930324673,0.6646517637692497,-3.7727933193079517,-1.2267615710403463,0.43807272781107565,2
-2.7935997746644583,-1.5362650014696762,-1.7606812233975107,0.849766855229367,-1.6716231399367079,-1.6300758194169058,-0.15475671904251642,2
-2.773865467253001,-0.24181780783602236,6.490792905684455,-0.18076887119778196,-2.0464230043684664,0.42369939128183143,2.4933644953473797,0
-3.5216763066029104,-2.5309296643018855,-3.7129905882352414,0.43253686634386257,nan,-1.2241222358699644,1.227098320203432,2
nan,2.647888338368692,5.736479756700794,3.9935046554572677,-2.947675461677417,0.6815527209196142,0.153545295299312,1
-1.1795549332590376,2.2338944735195425,5.192205247003498,3.5915687694932794,-0.9645524206937055,2.1463570505299696,-1.8155987440288743,1
-2.490154733478482,0.2624765866031217,5.50316300781143,0.9833955903109717,-2.064589001256179,0.22630299649948107,1.4017795616640856,0
-6.181403414734715,-4.484013465444304,-2.925383878590474,1.1971928201746644,-4.8274542742589635,-0.6741838050057976,0.21718076704541006,2
-2.646935844034291,4.221027979556341,5.527447663667585,3.247636958602534,-2.1665482483708747,0.20933857028900066,-0.9860190633353774,1
-2.7630480595801115,3.848987441420439,nan,1.7799929750754961,-2.224066890765072,0.32569799634393237,-0.6633393636692297,1
-3.0008108348009563,nan,6.220328658932816,0.11821160852623552,-2.2481546835771984,-0.820822383346822,-0.9626407561944795,0
-4.223297073528029,-4.757645465339644,-1.9408697069019936,1.0563889322647582,-3.6169710778614212,0.8727101997414508,0.3700688690666302,2
-2.965417038794887,-0.697664481489595,7.2440204557899435,-0.4900973406786276,-2.359300653825282,0.972271625149936,0.4149004470104984,0
-3.4494181077601493,1.181065673626868,5.538137959716688,0.026656010967157195,-3.107601906547428,nan,0.739263441205891,0
-4.147298778091941,-2.7620845452227076,0.007718865276316739,0.5675107017035405,-3.6876781482352565,2.710135833218584,-1.1140434516982012,2
-3.053661741858061,-3.238068216137685,-4.285724505959989,1.3434361465357103,-2.0470026385899898,-2.2246741265617245,-0.0029118668967524214,2
-3.8990400446653983,0.7619555930312141,5.3631075114642695,-0.6958983940085939,-3.2207697361613756,0.22060514942377682,1.3220747640288844,0
-4.345524071487873,2.5593609079976796,5.819398078929938,3.2213302481158466,-3.6752090238431983,0.29274591129252564,-0.11606299577059333,1
-3.0951825496918275,-4.485046023843593,-1.4129303737785335,nan,-2.965385686440186,0.1356073321330154,1.04222334827589,2
-3.0288630428228274,1.6648359319106172,7.244221628344462,0.26700256816067786,-2.1677029945002775,0.03260242232612654,1.3394991597374193,0
-2.6007530997480783,0.7018812687644025,5.201501490944651,0.2658344247898628,-2.3858292728362924,2.0025385409664307,0.27265026502657125,0
-2.6338674323828957,3.12011041309288,3.986138035575502,4.680363162747218,-2.10418949694253,-0.4576416136186497,0.4244268083505798,1
-7.022992393931839,-2.8542215419310466,-3.419371441729792,1.1108564944316244,-5.3003862476639725,-0.023238433924956822,-1.420428582269927,2
-3.3454776269232336,0.047845348677294064,6.252390415570028,-0.2663630692139558,-2.7892258793925664,1.2685482703510171,0.4406980193907391,0
-2.7372646911931255,0.9761426245470834,6.740619630796083,0.814266494190182,nan,1.0016414107673899,-0.2352006473777014,0
-2.1191808760582873,-0.21200131726173288,4.910277315972161,0.2617645395194939,-1.6843876199398606,-2.1002594433713684,-1.7607646359785425,0
-2.677403748282347,1.0021677644132105,6.678235500319258,-2.6574334402944366,-1.8716969691820449,-1.1974774916846744,-1.0221760882234507,0
-1.569482658379577,0.6641596701265126,7.088465238997861,-0.6811609199668112,-1.3678528831193162,1.0654230958247581,0.7084872965347514,0
-2.6359675610561286,-4.324980251928617,-1.932398510572681,0.7704287285832198,-1.8631242043574678,-0.1973312328550724,-1.5791303948992497,2
-3.3209063304559954,1.8467568443991194,nan,4.1161536727519055,-2.291564499006091,nan,-0.4529906555580232,1
-3.4357447807778456,0.34285869121073465,7.235900761857459,1.1723371891114993,-2.2994825292798966,-1.2879815997629775,0.5360488031832001,0
-4.868650665101374,-0.6121302801710092,4.154964729893863,-0.10768849027087479,-4.333961859588727,0.8413228170253032,-0.3988771524764143,0
-2.72494024907045,-3.190046575199414,-2.645273181810108,1.2457166013413388,-2.2049008846988345,0.11050853661080176,-0.30441717653476363,2
-4.133354273623463,-3.6591842092619613,-3.0303376637330146,0.19373172624237023,-2.7858812957820023,0.8797543074817324,-1.3489295411990794,2
-1.369094008717119,-1.2166153679127798,6.672490567984238,1.6093878539429853,-1.2534742889329715,-0.37232740039443907,-1.1702053963686387,0
-4.273350225634188,-3.8494411088658325,-1.5451199042126627,-0.021832110414056083,-3.4552921537898698,-1.2348668654166732,-0.5923197703905055,2
-0.8245440077082772,1.158755174120929,5.882590240371851,3.8967337074063857,-0.28760484360116145,-0.7092047521311247,nan,1
-4.347812960121631,-3.17717817772928,-3.0675770653673005,0.5612214451782858,-3.475758025050379,-0.20870450569773596,1.0337311823030406,2
-6.274164785570074,nan,-1.6334116179087301,0.9395526552114892,-5.105255516137124,-1.5671524140209012,2.2786415145465466,2
-1.4438676555679524,4.411175891188105,5.588148280600065,3.480435756244554,-0.8209231234000578,0.04065039882563976,-1.258612733710114,1
-1.9182348464443233,1.5006719284059917,6.589611821513008,-1.384988122386053,-1.39100691901835,-0.06529768920327998,1.9008337197435925,0
-4.668664110116825,-2.684269018609945,-2.6873946995473603,1.256938462052053,-3.6210845226899515,nan,-1.5253169605726284,2
-3.0347865144013966,2.679571085689389,5.188644873877751,3.8279556346975223,-2.4144355061822513,-0.9279405761262669,-0.509822947358556,1
-1.8483235355705312,3.687095543808205,5.198331498214087,2.997729619078844,nan,1.3538501472283335,-0.5220622469001478,1
-1.3258427322173598,1.8472927695191483,6.103272771426709,4.201536739452792,-1.0011252371241284,1.0060898691013407,0.0771075905641018,1
-1.4916526996023807,3.046196262004093,7.33060134435204,2.8911902180685365,-1.3646528862582745,1.5720091733343322,0.7812231427137596,1
-2.028663693269269,4.082239967858225,4.488726143149934,2.5584350030052683,-1.6727314148759738,-1.0652317662055102,-1.857161164737177,1
-2.8048963901184543,nan,4.651704272589542,2.608735594024156,-1.5148165035336307,-0.4701103210360922,-1.0338526376953043,1
-1.346939535305316,0.7603924898342338,5.735700465178239,4.033392625373356,-1.0540310764950354,-0.4161241276478541,0.0562095348696257,1
-2.7318639898870827,0.16439105719267133,6.083971609246739,1.4343297264541957,-2.272183023947387,-0.264991417690289,-2.318610369570786,0
-0.7542229409770465,-0.9656540377044226,5.545628602598893,-1.3940587592220741,-0.6120572605193628,-0.031126108801242395,-0.40213397439606946,0
-3.0266119230326134,0.2728073363890141,6.724918814005926,0.30950493320234546,-2.5969490430874576,-0.4812393413324244,-1.201137653292999,0
-3.789582045645928,-2.0728719545795102,-0.8728903451744898,0.6326281172960623,-3.078463222930503,-1.5005242666977001,-2.3499757466035796,2
-2.060947675660842,0.7210129397098992,6.760819214193392,2.9579501068932306,-1.445807846819306,-1.0811877855881444,-1.7728443891842962,1
-2.468176215988681,1.0081213625680434,5.542667048547259,0.04751651146029434,-1.7113292088070158,-0.6263877914971248,-0.10564919169310306,0
-2.22336958048938,0.3425696211868011,4.3626444557030695,0.30412413809211963,-1.5627064530956154,0.8104045670570394,0.9922775968380034,0
-3.803659477143122,-1.9438110301004583,-3.2351622548216894,-0.09145044255909762,-3.2688250740301923,1.436808334594883,0.5751582902235011,2
-3.785578189477512,-1.8498357274777204,-0.3372238544657571,2.091271975493005,-3.4405191702649085,0.30072830220384666,nan,2
-2.400660606520953,-0.27489314498119743,6.580316282520985,-0.016767098535346303,-1.5958832481986762,-1.648427940736634,-0.6896430089160438,0
-3.978054968489303,-3.257175110856002,-1.6355657416963238,0.2871978722196328,-2.93340213487506,-0.9594188184833279,0.4238013765323584,2
-2.0395272445970933,0.25714147449313085,4.857091108977487,1.0608000620181477,-1.3518137855046046,0.2735079993440558,0.2644742390140577,0
-4.821768462768737,-1.9361070297878977,-1.977802599516788,0.6969302937112485,-3.8327389380635393,-1.4103873040249442,-1.1441746757526838,2
-2.5213818802353125,-4.109313569327003,-2.302427536847693,-1.3269736025762455,-2.5639662302056663,-0.09732432844593394,1.375884829965599,2
-3.448368640467483,0.4313359570145672,4.237852685414234,0.7962626394675831,-2.9642214031353307,-0.8527440303598701,0.9872428150941835,0
-2.6529117708712304,-2.746709937076173,-2.4718297022872653,3.0088835924952546,-2.608032174545887,0.923859523590528,0.957581835071374,2
-4.477728557259464,-1.4769029818018788,-2.868010415743528,2.6165709267073396,-3.825163146394234,-0.09967092681272983,0.39016596723719016,2
-2.8831439151326506,3.509432265923369,5.888620733835601,2.5965628872515967,-2.971309071567689,-0.9457219004806835,-0.49521711418599895,1
-5.328994442106811,-3.207528198518826,-1.2084769071637174,-0.0188924274018748,-4.0284721541821185,1.5034763661358874,-1.0210715216457273,2
-2.7321644116487005,-0.47988847777522337,5.540771373094391,-0.09407198582978915,-2.5533118111809325,0.92218740878988,-0.3734910173649692,0
-3.202872257558096,-4.495851595150406,-2.8138402416377457,1.0689516044740224,-2.544297532115723,-0.9469699292533291,-0.8552771264423755,2
-5.08507910725587,1.2868043280233425,6.222680542447085,-2.095141108662617,-4.00825921808429,-0.6632985004480214,-0.10892257257689841,0
-2.070534709392375,1.0743589533542475,5.238666087064886,4.602788290291288,nan,-1.2970688324804491,-0.520035430876458,1
-3.1213470106568213,0.4315653310425707,5.951094003788565,-1.040940230697151,-2.2830179655826655,1.1140880483364182,0.38111603834613056,0
-5.746484458889013,-4.789623138516377,-2.0864288518076948,0.5479372020100846,-3.8259504712514367,-1.3488017091227325,-0.8452200098391734,2
-4.789928987841025,-4.070356895610489,-2.2151321495712133,0.10673670307668714,-4.426323436202238,-0.3322851871518901,1.2305833887183122,2
-2.773045210394736,-0.22697319862229526,7.315917096480218,-0.45152781703258116,-2.52401498170576,0.9712409454710318,nan,0
-3.464194674623577,2.349052277733015,4.033902483342451,3.175279484743603,-2.4623705908586757,0.7848202910240807,-0.9474216559253714,1
-4.271635747392235,0.3420591931378464,5.614601441215203,-1.03687507756309,-3.166983020251316,-1.3184906388020374,-2.274286205882402,0
-4.5964179708082,-1.610566725891081,-4.020217343041486,-0.20259633408929323,-3.845469495297964,-0.42491947244425093,0.22637587136842635,2
-5.525784810776659,-2.206873102820249,-3.142382014500716,0.046917501376141146,-4.963349095231823,0.7499884291255737,-0.9024629795960376,2
-3.0638112383636815,-3.8714458520315214,-0.8849064259170907,0.5430969717283409,-2.4107971291152057,-1.0914554712717497,1.5228452671087427,2
-1.9424955570386198,3.2475506788812964,5.769220341205211,3.563544241010339,-1.2985884475005054,-0.3723486638686897,-1.187875047556087,1
-4.665859564269517,2.5966676366503965,4.9879203880496155,4.138165740995831,-3.8037765304804534,0.823907267062171,-1.0097189339134487,1
-3.333156913277322,-5.15539172376323,-3.3060206084670782,1.053991315650928,-2.596439730219123,nan,0.48998919154120835,2
-2.56614106108216,-4.032918148362942,-2.301375238094374,-0.5634086266301629,-2.347179175535752,2.572400656269595,-0.44869555509761183,2
-4.290710555786021,-3.2277511405492776,-2.2875688126235207,0.3582116569434637,-3.3509983097648286,0.37588701464564317,0.1240760168316384,2
-3.7168414580101494,-3.844523624480715,-0.9647191610848163,1.9439149336893013,-3.1175064934352044,0.39750834145956004,-1.0526484910985758,2
-1.0087111452903845,2.655387693965185,nan,1.8533152714001004,-0.6112489466615341,0.208465839630104,1.2461038242929687,1
-2.6037577177019293,0.9368098979039068,4.085197591290803,5.51778860132929,-1.908178918751789,0.12460359109104777,0.26454829804044305,1
-2.3610461102928464,1.8472841947524032,4.8183856012466615,2.31211873975888,-2.233893090543601,0.309511135399182,0.2504014987783812,1
nan,2.6670266658349076,4.356831047173307,3.8893848702636835,-0.6363987624430796,-2.379822557775529,-1.7544443046013707,1
-1.287993164455373,3.0568276595234374,4.810556213346308,3.537145833045464,-1.4529550759471506,-1.1943473567214022,0.9881307347341763,1
-1.5412135595025642,3.107725348006062,5.094212223567835,4.056145951631618,-0.9948490695360315,0.44926529311328006,0.4346720030607899,1
-3.624056292668073,0.98084129892078,5.243299617215426,0.4451441561009252,-3.0162536694028277,-2.656079718793989,0.16588270809374747,0
-0.6432425129647892,-0.08412915688198686,7.618647648793857,-1.8997007448818881,-0.9417374263915421,nan,0.05871869381415571,0
-2.4447662626816786,0.2703235825744459,6.274201461055206,0.6327214949692312,-1.9519456583817922,0.05668986616753587,-0.737307081080691,0
-1.172730279062879,0.4413446278373316,6.366708168864863,0.7880756203109092,-1.1783850634253539,0.8108203383463597,-0.13424724528097015,0
-3.519818314780679,2.3088291359890327,4.922203185003389,2.1938321892942945,-3.1339537797120327,0.10343088357174689,-0.9673822414279698,1
-1.9148230223905096,nan,5.847768120332592,3.560549811764066,-2.2691304174936726,1.334244364627491,-0.022934762760854106,1
-2.669640528005533,-0.3166286612063155,nan,0.28114170323412974,-2.6612061739732207,-0.605989950013205,1.714818496775495,0
-1.7614332832054713,1.4906644831169167,5.407489898154651,4.888749808167318,-1.4121220367159268,0.5603900555369615,-1.2496602292604222,1
-0.7283648238464197,2.1532003100643697,5.467642561276147,3.277325084610553,-0.8391680817832816,-0.15897656378000116,-1.382083603809455,1
-3.2038018560428716,-0.6369543625759123,6.557102525898017,1.9854377390879134,nan,1.0369838030998013,0.3882884060759616,0
-2.9793994720062935,-3.1785795761730418,nan,0.4064571252382786,-2.28646126393238,-0.6009240573087926,-0.29721861734819893,2
-6.1336669642813195,-0.3145090732695931,6.900453704744223,1.3089117094254934,-5.1010764784316915,-0.924009301590328,-0.8421969584560766,0
-4.174136710411283,nan,6.091900817017134,-0.005018128546642964,-3.467462853136867,1.0409835467145696,-0.53173743993234,0
-5.237529132217841,nan,-4.284280288009816,0.6902456632791842,-4.398698963816524,-0.8768081440274903,-0.5637153923133944,2
-2.8786315942299536,3.2322343430465708,6.125994890035364,2.8800502249865767,-2.300883205936496,0.0811976918906326,1.0386946872388512,1
-1.771673607827239,2.6185500980552083,6.832846529048967,2.704244669015123,-1.5248821920177944,0.7258778399206163,0.821542083388812,1
-3.21124883241926,3.7663782885566066,5.522603788736914,2.235635336194763,-2.3344373111072905,-0.5832180698837687,0.3481531581193559,1
-4.22468970493334,2.01215730220907,5.453060721771633,3.5155472284248166,-3.4563423717627417,-0.6762813343590731,-2.0948949482075014,1
-1.75764455523593,-0.5606256409748173,5.512947073312048,0.2813917383794195,-0.9570292511776906,1.016371251878935,-0.7203911136456709,0
-4.625561912898392,-3.725651127640557,-1.3821085628699474,-0.039881632897835306,-3.517683524068588,-2.0380887651642783,-0.6145113479069385,2
-4.268318268409199,3.1449002967091793,5.105559995208538,3.064200183773346,-3.170269198536297,-1.5183871093751584,0.2677278139210945,1
-3.3534660571375485,1.8067160481200526,4.7586186902831855,4.609131271410425,-2.6216804599037853,-0.2984077299911378,-0.6168245942310422,1
-3.194906388167883,-1.4513000247333885,-2.4383896900103177,0.7777928667518916,-2.639359369309082,1.2183896127266658,-1.124628266747739,2
-3.97764260616331,-4.066870114298195,-1.2552366223198395,-0.6716511079671482,-2.9354890402781226,-0.06908249409463424,0.6597589196535479,2
-4.308807285857524,-0.3615805613561197,4.020448861455293,-1.0784352065385314,-3.26655925692057,-0.2522331750930589,0.19029860992874223,0
-1.247114259994028,-1.1906731707211589,6.392652377328473,1.409442635779414,-1.2597710090589371,-0.9334401781655957,1.8076045986280584,0
-4.076741437181999,-2.8919077788313974,-1.8871606754356274,1.2351985438339304,-3.584503656888063,0.16756966907902415,0.390458881531975,2
-3.2282985480001525,1.3767615983721564,6.153616987116424,-0.5900168224010223,-2.622127637090722,-0.5231242576427069,0.47622326452850394,0
-2.9691430866571284,2.688466554662378,3.6055616006476434,nan,-2.70155762446682,-0.3873255653089129,0.7483014699636228,1
-2.486887579421918,0.885827896089389,3.807796489706247,0.5573661870417477,-2.191598295916462,-0.0688924514244959,-1.037073604568416,0
-2.623464193916763,-2.5978025191663057,-1.8979538105042273,0.296049204058937,-1.9175689016380941,-0.12197348645126067,1.6761426471064729,2
-3.9588600916083045,-4.716672647703756,-1.9218713834387753,2.553215196880604,-3.5363555702316702,-0.1875033220832197,0.28269803897309687,2
-4.137880764113578,-3.2857088217969856,-3.5926492377877186,0.5662837061755177,-2.949286199493034,0.24955027023744397,0.3410048529492004,2
-6.613027499554935,-3.910881577692563,-1.4279221951068954,-0.39626142592107205,-5.738728498942767,-0.8087601455749441,0.4048524926175346,2
-2.6000070302514278,4.2111102974948755,5.494979390115164,5.548565568748108,-2.0357165263319197,-0.6451183653875632,0.1785024288500877,1
-3.151047963938588,-0.6122122811246072,5.226004968228111,-0.42293717897290933,-2.4721749175261176,-1.7166821924664177,1.4487322546887362,0
-2.475606679661057,0.12965288216337179,6.075526930399152,-0.06764677842962358,-1.7741703952271934,-0.26984547402303366,0.5897173864562515,0
-3.2253678964944203,-2.3851474315389978,-0.5231872875686572,1.0183792579437585,-2.858940900642826,-1.172700719204301,-0.10293836043651253,2
-0.9451119829555302,0.860686040046654,5.58483737327126,3.6585894769772396,-0.7233881982227893,-0.4388533751734845,0.7661798325100878,1
-4.172025103493146,-3.680169106601979,-1.8486138731264539,1.1726946309863724,-3.2708363610762583,0.2300303359775367,0.2906301661124425,2
-2.729483897545117,3.798250407167826,4.757297423251811,3.1923155726614834,-2.40741965855937,-0.23768410218821368,0.33866648283728207,1
-3.187444223665113,2.6018903049575437,5.895076337074088,4.049203969949734,-2.852767001842906,0.6769815552059261,0.5941990088131127,1
-2.496916525570808,0.8785179717047686,5.905143427423178,-0.5237706802572922,-1.5891424578856126,-1.3669593083286973,-1.5525531446384022,0
-2.4931816528058586,1.8952659706297124,4.793183039166551,3.379120751581507,-2.376980055199141,1.5090616402818928,-0.48877136131523047,1
-2.617073461901792,0.9717067960392842,5.571091242854585,3.6955834528882994,-1.7437061140810513,-0.732059231670204,-0.1069439899607329,1
-4.395283571578597,-2.192832596595093,-2.4423539639331384,0.19662329030270798,-3.4876627134280964,-0.46828807664136707,-1.008150089469003,2
-1.8812548853276292,3.799139143215725,6.47433063240952,4.661534457982808,-1.5859342292680807,0.28979751804087167,1.4471892469173324,1
-5.054589174217887,-2.7198712772328717,-3.7077054505635463,-0.8615099258574893,-4.234331028420586,-0.20885762632332522,1.0688862977193612,2
-1.3505110318362594,-0.39235291636658454,6.733051260678009,-0.587506298220936,-0.743055245792942,-0.3012127515519969,-1.4435668731131677,0
-3.390377949886395,-0.39514406551614634,7.372798437851951,-1.4388392538236323,-2.7330639764194746,-0.3665992646286159,-1.231561857611918,0
-2.3603480763119857,1.3900005524896888,3.8371771523693985,5.574722995005358,-1.9315198967909104,0.17304548724889246,-1.2796308010610107,1
-2.6851389317933467,2.5420405487529982,4.354690239690999,2.103879284462769,-1.9801592673247856,0.9312994227101824,1.3433905828107175,1
-3.369691723435899,-3.726435010112554,-2.2194486938253877,1.8741660881901776,-2.631174482414899,0.5983419397524602,-0.46712344530461214,2
-4.643464875978661,-3.1501164435505427,-2.787248822861661,1.090861224686183,-3.7258748173242218,-0.2582245917488569,2.728581907828094,2
-2.572488371616056,2.576871361754663,3.693814234261863,2.8269056134762476,-2.7001422439143736,-1.1765121318691514,1.223358666688093,1
-3.234647674413632,2.1675365738851644,3.861187561662116,3.794963840711617,-2.9647833891138564,1.2836196946021117,0.5825210379398822,1
-2.8868292666413526,5.2492523084546026,5.255398559401565,3.319274629409661,-2.620937830010508,nan,0.7655388785136179,1
-1.3365334316696587,2.7760990488300994,5.4307050516179345,3.1667228424258975,-0.6955537145859536,0.7550554509987284,-1.1714894363955584,1
-1.073306537604497,-0.4532238621510515,4.870403306868063,0.08222329029550751,-1.1136964219473007,-1.9798838304979824,-0.5215000565605837,0
-3.603863024915147,nan,-2.209054444330728,0.2672412240065606,-2.668703900358675,-0.8087645963519863,0.09601610152546547,2
-5.6166840151068245,-2.8505271778558168,-1.5603894553156978,1.2155523988737846,-3.748530871319008,1.603899326996757,-0.06090023246188448,2
nan,2.430949204217434,5.247328674705498,2.9949342002169947,-2.5009790602409887,-1.9786660790537065,-0.3272173755730545,1
-3.3524574639071685,3.234552072231107,4.618307052578791,4.091627630095264,-2.08150113226458,-1.5769853296862675,-0.006348336913971141,1
-4.046079762423535,3.058217139652398,6.20997103987755,2.9966941979187416,-2.641201639390042,0.7859191837018503,2.081460263981861,1
-2.1095209950502536,1.3396705912479068,5.8320313279832465,3.629687963965054,-1.6512047229986733,1.9709948094320977,-1.2451973297291405,1
-2.013718168419293,1.768146122828647,5.092567558396482,0.6564393026553244,-2.1903349274434736,0.3626455486890688,0.24899845812440083,0
-3.365185252057327,0.49030455377531124,4.2400987440465405,2.028243686416939,-3.1095277030297694,-0.8671832906189034,-1.5760806312216176,1
-3.7458626788310916,-1.1444813491684647,-2.192987984524312,1.8578739076949158,-2.767144736363369,1.8374994339913973,0.6283465084436951,2
-1.9295205157136828,0.8775023857725426,6.728734366010457,1.6932152689718512,-1.348907695216729,0.9091143736162831,-0.8556026848161962,0
-5.446286050842585,-3.0180594814987307,-3.1495311074542003,-0.13719594898746978,-4.61350353660985,2.5268847732128714,0.8766694501840225,2
-1.5316024595594921,1.400754888570515,6.049578740857008,3.3973148427656543,-0.8143219753338038,-0.9341864010964143,-2.3042292127705086,1
-3.4948584185933296,-1.7546369457022255,-0.8264347996123786,1.3438482376441225,-2.873672234494315,1.4640549127667006,-1.2573539484058172,2
-3.4666365349298345,-2.1148664518970244,-1.768920955107782,-0.2562092199924556,-2.438192518329612,0.422615337688704,0.9079484693287776,2
-4.22270206419458,-1.2030162909571636,-3.3510703959403068,0.7663378782877949,-3.7613235884455793,-0.8411133600420726,1.5324332439366763,2
-2.6331740741321448,1.5256852330408432,4.985717221637678,2.874249368625238,-2.2077152974154926,-0.5412221694550169,0.5243561870289973,1
-3.489610092401216,2.699173516121915,5.509619557899911,4.628776454169612,-2.8903217703475295,-1.885815015725787,1.9664224453061583,1
-1.7900372119316672,1.7193930333790397,5.0616959363979,0.943145547925051,-1.4404928387722327,-1.998697864675727,1.2586753751644109,1
-5.268215436808289,-3.665259737669441,-2.3967180159283332,-0.9173961276134067,-4.416116428503386,-1.443459402833582,0.3763005701118552,2
-2.959342564713997,-1.5984220321455007,0.05613194744367503,1.417764681737256,-2.5627370227493245,-1.116549389490531,-0.039939868743338755,2
-1.9531927427024547,3.3694826649217653,6.3417914544996155,2.0173029830290994,-2.0798496709318863,0.5918181876492867,-0.2661268112553631,1
-5.097750781567708,-4.12201884248938,-2.4314616508082327,2.0184902859684093,-4.022733797885037,1.8491557477817047,0.536950508893583,2
-2.4728074840410548,2.169213410049709,5.410720007979403,-1.1059381489016091,-2.1885216073256726,-0.005146469935398037,0.1754694818008396,0
-3.1831553556402943,0.315266987657705,4.223077700689074,-0.09005784138113271,-2.8097837755779946,1.967291599773303,-0.827323997517481,0
-2.2475552841099624,1.6624665825600706,5.669154543385462,0.05287565310955139,nan,0.4172112057412873,0.15367981150407378,0
-3.2100350212834683,1.841959851728145,4.836185479775278,1.8205752861275195,-2.6247645400635515,0.4703972440105765,1.108033476162499,1
-3.568067496933686,3.5752297411652396,7.217490816150065,3.6413258588302506,-2.958937361626489,-1.199668685206338,-0.808904250954423,1
-3.933418721321517,-4.552610878163154,-2.4147462272242066,2.6101740939939,-3.5768279874700575,0.26000825103796504,1.7854870024173868,2
-4.564837974710917,-3.8393723973282547,-2.557194310788328,-0.0529582614497115,-3.237226520783982,-0.13322877455045154,0.36240754360218397,2
-4.398787537055226,1.792037020254579,4.3399156696105194,-0.34835664359926144,-3.5349433413034865,-1.4963711364323795,1.3744069321361074,0
-2.1759779352275896,2.523932502565345,nan,2.3193364158486505,-1.2016021845787297,1.2445733470560756,-0.6561570064105189,1
-4.647340021997493,-1.4838609176760391,-2.994243649845131,2.636844007694863,-3.5923060861474574,0.8323489690690047,1.2936747274625666,2
-3.046523000899985,-1.6798219490793533,6.069043383030358,0.13657636532869516,-2.730749793447411,1.2970130719551949,nan,0
-2.5511234456926735,2.813960584980586,4.974262100343771,3.3684899429342807,-1.7717284062010006,-0.9697346489772698,-1.6810049958021624,1
-2.6902315243005224,1.3340256265912924,6.76395671523328,-0.36553759647396095,-1.9365489672728815,-1.7613099591145691,0.5520780912645452,0
-1.3124082527249117,-0.8514640438614579,7.013880929092185,1.0213351650360523,-1.0546302421133933,0.5227800582554121,-0.319729220660888,0
-0.1759528021693647,2.2579984341771286,5.600773929743869,2.6839298368040865,-0.25563804006194,1.4822891718489513,-0.24912166204673414,1
-2.6101709693501483,-4.553164946504932,-1.6878278532040898,0.8421923073301586,-2.0587005260386935,0.0991442530646831,1.027038327248771,2
-2.137779854882413,1.5421538671187571,6.784636794236972,0.7093648428464083,-1.5244655030613665,1.186710846944578,-0.6778992309682813,0
-1.6533557177752671,1.6795998806222596,4.926060090331134,2.0709921281711945,-1.244165058188227,0.7305715223250723,-1.3650222854457124,1
-2.3550874993732664,2.6325565956430066,5.671301875872439,3.187997091898529,-1.8045366984881992,0.2580106415660883,2.360530600488918,1
-5.210833052754833,-3.483788143898563,-5.11131397165485,0.6828904493632585,-4.186975461461685,-0.48283464232823053,0.33750972328396955,2
-2.3213051287236124,1.713014129029482,7.15246313953192,0.3490752418481409,-1.8440345138755254,-0.15958835188580672,0.06867939467394991,0
-0.42732584599956736,1.4148024713932235,6.3579224671236805,4.638517884001158,0.08671702114140101,-1.5135076416706514,-0.6913771142947164,1
-2.848594737138288,2.155530039136705,4.280709122201646,2.61457449676727,-2.463873108541512,0.5299156455894485,1.2348268972050105,1
-3.1908451609333714,0.8117117734186121,5.399852615699269,1.4636770975901157,-2.668273483058483,-1.6322882804080543,0.29544447525208656,1
-3.1059399690491922,0.5805987383095381,7.4658770713914615,-0.043052453012871306,-2.4279284323179677,-0.8601969831833418,0.18592485768444916,0
-5.342654946558683,1.6209840558382735,4.847744780905896,-0.7298640606942346,-3.892082993515501,-0.4386638830706107,-1.107533027276587,0
-1.8309044059030617,2.0461392228784363,4.601808326767271,3.8735057052690043,-1.7169825567926222,-1.000936920845302,0.8584514540269206,1
-2.8111181920089843,0.7133521478871074,5.673086631391039,0.01948144082773695,-2.4526541812231555,0.5104465591655455,-0.9100274801358206,0
-2.212798317371644,0.6186949527207699,5.271596486747216,2.5940636908804153,-2.2253462118179246,-0.9389495420799573,0.7724850923619682,1
0.4413496591750735,1.9647634788251167,5.161760669385526,4.569391783126553,0.36974166705287825,3.6964517349850805,0.6185904892885075,1
-3.0817980047582183,2.389672404317022,6.235710198739511,3.603542420528915,-1.9083346991116306,-0.14634494563824468,-0.5886204332650203,1
-2.9046095405221792,0.6391869472608327,5.402689213602255,-0.14940112626539354,-1.7985318283186176,-0.9111925606017666,-0.8113459902476379,0
-1.3359552881784191,-1.1663432543219452,6.158191650685434,-0.3791839705447473,-0.6893404978948006,0.9627180105337372,-0.33811041526409286,0
-3.2695656003077707,0.8970109811595159,5.936221983508542,-0.665226135441388,-3.209321433078904,-1.0074637047294925,0.4612062945083478,0
-2.9360703492609708,-2.8694790093720144,-2.9381933478280104,0.6479966774506023,-1.945917938325126,0.20136998602849865,-1.5579394078447106,2
-3.11962417495239,0.09944086933129337,6.8930606131033825,-0.5293311706149316,-2.8131604715082377,0.2631634434247974,-0.21555194136202513,0
-4.194508955387153,-1.575225208264229,-2.784148558021651,3.2755818148018943,-3.273645244793748,2.471911576664555,-0.42882694537968175,2
-2.319940579667515,-2.8032312340170966,-1.4130248685471287,-0.014861397674656662,-1.619497466907828,0.39462207888436124,0.9002479741603032,2
-1.8785496950190574,0.7894960461338709,6.228383897764898,0.03509607295247574,-1.376008226277772,1.882361103353608,-0.2827373018307451,0
-3.6570198060435875,-3.2334757985476505,-2.428481870945006,1.8533278334090917,-3.2025032560364877,0.051216776616684986,-0.49066256038692246,2
-3.5272957492028088,-1.825384275900837,7.779057869707154,-1.4932424490529816,-2.5487596341117578,-0.5616397386590226,0.5631169478491085,0
-2.9169962678665318,-0.9744767703692071,6.27597815129487,-0.18813340828710773,-1.871162348421326,-0.4844523734808002,-0.10420366413276537,0
-1.6965368161481913,1.4990661205522509,nan,-0.5609275035154468,-1.1970897945628698,1.2667854425927536,2.5864365441438357,0
-2.774287549369341,-0.0013138854812909662,5.687802952637954,-1.03029521167179,-2.0057291810063025,0.08983110982911816,-0.39569610513448533,0
-1.7947009811051484,2.9536940829624276,4.749056015539048,3.112406657864057,-2.1137438644766062,-0.45245059161040213,0.9520865801137681,1
-3.6672756530994457,-0.044349348312123005,6.971522890343657,-0.7365316489425213,-2.6940816770034575,-0.43442489455883215,0.25110591676106925,0
-2.1870421849264705,-0.3100835280863966,6.162344901469945,0.062254241611311545,-2.3068666339748374,-0.6671588256759053,-0.8556826425574529,0
-4.3546972548377,1.4316103665746036,4.653204944944319,4.998742524107721,-3.6097536629736147,-0.30256947329872463,0.2789995805237011,1
-3.3503401482041197,-1.034775273604021,4.180577894068481,0.7988188659225821,-3.3385126800374527,-0.4668639180162277,-0.7656310049643703,0
-3.0898116551181456,1.0475691307678088,7.297360038275588,0.7827235533501462,-2.32359105022044,0.5307132947655496,1.1156194120421823,0
-3.084243077141986,nan,6.3011378396088755,3.7340962764363814,-2.4705075385508826,0.4914352464865554,0.2735880695135021,1
-1.4989109014830957,1.6041503366240817,4.113199292557036,2.8693376596718014,-0.8814174267102901,-0.7737295359198335,1.024081299892557,1
-2.1053990902893376,0.7652102263069397,4.933859641307782,-0.14756722376606357,-1.8773705170051618,-0.4747405911030273,-0.06422575275600492,0
-2.2613167517884922,0.5338336336891932,5.929763893970151,0.07653059275684565,-1.995112240999935,0.5759322182880151,-0.06357131085573989,0
-2.8884784336860587,-0.19990637137026945,7.4860693041654995,1.0803739952243572,-2.0839563933147724,0.5581811062708124,nan,0
-1.5298554549354786,2.523200190132175,6.215241973700069,3.5031622964297195,-1.1686356245938108,0.0023668844220439997,1.979610691061485,1
-4.6918733644339685,-1.7710147293878151,-2.1297792964679485,0.7019991445920213,-4.207952411248748,-0.8494150167624914,0.10761002370462161,2
-3.5350807884343745,2.1247691121041425,3.563265555599381,2.3382024780331334,-2.739481015176595,1.5224191893700472,0.14459319251761937,1
-2.8303541079106567,-0.4964586489622821,5.2119878523966605,-1.2403894778340405,-2.602787684343467,0.48219599017867776,-0.2553977332061619,0
-2.7987181408463075,0.14038624606836347,6.5216971648136575,1.5345963633816389,-1.9751425057602185,0.8078140619924813,1.2182720009872838,0
-3.0419376570905516,0.10460202888748005,5.924869900842774,0.528375099951572,-2.521454215338568,0.5795508069035659,-0.07444298994596486,0
-2.1384154776764426,0.6527485346846464,3.844271399689255,3.4063983606130432,-1.9812962151529012,0.14184652885056365,-0.26790501436477887,1
-4.433547693115518,-2.0101153975588595,-2.4629633305922756,0.10986123332733622,-4.2284526049607845,-1.0115701201941423,0.08256387608727689,2
-0.7374153387905209,0.8052931374543715,5.783572741372641,0.048829926273103064,-0.6191037074857743,-0.2823083214277072,1.2919608766014312,0
-5.110442525127703,-2.3075573919656853,-2.1639005517084176,1.2658788034325155,-3.7271786191083685,-1.0214035785596274,-0.7298052562336811,2
-2.9902828176723957,4.403313789172218,3.130316058796206,2.9227285493210973,-2.1274246521037448,-0.2290280454562927,-1.573750338628409,1
-1.4238415320970774,3.4688656282430577,5.302832480204678,2.7001947300765536,-0.8786198268973354,1.4168408945097,-0.32492401194358755,1
-1.8094090855117324,2.0880518203172875,3.645545386223218,3.326973289289413,-1.3285642710982806,1.0309693724483904,0.5009348868005185,1
-4.596135268904227,-3.2704979516752744,-2.032438896504739,0.408688660781116,-3.54863795754611,0.9165904934286815,0.42774252724988315,2
-1.5925079842035714,3.180004333818624,5.4239530598420895,3.9399433226413727,-1.490582691716609,1.3302176459692974,-0.2859425703406762,1
-4.003927533968489,2.305193143954328,5.364925455086344,-0.01606374743663419,-3.4671393551391345,0.128167748996649,0.5897971688437929,0
-2.8514908202942526,2.8861508340606203,4.755079986125504,3.399472601738191,-2.246505117397937,0.9905136338688143,1.6242465738309406,1
-2.5029976317051963,1.5340743845274893,7.346509314154293,2.481951064166708,-1.7082178764151212,1.3785295368071169,1.621891492809018,1
-2.2049795323030885,1.6874820613050674,6.592107877065827,-0.42863766856968993,nan,0.3764630645494015,-0.4077584417718259,0
-1.5830802769163825,1.8474167621363908,5.7132022755097855,0.02638688713453935,-1.6924737730755472,1.1032462187164718,nan,0
-3.65899844675131,-1.2904980753110022,-1.9380245555252387,0.6724755010296015,-3.2897317583861674,2.77559273090401,1.0318062950906497,2
-2.7178914245068775,2.6012211765699047,6.672078121630861,3.5906489564467967,-2.729560450054606,-0.7647061130524926,0.2930642313578695,1
-1.884840436815029,1.5678733670486313,5.660622244146664,1.21179385410443,-1.4488134293707475,-0.3809606597793161,-1.547682390632656,1
-1.315123468183916,0.5187992848969627,5.90191841905915,0.6630116705160132,-1.0358549536701378,0.14081722062437654,1.297999370164349,0
-5.756048003858337,-4.275768281605291,-3.3515963726818003,-0.09800963893946912,-4.681081908533712,1.471622643034874,0.39348942456082614,2
-3.3961779296494163,-2.5593752009159867,-2.964428293300654,2.0529342395807353,-2.532399838401735,0.5837183496459131,0.634612965713591,2
-2.7037668973586486,-3.587579004502172,-2.16984758024301,0.6477365098557069,-1.8837018931200622,-0.5800118919637968,-0.6149944058483489,2
-2.179477652759884,0.25571594884308646,7.549011923195922,1.1087179680269397,-2.0181456554549935,0.5073542840331433,-0.0007259028649811601,0
-3.623931228509665,0.5296863871315659,5.272754447432552,0.11045117462080006,-2.6034531009984856,0.6018931143226707,-1.1169144178543091,0
-3.0608782005070814,-1.2584711108458775,-2.8223238160724247,0.9263164707854821,-2.5925289431589045,-0.4941685990923936,-0.5330463323365198,2
-5.655021815923157,-2.6102295652135696,-1.603105432688158,1.629230425907363,-4.575547032303166,-0.9569928574297675,0.5386910727923929,2
-3.4923346295676523,-2.624121394307068,-2.9113948148965547,-0.10765140991222599,-3.273826081248151,0.04222645264402852,1.0861894104810834,2
-2.692592791671379,-0.232486596990939,8.175467105779877,0.06878893411136011,-2.4636410531835784,-2.1202785083373703,-0.793435055129614,0
-2.929626768653268,-2.8889219893078852,-1.6103357702325938,0.1333844407202529,-1.9344490233046288,0.6206599327978363,-1.4885227998194699,2
-1.0042944355444634,1.2774398764673243,6.929804737756828,1.723764092459252,-0.3152082941306998,-0.7899910386911478,0.6526551269402733,0
-2.9687213377637214,-2.5317850643604447,-2.596657415599731,0.8003162491362673,-3.2643633864324233,0.04584088915646393,0.2433944199354251,2
-4.406014568053205,-3.1784385859847832,-2.2955689763174383,2.55654161708217,-3.8334857377738434,0.7773131948377603,-0.5496837713671804,2
-3.74769602755965,0.8692323553072896,6.804103165304049,-0.08173660260469157,-2.7047821513657273,0.2710030595842427,0.1908113400149398,0
-1.3952602864325128,1.697667213286849,6.098888099461689,3.8841762386678305,-0.9455619478708603,-0.6225531828433155,-1.657621072609196,1
-2.997750480078705,-0.37637887856966723,4.625452487646064,0.2349301548349781,-2.4540492394763174,0.5598024184286896,0.7724736094150197,0
-0.590122227923679,3.1691460283423476,4.870566660686669,4.101871339417657,-0.7984947108683713,0.2840510177516884,1.309959162280164,1
-4.635767664518402,-2.8437567734738076,-0.9037126148020533,0.8957549347404006,-4.146842332747897,1.1114368296661692,-0.5921314827319468,2
-2.3370115387692842,2.1614217992469653,4.734377971970894,1.7939271010652993,-1.7091192109219446,-0.9192032978913554,2.446377546179877,1
-1.9320835478091722,2.9272573040769108,4.716792868596224,2.334299042574451,-1.309437832483765,-1.5928333804785642,0.8669623586896208,1
-3.1589852399386986,-3.2562479679523673,-1.6280816023407312,2.0163037455403594,-2.363240755040402,-1.0340685275491062,1.2875540966142,2
-1.2118951772227602,0.89398186473865,5.25710367661582,0.4862045482502319,-0.5528274887745417,1.452006218268354,2.032386800516924,0
-1.976166420623998,1.520289657768955,5.990614160220153,4.286016237839268,-1.5896570228929665,-0.6521542995635984,-0.6109230897855586,1
-4.391719398694873,-2.2648764112715996,-1.7070523120312664,0.8693438050657485,-3.478204052674396,0.054581438876450394,0.21379694530723364,2
-1.04496406370526,nan,4.518863617084601,3.1365420947192573,-1.3233497428762755,0.46209994063031173,-0.6216711646306372,1
-2.7830817451414847,-0.8718112749919601,5.9346947745784835,-0.5640733307055219,-2.394908393590691,0.014366642917657147,0.49430763418330176,0
-1.7603849627692085,2.7843867571876055,4.198166190364599,3.279604410986939,-1.7857083730301448,0.2447812818152452,0.28039454617398585,1
-3.607873608742459,-2.2675965916159746,-2.1802914452210684,1.615584261838573,-3.3599413693251394,0.07609509531980038,-2.348767659502387,2
-4.961337624047768,-4.420886847674121,-2.289595795099512,0.5257692787050474,-4.097017705785012,1.5349945106058047,1.0237182299944518,2
-3.825606384931162,-3.0137344888505835,-2.234210855148756,0.0932239108310633,-2.7534396638907084,-0.7027998632551531,-0.3845207922621951,2
-3.480143810542737,-2.0790521852964883,6.037683819290715,3.4421881175633886,-2.5706083519581115,0.5135948149401225,-0.3148806889587202,0
-2.6449023333307875,2.7415891131852055,4.368783074214734,2.780678986987292,-2.265083438133983,0.45350012298379144,0.6419280408570027,1
-3.6540766267518086,-1.0902728666809618,-2.4673122795941107,0.9856859608868731,-2.5825113407814957,-1.6529648347055168,-0.6152743227586701,2
-2.521477716731532,-2.5937856609050685,-3.0207838271706238,1.8192493421247753,-2.7484484310454294,1.7694599859107283,-0.1959600956063285,2
-1.46359496732109,0.7336793251059601,5.417737306572884,2.986064492602229,-0.8681492182512747,-1.5398976142867054,2.0675167158881,1
-2.6838776372679463,2.4452604493032464,6.0715019143654665,2.71748639684421,-2.0884278711773936,1.5950810794459047,1.4552479370614269,1
-2.794985157349735,0.42986415536343303,5.762889472112887,-0.9662586193189151,-2.148820891700393,-0.28131167626797,-0.43744555707127025,0
-1.9076903947871644,-1.0529183060274279,5.027327910518961,-0.6150804315355196,-1.494072218216132,-0.38853208720454463,nan,0
-3.491447417446319,-3.6393192806630683,-0.981899480376363,0.6473456966210275,-2.502475320115433,0.8645378609433244,1.8458025256429287,2
-5.027500037079489,-2.142921544372984,-2.204470970971493,1.289935820092246,-3.6473511393146034,-1.8015648002328792,-0.6592297139407365,2
-2.4337525490770666,0.934238703562585,4.517860138198072,-1.5445608250007863,-2.187478220586492,-0.6513981844125292,0.12380568407572914,0
-2.1903077097549857,3.743854157029433,6.544454032743756,2.920915748260971,-2.0998839155616436,0.26905989932086466,-0.9670174350862959,1
-4.852229307356415,-3.9147697534751122,-3.2073823609429004,1.0410898995952773,-4.138660547499818,-1.4582847686463878,0.376712394093718,2
-3.770909061773524,1.2127236772874777,5.961898333947211,0.8847154940535598,-2.662000642612383,0.5526514673458356,-1.1950157023535959,0
-3.2158797966055515,0.051183727828664316,6.207007033567429,1.3154683914110448,-2.4728966839770905,-0.4362116709602353,0.3407251864552646,0
-2.118089610022144,2.698478612882406,6.513136772343785,4.211007623879141,-1.819984488460953,1.0543622564689592,0.4469690015081363,1
-5.44347339478287,-2.4914092651200628,-0.21342974403838497,1.0492856031518385,-4.451638173909341,0.1370469420351127,-1.2040137312307426,2
-2.263160130213016,0.8067320554613636,3.980931159434363,-0.11712426886906657,-1.9420465507190305,-1.1463782573059704,0.3486554046292012,0
-3.7693823140276623,-0.721588400364004,8.167038658449016,0.6327099568358261,-2.774292369497566,-1.179265073402247,-0.46948763372418967,0
-3.430704911900395,1.3768028228366136,4.38003791155818,-1.3423357905260147,-2.4648592297951826,-0.664989205896354,1.1600072053425945,0
-3.2014319059073655,-3.7690417169352664,-1.949423865918187,0.6054750177784127,-3.0004945454666374,-0.8880154367828783,-2.184831739402706,2
-2.4476858933549095,3.221452256631872,5.324531675353593,2.722471093675206,-1.9956000336501747,-0.6757406697053063,-0.24212573673516444,1
-1.584560347968854,1.2583622530750747,5.6078495586650075,0.5863041814405006,-0.7565979493111865,0.7645004932327393,-1.2375513034072887,0
-0.5889352091508279,0.8922673879136369,5.145286918615409,1.1762963881077186,-0.6019471435275152,0.39145955895881296,-1.1378399870987115,1
-1.1281570237677756,3.2933201628874764,4.272342454949367,1.4074390835644384,-0.7589465171639008,-2.3701705592341704,0.626543133291581,1
-2.8202674994001846,1.1511157598596893,6.860020125652536,4.5146150375019864,-1.9739708344706361,-1.3233535130701939,0.30994083651015414,1
-3.3839935732304993,0.5823861433824444,4.561134538000587,0.2078512633678647,-2.973858992660951,-1.243701501154924,-1.3030966215569986,0
-2.9803966464657337,0.9291523598968643,5.783391928412193,0.10024814226147799,-2.8741792823581562,-1.5535117310961544,-1.3714200807791916,0
-5.3754643917830265,-3.610321557634533,-2.916904203485595,2.0895522045119472,-4.821394054158122,0.3023263962774015,-1.2961216352591656,2
-1.9070416585836736,nan,-1.9847186667523609,-0.17029063512817466,-1.542661097758413,0.5175927589798963,0.5041633162971287,2
-4.126362493945483,-3.308534050462355,-2.3880827458444887,-1.4193049214728997,-3.1926874278240636,-0.603732392940579,1.4269506707584128,2
-1.713034377282908,1.353851475438866,7.2561012451112665,-1.2886687947950022,-1.5067398762156636,-0.5761804950535018,0.049393087438821585,0
-4.926680190742214,-0.12740156846054462,6.552326751891151,-0.6357537658883097,-4.253931060899231,-1.1124455248111775,-0.7809830358899218,0
-2.511077293704168,1.550316483621267,6.387398048873777,0.7479390954010017,-1.5538778881096151,0.3955262625881336,-0.6642309331308094,0
-3.9406735441845733,-3.8613307429495176,-2.3690480467256756,0.37844403156754514,nan,0.7089548575613199,0.6736774933574278,2
-2.7654862506540634,2.95200465653049,6.2462445793945935,3.4720152897169205,-2.332719580524724,1.1564659132572068,-1.0802389184541952,1
nan,0.8619971955106658,5.469939383083115,3.4659793775152794,-2.0636324033197972,0.6380899384412112,0.7369405722903974,1
-4.125203847364258,-2.7045039039560423,-1.1164041530885702,-0.27271133019568394,-3.053432990541517,-0.8472729397775149,-1.9401227654275528,2
-2.4620155433241018,2.3200873424395896,7.376234721078108,3.2247371445409962,-1.802326383340703,0.028637844834622665,-0.08625418151023546,1
-3.4674779194448453,2.0697557918218745,7.294958442189313,-1.5245132986182386,-2.7670359708182346,1.3273110485677142,1.003873658351298,0
-2.606922386157216,1.9499771624624773,4.857747018416059,-0.29526359852462225,-1.9823895953609127,0.5982894313835401,-0.8755324419677601,0
-5.408718471431705,-3.2813819302635574,-3.628031887251818,-0.7354052217999009,nan,-0.3534550943824577,-0.07396130871150988,2
-1.8493606464411005,2.4800639100784316,4.535577408872404,3.1474537379758645,-1.4055594384751076,0.843041534119236,1.3114833577548106,1
-4.235224901770934,-0.11265244994498647,5.322716302114831,0.809773575856304,-3.1351299493957825,1.0599417482398508,-0.27625920282686894,0
-2.871322028572863,-5.150677148173613,-2.777207249586643,0.29750623067282955,-2.589153719260707,0.11400622851588621,-0.4258469607682661,2
-1.5074967721913959,0.1790030816027227,5.139001830572137,-1.1319492056420353,-1.4966736124313242,0.6061242974745964,1.0271930692196405,0
-5.18304961007003,-3.864834544524455,-3.345869169816686,nan,-4.047292008214187,-0.38200457256650716,1.5077469347499586,2
-4.1478550314965155,-3.7271408144391636,-1.7592359369378856,0.07484085154704068,-3.370190803241585,-0.10154547086667966,0.814142150439447,2
-3.4317646434244575,-0.9958728972568974,6.836320639034438,-0.04578822932887683,-3.423692218196881,-1.1070681148105672,0.4840358013491841,0
-1.4847357673625385,3.52321981183584,4.039710020620294,3.628648237483807,-1.3164981668774047,-0.8894308752437812,-1.1153655061822798,1
-3.542926872947378,0.04033324947094463,5.466558870929,1.3948334721850302,-2.6031442753021716,-1.119056639896545,0.886301530443367,0
-2.5805508505591295,1.1283448710983601,5.602764805186845,4.976452733835231,-2.0153159075208134,-0.38502071240526053,-1.8622882682021287,1
-4.077276781392918,-1.6916535075670565,-3.646505514608388,1.708390428685677,-2.6748858084593032,0.3342287234457391,2.1173271448868567,2
-1.212934156699715,-2.870073342685096,-3.7354761071601184,1.2459056644586572,-0.9567657265425616,-1.224329162832024,0.183583916830786,2
-3.1068383378155118,2.5074175839832265,5.855978975028291,2.948648338495157,-3.078263585085587,-0.5144764445803355,0.484459204042024,1
-2.3968416050801817,1.5418888246138038,nan,3.280599363672618,-1.4438010292412409,0.4944578870198257,0.5301235133296689,1
-0.945922581769474,0.6417183195410372,5.4315489372893815,2.460076951780908,-0.9624605256583147,0.8561207046211406,-0.6552165082037016,1
-4.187007905680963,-1.564275612714873,-0.8386730218079739,1.0981540566036365,-3.3899456357424804,-0.5336535887061915,-0.6353905297674767,2
-3.7759799880704703,0.9801685549013539,6.070998282659788,-0.28755762951506625,-3.252246586055403,-0.6053364253227295,-0.8839339031047588,0
-3.3453136826029555,1.2270872745155954,5.092315676506491,-0.9526492771994266,-2.4378567614213913,-0.5596248844288335,-1.3917800068377368,0
-2.8288189538009005,-0.6508771011841438,5.873380300362874,-1.9420211961512257,-2.146698634126681,-0.5775201621594565,-1.6018952755038411,0
-2.2896066360640943,1.9971333505539899,5.548646621162011,4.430302716355043,-1.6964449817277112,0.5494037879303336,-0.9697450569188526,1
-1.1444059753484832,1.1844869895019876,7.512748952216433,0.3883075929802628,-0.695413257077685,0.6946588663627425,-2.1906343034416498,0
-2.9565066273283214,0.16862706020040874,5.807270083048122,0.3264768983464355,-2.376638143304674,-0.059174423394369464,-0.29223371404826454,0
-2.092151009351064,4.13341108367543,4.420617579883497,4.059141857273431,-1.792927117244319,0.9907763302288392,-0.5841656136839812,1
-3.68422201908492,-1.0598298842422484,5.829764274096277,-0.4681187767419704,-3.4792253163663487,-0.10946324473236115,2.6205700328975228,0
-2.390664338962616,3.644040697566859,5.7184899709596975,2.573423464725131,-2.075202379971434,2.0506072405085303,0.33078915139859055,1
-0.8901675216775277,3.8055322036220276,5.949086930069112,1.3426516400441488,-0.4872865367856428,0.8987853903657625,0.649716070977485,1
-2.973342030134573,-3.0464580655519775,-0.9212020146111981,0.8252431466288032,-2.1428094908712607,-0.008021971035542997,0.3170157911326417,2
-2.117355086832674,2.1782600696838674,4.021324501671945,2.5111546885982223,-1.6587243054878757,0.84996066648155,-0.03900815034928545,1
-3.6525956223253475,-3.0174494906999847,-1.834907689544458,1.335520447349628,-2.959959057197047,0.5730348950920781,1.5644955406596588,2
-3.1891000771620397,4.994281056443366,5.2439712867961905,2.5168307092834628,-2.498685356013693,0.1566656102825089,-0.40776584015434014,1
-2.427411035299683,2.473314819766739,5.936839420790047,nan,-1.9816469073518646,0.6767871207237884,-0.8918048082693734,1
-1.26289114462371,-1.299246426623892,6.497476240929393,-0.6218474902985311,-0.5978146305754836,-0.45168853558273425,-0.2781798233618989,0
-3.529323461958369,-2.3002670682254,-0.35145570150433314,2.0017435109784323,-2.8438085476163324,0.5465309878871125,0.3206507020501665,2
-3.2569691308126307,2.1839899600535464,8.101277931270815,3.178828566773569,-2.93020300092808,-0.5304270147560887,-1.2246605519233102,1
-1.255504834006052,0.7261630888413589,6.947977561201538,-1.009574700519889,-1.7305259185545423,-0.16206389574332913,-1.48622962450551,0
-4.5978799101176655,-1.5400321791195717,5.334793382297503,1.079286775091423,-3.9894901644663094,-1.136328119606663,-0.2622180699239857,0
-2.10200664599502,1.0997546371256741,4.951586644866029,1.5427704318385442,-1.6548920902653,-0.030965569217236914,1.145222121939975,0
-2.677404463292059,-3.336427631907859,-0.252906558741371,0.2969011197437169,-2.5715353224622515,1.6730209814752421,0.6190933904743844,2
-2.4368997659212335,3.7021571758486993,4.908034857609164,2.886244102005247,-1.8435332371255708,0.1945894979843085,1.521443567327772,1
-1.477376598416325,1.4928784471303949,5.133717385470185,2.2859904350707785,-1.1277746585427024,0.6186491327188647,1.4675794849709616,1
-2.823668463013787,1.887404854984518,6.925533411231422,3.0851313403010194,-2.4760027048909508,-0.6804113583558706,-0.5424412702550893,1
-6.074932247040256,-4.805531018265096,-4.56942614961263,0.7754308541354252,-5.567142457912709,0.2111977515321388,0.09498951305551578,2
-3.00767184968153,1.5175781714553755,6.035625023257625,3.6265622386864456,-2.3531746305439567,1.0013945809260094,0.03354614869637827,1
-3.3295876978960743,-2.346782662282437,-1.4837808547247386,-0.11103009200952485,-2.3612526320599736,2.8909899373023307,-0.20006840249867267,2
-5.704875067203862,-2.8817223566160326,-1.3385082077577068,0.1807913640005846,-4.401957204709687,nan,-1.6333250159200225,2
-2.3901062825333828,-0.3782912027294848,5.913188145695943,-1.350670026503049,-2.115359055360781,-0.4715524715844841,-0.45992237547036585,0
-3.039015810642206,-1.1953381439663673,6.278084710620519,0.4715923948141672,-2.476858869934948,-0.014184030357908878,0.6861409511239946,0
-3.250322989953107,1.985410370125373,6.409985150280188,5.202267817346464,-2.917814412192993,-2.5562213359295956,nan,1
-2.614614517260985,-0.5870454971143275,4.216594197933716,0.9463404001472631,-1.4513393232305705,0.18529199730794074,0.5494806833201908,1
-5.747299940960998,-4.002815376175377,-0.08480809177837287,-0.46680736450043303,-4.47052468670209,1.7730996229758627,0.08883319796948236,2
-3.5298917165840926,-2.226405881959118,-2.854310630598432,1.2326508946976893,-2.9886509506292462,-0.8165115719095085,0.6272803894850566,2
-1.6244605650757702,3.880748795057136,4.072161013280918,2.2711177512156144,-1.9075216275055173,0.740830752156993,0.1389437215276272,1
-3.6432774336894305,0.795250916802243,8.318808489115657,-0.9426049804887782,-3.0143357871030494,-0.7764947420918735,-0.009993636048731115,0
-2.1150436847902885,0.31146679006086964,4.555310469354198,1.2593511067466616,-1.8539004553542977,0.4415669075977013,-1.3013069204387473,0
-0.5162600821037197,1.6990043090147822,5.212983344906118,2.8495605231580123,-0.4226042384890383,0.02821673607769188,0.07578541468502462,1
-3.1612395581421544,-1.6491946080746351,-2.2678710466068903,1.4721349460072322,-2.8325034424750353,0.08742957571805553,-1.2440138521694222,2
-1.6551207937573902,3.3406842381180284,6.075817327706665,2.751695369359938,-1.4251147930155745,1.2282859018748054,-1.0189953918387593,1
-4.013060071917002,-1.6946259566681103,-1.5183900961361785,0.12724512075033756,-3.2013437679341648,0.2807650234768695,-0.6697884101351195,2
-4.364881393852492,-2.8810161360381983,-2.1566570737105586,0.7443917010916805,-3.0899580608011536,-2.2262530581647675,0.12231731473257677,2
-3.226923346941299,-2.353556579358026,-2.282784658068452,0.8438476507085952,-2.2403725857538546,-0.8064843060578184,1.8546661605122121,2
-2.743565019298504,-2.923550984500216,-2.1191279704926815,0.7233805838943568,-1.8404646620081317,-0.7394431015828896,-0.7339489909813293,2
-2.6282718788507364,2.570212283658788,4.226373175906777,4.123397402208043,-1.4535535074653407,-1.130380669002246,0.8792166726944958,1
-3.9438669483250086,-1.7388806956049843,-2.7293419957799205,2.6702731180420485,-3.598810946499087,-0.32169300143919793,-2.0897869090109658,2
-4.576498365798427,-3.5854888764981023,-2.099222832706118,1.9491582230124576,-3.4833342698346472,0.7775579402777661,-0.9668014708603672,2
-2.6999864656252726,3.067635413888127,4.882216931008687,3.7817523052368127,-2.13616166487902,1.80295373658312,1.1283408209352115,1
-2.9304991222307195,2.4218085381058576,6.381525600240877,3.165976099009171,-2.7644351855841416,0.7563667357115437,-0.7976318165565657,1
-2.325232717290718,0.9167052813195613,3.251838147006934,3.1264177193912808,-1.7491690801866957,1.0402530984386962,-1.5493736320811868,1
-1.7594041058736805,1.8191735102334448,6.689091060224354,3.673287133089826,-1.6607385439753468,-1.0849511235092013,0.10143655855312977,1
-3.0224650343201294,1.4210612849232662,5.2013388996005165,-0.39941338895182843,-2.353668233574712,0.6027728118231508,0.7855241640498163,0
-5.303688510211818,-3.3681598788381493,-2.800173336555155,1.173190655947606,-4.524988843606941,0.22268815025186547,-0.4545921666961978,2
-2.9930688700156987,2.6363515514769524,4.151497065295735,4.303778771189828,-2.557419084552113,-0.19783168592372496,1.592401483837742,1
-3.3977466119124156,1.499803252908718,6.892698703443124,-0.6947967644675379,-2.7912254215071415,-1.085043958786267,-1.5298415213725751,0
-3.27794501075245,-0.9870309328486336,5.094977365337741,1.533139528167392,-2.7299954912366133,-0.21889154904100952,1.9239266388554954,0
-3.870041506804693,-2.0999885588854914,-1.830115776286469,3.3336054163488162,-3.873477674120574,0.33487998022353876,0.08549041429296456,2
-2.6474621523817623,-2.779832058274807,-0.700841807887401,0.4313491620968869,-1.7257749920558734,1.044248185485356,-0.32912252924866026,2
-1.9873763115937133,1.5147977233214793,4.883231431164136,-1.1177286231074381,-1.2864225050564149,-0.45914722264781826,0.026819199599642737,0
-2.235106976902399,3.461653152717857,6.671273882040477,2.7357887083399692,-1.3178735969097757,-0.29425998376587575,-0.832747133386265,1
-2.1481305525929972,3.03070455885731,5.113888303823344,2.5876408749775526,-1.6316413173661664,2.1552240403882728,0.9543880175875777,1
-5.669557694943464,-5.405645322485584,-2.1973003525001236,0.8248824404001639,-4.6844424986125,1.1708408801852859,-2.0290896296705028,2
-4.984731068377471,-1.8526837544427703,-2.347235790022595,0.9533590644008115,-3.9738135665787806,0.6059795125278711,1.334252882863788,2
-2.0966486486406017,0.19654724856310346,5.777061285672526,-1.020294229616775,-1.9301857185574605,1.969821210133406,-1.1434938144300544,0
-2.26871811050202,-0.377195854527132,6.124266975796974,0.8576675113081642,-1.7953404642721837,nan,-0.1146722746502973,0
-4.1218228018855605,-2.500641463536509,-1.3153750428308635,0.26010280261231056,-2.5985397359615736,0.0992690428866416,-0.1819163525681224,2
-1.3537855777177534,1.8157678440595466,5.198398362162234,4.518015913641348,-0.8718571443242724,1.0202480317572509,-2.3273902674790374,1
-2.7215960102510164,0.9620829879028057,5.986779836750473,0.9233771862805942,-2.3711395217341416,0.4315777085240807,0.5077693452652391,0
-1.364503649520071,4.261849068729911,5.679626230161642,4.2134163313083315,-0.8876756808508186,0.26869886370977825,-1.1526471817345503,1
-1.0485136523242515,nan,-3.3313263583428343,1.2388503789572636,-1.3313051295310978,0.36232142491671093,-0.7685003289252819,2
-2.6253701477506093,0.2441540585453138,6.36445381685393,0.9615880686394134,-1.602035966587095,0.199698257441015,-0.02395616092303115,0
-4.629207558445501,-3.526328861645416,-3.3581219935102373,2.1746562944363763,-3.5157689575942754,-0.5859042272213394,-0.2791067863366947,2
-2.193929375648243,-4.210939079608197,-5.226418589658259,0.21171984316657022,-1.9071738791768769,-0.5888584641305757,1.2783872301455736,2
-3.89966022096971,-2.472150720592744,-1.045703424342005,-0.2740212959470424,-3.197669419458218,-1.4529044082692133,-1.6547074913048783,2
-3.619788505329968,-0.7309494286968633,6.196252644187711,0.3543522019894981,-3.015842521125835,0.5380037130890952,0.14741164743625618,0
-2.6300103633232568,-2.3096682791378074,-2.1404503932527557,1.2926202020165014,-2.291754335088486,-1.3770580562116743,-0.29970672814318666,2
-2.298943456283819,2.6045577673716007,3.388201768710486,3.761788613200176,-1.914106394646624,-0.36473237361019345,-2.4844406958014638,1
-3.0503106243936977,1.4134637861624424,7.239757849034817,-1.130438236228032,-2.0710395919910245,1.1412512451479058,-1.4777593913166016,0
-4.087947289533339,2.245004954752758,4.870925336108227,2.743060552958658,-3.456595036891442,nan,0.48956543285270154,1
-4.405381052754798,-3.570820584766081,-1.0311786700472279,0.28240981663514375,-3.184254606221725,2.2280025445248253,0.8502978325190809,2
-3.0546634050288666,-0.34530978021110037,6.42997945376511,-1.1914268351256734,-2.4106455586752533,0.20445663471492878,0.17391809630226662,0
-2.7116669448618826,2.755632044259804,4.01349006962821,2.8820811315656165,-2.198544151006901,1.4853958701502066,1.093682098093879,1
-3.249710992668272,-0.20862319130898477,4.463636907543978,-0.5481606928124639,-3.0188930647813,-0.3174479579407913,-0.4732863376858054,0
-2.063994840507498,1.6538043367824784,6.931481300501014,0.5244144789095908,-1.5220275838748156,2.0183844865631793,-1.4278000249424951,0
-4.206646611649751,-4.3012839923817,-1.3480418032900425,-0.2573283805671577,-3.1576565579630866,0.2801703764328718,0.7572652953710902,2
-3.336586989814373,0.27957992946910126,5.02207782318451,-0.318392690727147,-3.1673245673629244,-1.185174464654973,0.9122087636287626,0
-1.6091531868238054,-0.23853268656612048,5.946135924578622,nan,-0.9367039085318738,-1.7650371968873964,-0.2934211910742026,0
-0.921517421251223,2.905703232905765,4.843075411577047,4.240022804702346,-0.2826144913261315,-0.3034241506602319,-0.8594310086144815,1
-1.7155956841488575,1.4454235669442348,4.347933942220013,2.381766922861653,-1.6233823561227987,-0.41350638188297645,0.30000412115838887,1
-3.7286116161020013,1.655971644333321,6.178700817750908,-0.16411505845097324,-3.1905904927165474,0.500078950273672,0.3813397600361227,0
-4.044453438365305,-3.1565474904522235,-2.2254036203187324,1.7680753920227672,-3.405584667270547,-0.00095508855698668,-1.0943761459491856,2
-2.2275151268891493,-3.089085140306058,-2.7412831946423535,-1.4247081811637177,-1.3723237643523105,0.4276921380809259,-0.12244104810454501,2
-4.03687039341004,-4.003829752056046,-0.9769987423897764,1.5490012880760835,-2.9260625045124815,0.2539565059693121,1.0727189795925611,2
-2.0598423419304654,2.072988350643074,5.948362865203115,2.796394298096115,-1.2415168927014941,-0.6620678168910314,-0.08616841332135132,1
-2.026525408868124,1.1777499164027645,6.149342928683642,3.6302554150051085,-1.6899992856471762,1.6343126720263588,-0.5531816722881365,1
-3.6162073010207045,-4.841130089597674,-2.6219313456667948,1.3889087944299794,-3.2077207170434434,-0.0017683830183165801,-1.5269902060438532,2
-5.3874325141041055,0.6223253160707982,5.300849559382203,-0.5124713893657077,-4.108618114357183,-0.17948670119490143,0.6882660386550196,0
-4.4017236257684225,-2.9190928112214642,nan,1.1875246445696548,-3.991748320118467,-1.3370863426475326,1.630941505248221,2
-2.0045993528863555,-0.5687057305142692,4.66414592974198,-0.14594010911847483,-1.9823690107984624,0.2479433413601164,-1.297446443765285,0
-5.240057506440648,-3.7928065414293837,-3.834422324366655,1.9451605283895441,-4.5548029091250894,0.2039899350378305,0.027731071854248907,2
-3.0023707788151213,-2.8166803195470997,-0.19980375161158223,1.234661042309507,-2.2273513250568158,0.46949477523429856,-1.4511656623835854,2
-3.7804608689708568,2.0839176193690774,6.027749651479829,0.3849967007728316,-2.839954273634071,2.0893294375382485,0.7422112797188699,0
-1.6840858476540856,1.0931766537642325,5.362645916092452,2.418482093118903,-1.3617105556053573,-2.137885092331209,0.515797094884674,1
-3.2896792999097317,1.9254806227258223,4.4101138994209474,2.0413455160300504,-2.8181069498527047,-0.05730318372419152,-0.2528882461754856,1
-5.563758507084499,-2.578914601011199,-3.039019199879616,0.6407955860751386,-4.848420489638078,nan,0.1611958213874197,2
nan,-3.3644517981837785,-1.4849795971105948,0.32615819894547815,-4.0762670007095645,-1.3666658945702994,0.1133925162829592,2
-2.6967922748782915,2.1696998708972397,4.520104068346583,3.1520242024444864,-2.9180836060643647,-1.160804980837129,1.1909049226589692,1
-2.285107611056283,1.3722207212035422,5.407392963237233,0.26450970187423045,-1.5068189312065163,1.2765046282983041,0.2544766878493868,0
-4.354713530399756,-0.5953755306803821,-3.6602237579526204,2.3480355250140255,-3.5027580984062383,0.32970873598679584,-0.5492820472475947,2
-4.652476811542167,-5.388032750200025,-3.962282847015961,-0.8570209769494429,-3.4970496304607956,-0.39949552651244263,0.6120979878733057,2
-3.6582878980010896,3.949450716679223,6.694288724753669,4.608250575000128,nan,0.5312977469421798,-0.7606001511446742,1
-3.7211461290597154,2.2909159190959407,4.702361990989811,4.179672202586741,-3.1242353879831586,0.9102892905916563,-0.8038915478185279,1
-3.1570597433351355,nan,7.061364713829827,-0.3648614806371469,-2.9432729051162445,0.7752511041287438,-0.6111853568939968,0
-5.780197996990696,-1.5013268304730065,-4.5741765306447,0.4706197728094016,-4.239081428286212,1.2331568218226534,0.7759871222440387,2
-2.823260173804443,2.843397173721619,7.1748115839509525,3.106902781532425,-2.4661920589880295,-0.6880724060017754,0.7650696194695698,1
-2.4272091047049793,-2.997681903988175,-0.3859895552670034,2.179082476753812,-1.687963139696899,1.8837560982930424,0.28031478743529026,2
-4.087789136909189,nan,-2.835066849307603,-0.9402837961990623,-3.2958216719654847,-1.2131839012292776,-0.3391895835209729,2
-2.3533912076794783,-2.9307898223349254,-0.786711194303223,1.1745155116905692,-1.7784737726448976,1.796796822274337,0.29391986395521563,2
-1.0236504244413496,1.3247872925855857,6.133969705773739,-0.5091017595540255,-0.46653248448066476,-0.0012336720991241263,-1.7787077689474344,0
-4.697920709183914,-2.718488611510348,-1.9525220340884368,0.6914918281623421,-4.221893981283632,-0.4593618214653057,0.5692629745581137,2
-2.6274696269540527,1.7300696501806199,5.654325747565464,nan,-2.181126312471804,0.030016247335172663,0.012358302855203037,0
-4.922614415306447,-1.9465141781856903,-0.6535664382164439,-0.14476728365250213,-3.6334462798007627,-1.0286621369489812,-0.6291461405116593,2
-4.59122339910556,2.090319702520108,5.645475397434883,3.4861371496475413,-4.086940767270239,0.8742548567175253,1.8991635719136082,1
-2.5122366728953467,3.0228742662402945,nan,4.400437761935724,-1.849256665492222,-1.5237926884835244,0.21965426261873516,1
-1.7133644164166255,0.5923818981078537,5.0294411898138165,2.192884378615702,-1.0784280100377543,1.7579303319201287,-0.5897152350368791,1
-1.4739862814294091,2.1016953316178584,5.001558964509867,3.4723223439855513,-1.1251630435352322,0.6097511012973549,0.1729120342451435,1
-4.233385004865551,nan,-2.856491761847567,0.2778573685927984,-3.373510758893568,1.3826408482334387,0.6293796898256621,2
-5.294375375768356,-0.457750496040216,5.9560918187066445,0.22401307621743288,-3.5219108073409067,-0.5223569440977074,-0.7112503575025222,0
-3.0808668029861166,2.7576115438844866,6.661360678621018,4.701721280954404,-2.6796706999275184,-1.4616321133475032,0.3089005092253262,1
-2.37284792302066,0.3157250048965816,5.6814494288309945,-0.5929409891887643,-2.154788146105605,-0.07487519260818468,-0.31629993049346605,0
-1.7591987568911627,1.822762944914432,4.607894317429934,3.5986237753259704,-0.985340871064223,0.358241905867262,0.8957287602368805,1
-5.410727878317645,-3.066775889936329,-2.0907531283766962,0.7618912819048559,-4.010136496997981,-0.20987624280206588,-1.4673733603980588,2
-5.183085871269192,-3.0552929128726296,-0.9911732581749115,0.5074269336303873,-4.443251078822492,1.0947527987249277,-0.3684902972180493,2
-3.7962727667733493,2.437904577933963,5.691281671898902,2.3267380480465283,-3.005440838775837,-0.5500236858676464,-0.3918685078868869,1
-1.6279979909318274,1.9791206677567383,5.925666530824966,2.910327289311312,-1.2438597017445718,-0.005768040852691819,-0.025108918478721296,1
-5.344943278951614,-3.4415532624564875,-2.0926604261114417,0.7029065273945817,-3.9576123252003357,0.925448011487522,nan,2
nan,-3.859195313015074,-1.7264393195231447,1.7865452466289318,-3.5936346397175605,0.6266888805482576,-1.0813323214126995,2
-5.002337101999396,-3.0872022220713875,-2.3914449593193376,-0.023913631023502413,-3.939811881795855,0.24231612394154872,-1.03972598763275,2
-2.667196998766649,0.08337205731453123,7.431336282636311,0.9645708694944226,-1.7435104976457567,-0.594392302403711,0.29594818668665696,0
-1.8606497968091547,1.8097205740993978,6.531747824468055,4.885340434842106,-1.2655500341958907,-0.5155686596375885,0.8761263741910852,1
-4.748572659556817,-3.188324774030435,-1.6503077978822016,1.1536578207026476,-3.7492854165443896,-0.6682631601320959,-1.3187920113780243,2
-1.9369133578437667,1.8585475434808896,5.112486800714288,4.145432438475623,-1.4056140319239612,0.864232199207808,-0.36332346005503735,1
-1.8931577482748678,0.12971063776906855,8.129749984513527,-1.8278310280877423,-1.466099912858171,0.14683424047149424,0.19960193125900338,0
-2.914721381631895,-3.1998754349107017,-2.0914784925215466,0.9774158191495553,-2.5321340451163312,-0.3367771148573328,2.572250365181579,2
-3.771729929452905,3.611802953032143,7.213590573380543,5.174183034303483,-2.597059535799387,1.5056074390879524,-0.7433143866094277,1
-2.7929426024884707,3.2638368063376118,6.37407202962175,1.002498051915992,-2.1792467743296973,-0.1653068200554912,-0.4676960678398028,1
-3.052817644597667,0.7838123965413615,6.898709393177378,0.506227343049187,-2.242706853545617,0.13805762313954426,0.7405111692999913,0
-2.2937151149434456,2.20867345414016,3.4294194554832007,3.5086711236720425,-2.282338689790463,-0.18135329149246573,-0.048471966464238334,1
-3.1973989385565322,3.8626265747045285,6.070808093316164,0.37832888995220243,-2.7003615515217168,1.2020666320267275,-0.46480522667978513,0
-2.8111324836351863,-3.4843026597563167,-3.1116383600903714,2.126980863082854,-3.019337519460535,-0.17658495277184968,1.2654927062046746,2
-4.788921391504547,-2.0458809744886457,-1.5601472925376474,2.3159409704189473,-3.4750460854504577,-0.7461100916956522,-1.037341977459092,2
-5.2217974262662885,-1.2948984626898534,-2.949978570656526,1.586688297737737,-4.422030141945212,0.15983340822321926,0.5924002140292263,2
-6.156525691369358,-1.468580725315256,-1.3857738527075272,0.9794848167137347,-4.846639019699871,-0.4498016870620511,1.4809787677069592,2
-5.243256898062231,1.3180982669518346,6.536463249559734,0.36722677269742937,-4.571480758979067,-1.0567387325075874,-0.2861122177314506,0
-2.308507599489814,-0.3012793202890479,4.997889175363651,1.9093724787312343,-1.8400952867681395,0.45955117750353386,1.2778774892355227,0
-3.115659215229832,-3.318228127661383,-2.1687951367996146,1.6414867281878007,-2.687296562890009,0.2002925948818037,1.3829002790213594,2
-5.244425219711483,0.7575263976852891,-1.980344572117679,1.0003357300036972,-4.120483426840658,0.18373763971398543,-1.2393316306338313,2
-3.2758246893492737,3.0553593879342444,5.284341520332594,2.7204665162104105,-2.009020312235064,0.2592209103160948,0.27023730340524693,1
-1.8458052811578285,2.207982365758847,3.86059125057316,4.376762632820643,-1.5792926047239433,1.0201497807640794,-0.49784100107297036,1
-0.44365133797746015,1.0519529931600409,4.929688740288386,2.810406518934708,-0.6216468982344016,-0.5047151838529155,-0.5938874052131626,1
-6.186735677390971,-3.4132305712517264,-1.9980367628657136,1.1923187124323782,-4.603121564221631,0.871551417558428,0.8817935066727227,2
-2.159042544408976,3.6979171552946477,3.9748082105578604,2.1554075139742315,-1.9918613212700176,0.010538713027109417,-0.8399527119701584,1
-1.8190187659360821,-2.604953303497129,-2.9590194835948913,0.17316122486718555,-1.89389016079408,-0.6214258707219198,0.5372989813068514,2
-1.0099551296441485,3.8283236480644773,5.094182772726967,2.4343251281371128,-1.0038477502276961,-1.0971237665538958,-0.12804327590731215,1
-0.0805517027580901,1.6925056586911287,5.1625371141497425,2.73143322976087,-0.1978651786600778,-0.2759328984159854,-1.164074342082939,1
-2.0305803161303606,3.3681583020643155,5.232433851622733,4.177890032288461,-1.265217648761711,-0.5549176628993594,-1.0899785946152258,1
-4.66644225745317,-0.5051817604669705,6.825573773002038,-0.13241350200517688,-3.2214267567029458,0.2715916222789313,-0.05683135692850852,0
-2.0934556740544097,1.2911683667793712,7.03625176500821,2.853348976496707,-1.78406765462721,1.313757018365342,0.21209380858693724,1
-0.4856596799281053,1.3701966219986519,3.953276427220178,4.115625594854096,-0.6325421513040705,1.3041229960283311,0.9681533962358185,1
-2.658627579282819,2.3496194930953185,6.581463053105916,2.1557483027564768,-2.102647972865575,-1.580235637122114,0.728121520683679,1
-0.19605867953585843,2.9518125116119864,5.1365074497664835,2.1746715278539215,0.37087968440753916,0.5869414806303859,-0.7485661194878066,1
-3.1906377682395064,3.2400835559850636,6.233859253692524,3.2823188769361504,-2.3579534432585416,0.6140674811437091,0.44629683187843505,1
-0.8154156288003874,2.692768127097051,4.985136120887968,2.651065155518341,-0.20391202836527206,2.058552529878949,-0.9596004085787677,1
-1.9670464510446501,-3.606846644071757,-3.748607703235796,-0.4478213484135104,-1.4152606219560702,-0.5942103703217363,1.2306799009992269,2
-1.5653318071400375,2.2961870323481417,6.564411265518767,-0.7694537738603526,-0.7699383044486038,-0.9660726669846401,0.28323807380059923,0
-4.822933836484595,-2.8076932520013917,-2.1131927439808913,-2.1755567314816315,-3.7413201569724,1.496738636330066,0.8861443658604167,2
-3.2536284191205556,-0.08779349948280413,4.877619282679759,0.19498494946543815,-2.540957717988719,1.247478008898644,0.6352406618775264,0
-3.5714413145490638,-0.8229909482855792,7.044339605472753,0.6999170098779666,-3.2701464286574593,0.568691811040837,0.9376071510601641,0
-4.510363306217118,0.7687115707590495,7.18873751476079,0.5605200651296893,-3.3125955746287157,0.6335742154023505,0.41793560626070664,0
-4.7284177408237875,-2.867298271968565,-2.9233652601120927,1.1008509803203406,-3.6326743356320237,-0.855267128432809,-1.1784947019432146,2
-4.228566616404722,-4.412705974373418,-2.7733181438275563,1.9441502484449042,-3.086471135972177,-0.705991048158169,-0.9236612867298954,2
-4.700004184424189,-3.3526857314299567,-3.2765825281587424,-0.9658858218782264,-3.694215858166538,-1.2676910272424446,-0.4189348549724413,2
-3.8784988748975207,0.8142842476420107,7.602384561547223,0.5118738260356748,-2.852354788924809,0.35238855616221904,-0.9721222915606713,0
-3.0772279432965477,0.10026709190632399,5.602173282830462,-0.9575076775580376,-2.393711312852857,-0.4732312315980851,0.5236923508086971,0
-3.6131147562907646,-3.1082275527357224,-3.6310927378843645,1.4745263502038553,-3.0602621345718934,-1.198029109433406,-1.0621519703901003,2
-1.2342995053795396,2.5885794768009465,4.125217105721969,4.457107876252736,-0.7863864330319572,0.2634361334679905,-1.4185481719453237,1
-3.784289361792242,-0.09919641565655557,5.476471350348358,-0.9712942251158903,-2.788798284841829,-2.066141105757525,-1.1154794418518088,0
-3.1942560030941602,1.5126966259275236,3.5599367509457513,3.1993036880689756,-2.5582319502827615,-0.3359816528146449,-0.7286137742715607,1
-4.191004558000051,-1.8635448573117142,-2.3491070845659476,0.23832154058806443,-3.3911509650239147,0.78346768374244,1.090290789786191,2
-2.403021454133218,0.2267408450820223,4.309398365934994,-0.4637674194980332,-1.8796351452490456,0.9696589156224317,-3.150610110683729,0
-1.6802100615471751,-0.02069254788789554,7.103042077106852,-0.027008814558443006,-1.476750346441491,0.9071425362898701,0.7699747358493017,0
-4.733546207730647,-1.2643266350136022,-2.910627141762339,0.6541376404266371,-3.7514681792114386,-1.0420645775181856,-0.3546302559008127,2
-1.3653514422869644,nan,nan,0.6348900221638016,-1.0589568435789305,-1.953197221687969,-0.8475898818195131,0
-3.1696929229450723,1.9261577802468817,4.817284808810148,-0.9133773625171915,-2.5856152267103996,-1.1786170150180468,-2.0203394086190913,0
-3.9488538391708117,-2.7717754250512865,-2.4234541612586233,0.25167164220063143,-2.9429711698813072,0.7370818270822264,0.779406703306093,2
-4.180924082440008,-4.442251490964707,-1.8553686054127085,-0.18292286246823164,-3.8190491822477077,0.5050024532264162,0.14494467336879935,2
-3.3665803090771567,-1.2524353333166522,7.635705232230147,-0.5431371861660825,-3.097886236112779,-0.24790172650633277,-1.9298516103409868,0
-0.9980524393809721,1.6714015517360763,6.248962827197254,5.557136959295495,-0.9819145571303809,0.7472029349369977,-1.1378171361607163,1
-1.9517904014810958,1.6315895210154507,6.207801145668906,-0.6259239896538811,-1.6852839777587285,0.4449422233101409,-1.0405739050725102,0
-4.295811348032999,-5.006818745735493,-3.25235777288135,nan,-3.768825095691273,-0.5258038825720166,0.813081619031179,2
-5.3995282038850725,2.755378917091104,5.579884274877385,1.623622136277525,-4.3909531813495715,-1.3893908969361697,-3.0048054122739813,1
-3.49179962376384,-3.570946259251331,nan,-0.07818382843786775,-2.904268972913808,-0.9167547958774767,-0.4007898672595943,2
-1.5744380580567747,1.1864477392203343,5.068467396020418,-0.11971798382460608,-0.2772254641363804,-0.017150403985695194,0.17658537765181717,0
-2.416468495183916,3.148665209271649,5.621346366844694,3.7293267253041824,-2.1579944602252987,-0.7181053618854069,-0.6250064751565139,1
-1.8194179514878077,3.856866770365854,4.530726360344111,3.1921141434152216,-1.8458412532014399,-0.07758229479193787,-1.3659914252985599,1
-2.07104228025108,0.6084745177264611,7.301365677239091,2.2105397260906403,-1.2067322142788737,-0.7216949996914033,0.3620443260168738,0
-4.724186098877906,-1.0235502054424614,nan,0.8854479219359679,-4.5019061233081406,0.27539634300773513,0.789874851844344,0
-5.345991516501449,-3.038859376019732,-2.7869896405137746,0.9858120151878405,-4.985881864879515,0.4936018679196123,0.6169229857375839,2
-2.6980787993933584,2.496159975908908,6.245410333797553,3.0420609932370537,-2.6085928422876807,0.6542001205737257,-0.8979765310800399,1
-6.2418629625300674,-2.517023274513794,-3.9822091498152674,3.156393406587226,-4.961411102610924,-0.08297916531885603,-0.0969292660361896,2
-2.8681483080661736,1.6397091936177124,4.346581090344411,3.094814978051618,-2.1491126194047476,-0.038625203338329334,1.3218310362891,1
-5.060683984125275,-2.172668897301908,-3.4646408390407633,0.45597535718433213,-3.902204233454695,-0.5224571596518485,-2.6844448132976395,2
-1.6847000786177215,nan,7.567246590414957,nan,-1.2761068763324013,0.30461981599592974,0.12478586339106437,0
-3.942771786521761,-4.9725514836427545,-2.609393066078564,1.2549204269953862,-3.6854470694581254,-0.12448045857967054,-0.40060786954123984,2
-3.1610390480441017,0.19063077266800377,6.2927371648909105,1.3326288026550717,-2.705437478858549,0.9489449729857093,-1.5741086444073056,0
-3.814883802573194,-0.34282315550136444,6.7662534468788404,-1.2749102971761208,-3.0185640592481744,1.7078635880363862,2.044788508582769,0
-3.083121533231472,2.560539947708141,5.999083000523867,2.3134001700853064,-2.2596228991699046,-0.8714740460803535,-0.014106364314067895,1
-0.6695864921353195,1.1241426680324729,3.8105362689907585,4.771081908212004,-0.8836199978287185,1.6284944866814124,-0.29126368944278147,1
-1.7576528076354077,-0.10148179159628057,6.124215828196201,-0.9772551952488693,-1.261114875521594,0.4260021643700319,-0.29581096049089484,0
-2.8533208761471562,-3.512350088599807,-3.0102488493409383,1.9152088358481705,-2.5983124762759013,-0.2667207728607929,0.5593440456380997,2
nan,-2.4658944125060964,-3.47461838707279,0.9931430448333564,-2.4251904981986834,-1.020286633795939,0.029188533081861288,2
-3.520810702272226,nan,5.69943693043685,0.13031758990163128,-2.907416591772185,1.0148774880084586,0.33969544717494277,0
-1.4292281598530612,3.095973211641637,5.473549015581848,4.867093222605659,-1.0864456386677728,0.7791483481202087,-0.6004098022375852,1
-3.619287132491745,0.24350099282306414,5.146017931505458,0.6336420757974395,-2.9293041944658595,2.6423397107325846,0.3997434443505151,0
-4.103217068131997,-0.7639385030754356,2.9889762074672883,0.13179230771556966,-3.4089280913996203,1.905371756696377,-0.09225301522233537,0
-3.074969826328372,2.428582419572691,5.460358721647878,4.264855025884608,-2.695121982459843,-0.8338672427786672,0.4473159351211062,1
-2.9907075029675516,-2.1544559517966073,-2.8023140835846907,0.0001472953337965377,nan,1.2601926127925933,1.0085293164826405,2
-2.770955820900028,-2.5356245749937454,-1.9076104116623458,1.4069352989440513,-2.0071053509705843,-0.685217860619786,-0.4352194599673299,2
-3.5909468981351687,0.9351967195956903,5.814194575027736,-2.2436856350651255,-2.711097850907768,-0.14351113993796108,0.06719506217034464,0
-2.625858486524024,3.652459267807496,6.951923577064622,4.359662995968256,-2.435985833749827,1.6764727819331737,1.2607706140819295,1
-2.869484535385855,1.8805096121903357,5.263485976341481,3.1488070984814813,-2.7940890765212645,-0.05747335933660803,0.041683261616150165,1
-1.7925917842471084,-0.07959102115870798,5.516876164952564,-1.053478135976387,-1.8901585032515795,0.7990551384710894,-0.08206012900910094,0
nan,-0.739790029286319,5.392662747415642,-1.665481940130962,-2.313145546380502,-1.279055372521179,-0.07120643716978443,0
-3.305180350108633,-4.26056050821984,-2.4544037915006323,-0.9276643549141642,-2.376929637775124,2.45302324217924,1.6933295535439794,2
-0.910359710500633,1.5092965787346944,3.4867859364412492,2.5499149789779816,-1.1493957839683535,2.1125470071188577,0.8135421441397562,1
-3.1846480674495523,2.5406856397805275,5.2008309584285355,1.2811803360965592,-2.6087683542795506,-0.502728780971945,0.29103592151475227,0
-2.7985473427900036,0.5318791538026942,6.437077976318816,1.1900984500627254,-1.7886488543597339,-1.151514873280104,-0.8769942044393669,0
-1.8384984499146224,0.6702938642483875,5.273971773581266,2.3643746565567594,nan,-0.7166877264672852,1.8439444246033587,1
-1.524063650300108,-0.33540271176338365,6.322994039922862,0.07018567554399036,-1.7717613437628064,-0.5921007536478234,1.1993542450060537,0
-3.014594317971622,1.6530914942560697,6.417660667447678,2.4623071414422912,-2.536541546011474,-0.5893031980509512,-0.027467340983363463,1
-2.9746077613875226,-1.7905835317120191,-2.7717055376171795,0.9832614841122804,-2.4897463728605214,0.4867411003226904,0.4624222922677745,2
-2.2096183796102653,nan,3.654570815595501,3.7695072209211116,-1.59823914511768,-0.028164368090707177,0.7404202501808074,1
-2.8341818814231017,2.691295599095387,6.559738130389455,2.604453215730655,-2.0309458240299016,-0.5357864156149326,-0.2017842360294208,1
-2.7083492411037002,1.6766394437775032,5.177456440416612,4.232341409166233,-1.7750529116415437,1.8832743874857103,nan,1
-1.6415708442465164,1.0987130159533651,5.230218858220207,0.5030953203767301,-1.488256038576079,0.5156569420610928,0.573546028404566,0
-1.7215849399225673,3.086747729824022,7.053506573140655,0.3479825745202432,-1.2707304082249682,-0.2673446926590043,0.04071725025643318,0
-3.2855343049994925,-2.779367144660779,-1.8820505094405844,-0.15664844166236758,-2.570196238846465,0.1640562886051325,0.46491170755026506,2
-3.1966298092230745,-0.8630828627010808,5.310463415875918,0.08807064641271173,-2.3022086828590407,1.5169293591441138,0.6488213544291681,0
-3.7271200822271426,0.7551261388184216,6.33042621587199,-1.2460327181345339,-2.617644246272397,1.287058289580537,0.500313056003388,0
-2.0460743097631413,1.8447789035226685,4.8339722939005005,5.024140854106044,-1.8421748970709784,-1.3586952809558956,-1.1948749052465937,1
-1.7657182359153278,2.018790314383101,4.466840623913785,2.251131962448766,-1.320558609669503,0.913104838328167,1.1307674852327938,1
-3.5908300607726447,1.6725691505007738,5.84596889671361,3.4066676911218776,-3.1636581016723038,-2.2808855611868424,-0.9267766130396586,1
-2.7435380032906713,1.1279106151987328,4.96941307970955,nan,-2.202730303277085,-1.0592921587553548,0.23440045874773932,0
-3.481761016047116,1.0068404630384218,3.447713049640603,4.033283349114418,-3.291245078554168,0.7052503342432709,-0.04055528189625165,1
-3.0629821704992675,1.5579384976144284,3.789093168586618,1.9736763162456326,-2.452930762686932,0.529298719710222,-1.165539909894921,1
-4.744166707684831,-3.271815496299836,-2.1877866145317313,0.09712606813116254,-3.930030542720811,0.305938806793756,1.7421674281823418,2
-2.504198896621437,3.347397949876025,6.105994725946179,4.1458072414150475,-2.098793810432093,0.36025172392098426,1.1020787850980416,1
-5.474525637770189,-3.2893857411912633,-3.3778465249683385,-2.1261675721854267,-4.798435138405556,-0.003297135523691334,-2.440282834226116,2
-5.327807041106285,-3.10556538835149,-3.6942432401081082,0.3923310236991916,-4.269077169304688,-2.075846361315013,-0.17431964001431377,2
-2.925389230928417,-0.7618422060962807,6.231380164596734,-0.625709877653406,-2.9843742031503715,1.0737874241131211,0.23604463714808788,0
-4.934032560122743,-1.1777200789071265,nan,2.565826984838943,-3.9058791177336056,-1.05931038015365,0.3676259791946937,2
-3.4393785143816578,2.48349352976624,6.597678530154788,-1.461063699803183,-2.6188364466634897,0.9927463477448794,-0.9932681531408811,0
-1.7791921167025948,3.1863558946335058,4.708918199896883,3.3279566255579995,-1.2777407843512893,-1.5557544200893108,nan,1
-3.862495496630006,0.8741307632199651,6.588168500770401,4.4332240401914405,-2.922046309953251,0.8276111447971046,0.8348054494125736,1
-1.8381703037671593,-0.7634182214816542,7.447552614054753,0.37661102047990497,-1.0322482494346321,-0.6629289798923521,0.17942630287604222,0
-2.0415599570565606,-1.9465126390329113,-0.46320140973801327,-0.12341591871764779,-1.586106164895754,-0.35590510688913013,1.2003326174343139,2
-3.956431396304328,0.21977859152500445,6.2176029013631915,-1.0640197323994967,-3.2339152664645745,-1.9281859669704091,0.09354836627491535,0
-2.4963950855628285,1.1431783624776748,5.016454031210947,2.2181126521617234,-1.5656460431960066,-0.27112905295860984,1.3471295514217982,1
-2.2032664355934113,1.7727299747482648,5.798826085992299,-1.901782661896201,-1.6519742623139797,1.2587082968285064,-0.07575431325124829,0
-4.061429715051104,-0.3345548369860275,4.7962654693512246,0.3079207489462846,-3.690440598533337,-0.9832757268248853,-1.3114461316193449,0
-2.0066688723670465,1.1883524899573987,6.376585582461488,-1.2402565372082677,-1.2444173985859786,-1.3367818458953615,-0.4609315667285883,0
-2.4665769080724207,-0.06724315841349637,7.219848189071925,0.39351322190872945,-2.2882591698768513,-0.41132316627333515,-0.8211994312885427,0
-1.983101574531085,1.7586865116671384,5.866410363946163,1.3657355461161977,-1.1077544975983997,1.076584969818047,-1.516607050634716,0
-3.9823767550490556,2.844884436220651,4.794240927578816,3.63154747173798,-3.118736533461415,0.7665250661080865,0.13916414691603207,1
-1.7704694562784922,0.859945381309998,6.178077489432884,3.6172285417260577,-1.3009174973980209,-0.5366877632864884,0.8185389558613299,1
-3.538609512306172,0.8636685074013314,6.385234517999073,1.8834322470373597,-2.9319375103140026,1.096043998653784,-0.25110813685185296,0
-2.377003477897965,0.652886049844295,6.312990766084194,1.3778162063693633,-2.066265165639765,-0.21798271866283664,0.7165548637005564,0
-6.006190829383747,-3.677817090990061,-1.7715434451803245,0.3502141774901887,-4.855862403101431,0.04255637375013292,0.02657336226236078,2
-3.7225336531534987,4.443120294938289,5.201914671505147,3.6747717580915724,-3.151864233818296,-0.1628714932144955,0.74332319356719,1
-3.193232062458546,1.41590409418344,5.002205240961661,-0.9418532873770471,-2.8031853165135066,-1.6994882255035146,-0.5586020078449269,0
-2.3059058311431224,2.3250584679015747,7.887542636536851,0.14086712763207127,-2.0668661667051764,1.078318899633667,0.7225009716916961,0
-3.187866515489312,-4.735698074408599,-2.5759086121351453,1.440695977823769,-2.3269038894430083,-1.4524504448471733,-0.7309778994010423,2
-3.20362889855224,-3.9350185097152686,-2.381736325959136,1.6293907225663413,-2.7831082653441954,-1.4077829946019509,-0.8676065274915504,2
-3.0178083980748616,-1.9240209837503395,-2.322743748656165,1.1841118395950414,-2.6577336705400114,1.1597430346067128,-0.044938515417261224,2
-5.844428090459525,-2.864437333663857,-2.1381852564456243,0.7589527493609701,-4.095010233047008,-0.59082643412502,0.09652763810485472,2
-1.6085435995922563,1.8628202779227396,6.19691191803183,4.711661056094513,-0.946899012417376,-0.6946720372272461,-0.1577619613933123,1
-3.7070401570043243,0.36823779154684544,5.7222632982670305,-2.3460839775384255,-2.8432517528681216,1.7658532193946852,-2.125109960841813,0
-3.0679556453559784,0.29091662301944443,7.289515241048617,-0.411927884573563,-2.641207752895196,0.7795550020946984,-0.7758733961222664,0
-3.3001001448453398,-3.3098345280121793,-0.8745647776608343,0.41151821330126204,-2.4616708367368165,-2.174992638933025,0.7687088184693924,2
-5.159279452529851,-5.021588408003251,-2.3952762304838484,1.4200737138543036,-3.860722058752422,-0.13264580417732594,0.14646346486737757,2
-1.4403206512358908,1.6399274837068334,6.379254330752718,2.1197320910054858,-1.2175609884910867,0.33883337713067924,-0.5458247979047526,1
-3.7660616581896766,-1.926132884913816,-3.7416256219099266,0.9543070967713377,-3.0637391219648555,1.084850037154409,-0.07219403372863242,2
-4.106836367774502,-4.18555305740777,-2.115476786991534,0.7285151351021142,-2.929356269977479,0.8163468374270083,1.4745163931690624,2
-3.0504521641757822,-2.133769531816558,-1.9351033711692356,0.3944753773542651,-1.9807124090323402,0.3508026926455941,1.5263060458738869,2
-3.6718482173543925,0.4979516409523965,5.902302266096962,-0.24846662313367443,-2.5959000095574956,nan,-0.5541167774478092,0
-4.110356655213948,0.6562015378882521,4.568448946065064,-0.47504544955153893,-3.4902029314120258,0.03978730281709776,-0.8744289292128201,0
-1.9158242979012774,1.613052927723488,7.064930296173659,0.3784713672351841,-1.9040734819236413,0.9472238966521672,-0.9034343038791187,0
-2.920058420154015,2.7246110618396173,4.182062055046056,3.3361250002933303,-2.6380335503423065,2.094161581813478,-0.5960137949468705,1
-5.3571274852570285,-3.3085728153996863,-3.3854566813870446,0.7120438119516115,-5.037059972165259,-2.053824867078174,-0.14264854422076295,2
-3.2978116700613045,-2.428129894896196,-1.8818035773283543,-0.7096440026481913,-2.004667803936995,1.3158496184062196,1.3333355673063265,2
-2.087129813130282,-1.196140728299071,5.440847453229139,0.31418768246806567,nan,-0.4765314828623026,0.06981086197593071,0
-5.59628372088558,-3.7574596428949576,-2.040174623486621,1.3498094633195452,-4.672732000239131,-0.43837201200002973,0.4334072346200833,2
-2.915308003819419,2.737280492119752,5.394523856334374,2.075364418094144,-2.1273478164539084,-0.43775169219564164,0.639144829369075,1
-3.0616390188806832,-1.5534143768465043,-1.8560823612299178,0.732627223461501,-1.857646107582441,1.7584914476888727,-0.13596469719118298,2
-3.7723770059644237,-0.14548025218029192,6.778451904277128,0.3568934866988796,-3.0494105885817104,0.30766478940802244,0.045317740108677895,0
-4.15631521290174,-3.5354380886861545,-3.54670432483492,1.0150497421958584,-3.639460954168325,0.3097358754601939,-0.6255890473543513,2
-1.7075898197215018,0.914287813791701,7.6649414649391465,0.09424110105706923,-1.4274674166953885,0.2605253827038856,-0.48980838751234207,0
-2.643078470154874,1.8818459063456103,5.66843149280635,3.683209158973332,-2.0817762881769486,-1.0103864686836246,1.0264514562945795,1
-1.1313712558199316,2.282492063911367,7.276380246113508,-0.5396900994695223,-0.5711737532545123,-1.7220742652462362,1.520726313442811,0
-4.219192318631077,-2.4976259324305614,-2.582887247239863,0.8187483203642588,-3.8472679355818244,1.629881018851264,0.3375113589135607,2
-1.467274412548977,4.96878172683171,4.012208384244206,5.531121759278088,-1.9031431040716666,-0.5115996921537076,0.6214236034719854,1
-2.6317709560085687,3.642117855130186,5.055121628300665,1.0429818554712287,-1.5059313594494477,-0.7741753721265284,1.1808759168174743,1
-3.2964018154963695,3.025708645022408,6.719143225313979,4.093253685644479,-2.5231413049309905,0.03498928934709122,-2.5616013006672533,1
-1.6571225913121883,0.44834899459871325,4.8550329087353505,0.375658532384795,-1.6019675705802887,-0.2555367267156411,-0.31941934109252224,0
-4.61635353450568,-2.2104628041860965,-2.260097394176193,1.8679018257935476,-3.4854462177110443,-1.8122092474040774,1.4676671357968698,2
-5.818267130937064,-3.14516682694184,-2.022119541992215,0.25138148388429027,-4.395657317652476,0.31461331090019934,0.12537753164363802,2
-3.7077033617408715,-2.703637649560841,-2.209823488212548,-0.09915791759895254,-3.0062527414579088,-0.055480367075229686,0.6891000515967078,2
-1.9001059144070824,3.526763133381663,3.962874877780642,4.511876513818872,-1.5135836006012162,0.9761754368626859,1.1938933227725435,1
-4.496430442432396,-4.189207631134545,nan,0.9602907289101177,-3.1883089276355365,0.4147791536823094,2.401151308921755,2
-2.411652454887513,2.609230817390436,7.8517243440471285,0.08450377818725935,-1.4362418950127787,2.4517864753218426,0.5572155492845597,0
-1.7739737030591103,1.3109084008154377,5.547211518889253,-0.9836751959369805,-1.506854129444947,-0.6074418886248555,1.0619013634284196,0
-2.5709904288406706,-0.04019245037091923,6.868941017628823,-0.9176954755185547,-2.248015447278407,2.2697160545164587,0.33845911256253264,0
-2.4787525198216507,-2.1638988060341764,6.121052411992354,-0.20282790182869054,-1.994039301153533,-1.169416713796908,0.6039144671270096,0
-1.84337391195636,1.2834790843514903,6.117479357293378,2.2266073435353646,-1.3701470103446325,1.1255219386466413,0.45472071550384235,1
-0.6567148390255909,2.934541091319897,4.1822109461029875,3.1339914404651914,-0.49275168918873685,-0.7850329236879046,0.44975655154154637,1
-2.44728606388459,1.9322835943691747,nan,-0.5030078635981359,-1.7669820887687118,0.34030105427894414,2.1366889848442607,0
-2.738264235395025,0.9420771704211219,6.454157854750681,-0.9425315051710612,-2.085048304077377,0.8677210570176787,0.8179940361069657,0
-1.2766051313213764,1.8320994369508419,4.968694380216807,2.713687082252283,-1.4293770230686556,0.4670195966252146,1.6890326986154494,1
nan,0.4891674695467026,5.255601713081205,-0.7311983219220821,-2.4877649796733206,-0.7069388985715837,1.9648372381783588,0
-3.6846693383611955,-2.550577430258621,-1.376942977082012,0.860042481999957,-2.953739120773553,0.6664488499945204,0.2946919915553772,2
-3.9765374589957108,-0.06723779031253507,6.2480229157858815,-0.16912828028049576,-2.5561552818901365,-0.6593732047694637,0.3348378304467991,0
-4.1423909706238184,-2.8408009419938134,-2.6111586588476388,0.9870581978594138,-3.284560416353774,-0.5456140728653848,-0.9885936718678209,2
-4.073328526766221,3.6288859765389505,4.1911379122757335,4.289662201302177,-3.5442865642151737,-0.27397443414685013,-1.6377730620432167,1
0.42710769289241146,3.527135282658194,4.583025637588106,3.950222588865665,0.578468221207161,0.1330869250454799,0.7172519736674313,1
-2.558695254443218,1.673060387042327,6.2180987467553255,5.074734729819849,-1.7312647144721955,0.3614962691568899,-0.9849119662509449,1
-3.912588432894945,-1.7529285963420973,-3.0814364569328876,0.833044049884753,-2.7848061575449465,0.7301629548276027,1.39423672194067,2
-3.126547559681484,-3.9323038892011057,-3.0857608838428665,-0.026893063217813262,-2.407508498287131,1.259593252780613,-0.8159343177092144,2
-2.5047910854496944,0.9954187061881925,6.470760227554167,1.2525179292361477,-1.6332147473092258,0.428625790768933,1.0864452773042086,1
-2.9808664651226193,3.667192727399471,4.440272476734775,5.147443198013846,-2.732644291440879,-1.0301145681872563,0.2026541547238162,1
-3.348095705593741,0.8298967802616459,6.029549175846766,1.1667224990606997,-2.6496541223904146,-0.5329267443617487,0.8811730388202595,0
-4.1430217590189296,-3.234071546446928,-1.6120787537657904,1.8224654256399653,-3.2475946938175486,0.17316553735142373,1.7072443856118942,2
-4.080454811326258,0.29133507334024333,8.017593264424882,0.13704106825561096,-3.244201267250503,-0.6434371969651774,0.7166631717881006,0
-1.8927244527166278,0.5729340368653082,7.02271551512122,-1.3078275962518082,-1.847599950646915,0.5903718189551467,0.06356867498016984,0
-2.8004053462168232,0.6686599739602281,7.33071616805751,-1.477516022516111,-2.3218717409178504,-2.1914650676573366,0.3075799272325704,0
-3.874684599122797,1.352320097957675,6.780919093333042,0.019254579742451816,-2.892746208491048,1.1440247594676776,1.1126592029342437,0
-2.5037670277575144,2.2569732633802633,5.690297895935313,-0.9286018661315403,-2.3499039540566637,-1.0364918000583843,-1.4109059826772852,0
-2.653169787536336,-3.021569736723583,-2.126837411281881,0.4627779732722227,-2.4490571318555303,-0.07149225641823212,-0.9757556043271705,2
-2.9610127713315575,1.9030521377520224,4.532376162250082,4.094123114640727,-1.7671214207740784,nan,-0.598004777157432,1
-1.9206617322093194,2.1961206665493633,3.9130808932805463,4.2514225954170435,-1.6007718568932798,0.5283276285899562,-1.079684833329768,1
-3.3283824651587164,3.102130697876919,5.987754291601092,4.802697546636635,-3.153238556739008,-0.24557180578332366,0.7939547485792069,1
-4.461817939489072,0.9416404329233368,5.411523179241736,3.087561254580144,-3.540857695606787,0.2829073699206503,2.8293499607624324,1
-1.381251772744537,1.945662550362235,5.487124829851882,2.7197394105343564,-0.7470762429978433,-0.5302932346530491,0.6158850818930616,1
-2.887557575530571,-2.615477509543445,6.4265339153091166,0.47896077283183786,-2.2784220706982636,0.9638823255433191,-0.5872928173948404,0
-1.219622652820708,-0.46926558116715766,5.707463875166616,0.1586527120612476,-1.600628372006348,-0.0364546418016287,-2.1623714609747426,0
-2.5059044467136076,0.9064350543883466,6.622969707280423,1.551437093958221,-2.7260331902277355,1.2529216404807313,-0.48585418398086033,1
-4.133671595258228,-0.13953575479086566,5.590278109029173,0.6088134720091825,-3.248530868272581,0.43841173307265763,-0.050761565150395156,0
-3.0016184793095655,1.0445787124428505,6.18126523875614,-0.8960279342111639,-2.6309530819802607,1.1811181923113776,0.5372887275123132,0
-1.7868290324698246,1.2610342150129505,4.353358099972038,0.751587168338234,-1.067877737344512,1.5696371533494717,0.0041602580816245596,0
-4.650605412677369,-2.1232539313879437,0.011689945304130395,3.0095374735229674,-3.7772123051271946,1.0926628018816036,0.6329157880228243,2
-2.0049772550470495,3.1208204035425733,4.0654217727016375,4.126850846226125,-1.4481759308871398,-1.2822444790312948,0.6317900828411632,1
-2.698294552056701,2.1322199264959156,3.6638373453872246,1.056011568784788,-1.7942651618343528,-2.089917418592191,nan,1
-2.127526991120493,0.18448310261301537,7.465278913225898,0.24409178022012418,-1.7081678742670283,0.17934667500255214,-1.5358471586741378,0
-2.942077063297369,0.3582226417951354,8.524199640508623,-0.2864643923401793,-2.7709725969484875,0.4569537672906914,-0.40029634755534077,0
-1.7196846222046243,0.829408329184252,5.7013021995552995,-0.17622377997969985,-1.342980776851941,-0.22637705073572922,-0.9926549126422263,0
-5.298144834444946,-0.6988697224233782,-2.181843490473806,-0.26409765072156477,-4.630226810250118,nan,-1.0573333604155815,2
-3.6608566322160643,-2.6976228671412965,-2.0312487994614856,1.556957085247618,-2.7307273505835905,-0.45252101329064137,0.883050210271854,2
-1.0829231633247738,3.0121212081467212,6.350779347722323,3.3866456622955803,-0.9979787221887999,-0.5194683009606306,2.0839480003424122,1
-6.23955975321886,-3.4288071607622195,-3.568247421479066,-0.22278692940970968,-4.758960528377169,-0.028323586950738656,-1.617917188792423,2
-2.4377003958007357,2.4915311794187844,5.372308634739572,2.9398701431303125,-1.973542698591536,0.9483505662738814,0.6470242012453548,1
-1.8793167213696806,3.485520223814383,5.342504747122504,2.997352322580828,-1.42182317973071,-0.6706581423870848,-0.8302283336077799,1
-2.008134279286736,1.1090536013821173,7.210121888056375,-1.2284336431990626,-1.5124611920825288,0.5318564324217339,2.0882149406243435,0
-2.6470965101177595,0.3507296454489276,5.087388056791878,0.2096828978456376,-2.5421466297701105,-0.3913947556275149,-0.17467715994527594,0
-2.303136707228923,2.9210864957714073,4.028360257220068,4.221513806318715,-1.833377454162613,-0.06752733484864985,0.22901978298048667,1
-1.682776105828057,2.799788147375982,6.647984556761479,0.4305442724169795,-1.3122135545162574,-1.2711277245434993,-0.5789371965406774,0
-1.461058128070642,1.308222626157446,5.382664185909596,2.8353598729509426,-0.5279859276345674,1.2721426112609653,2.4203375159894485,1
-3.881514304341712,0.2893219364206584,5.063462481512124,-1.4634183433323333,-2.9186259904153715,0.6574184553186797,-1.9807906409099802,0
-2.980457562576894,2.8147860934892663,4.789436716640751,3.233485143587461,-2.3390169262009217,0.4461249277421211,-0.4553010937989142,1
-1.3637076774048853,1.9456291672524362,6.390476172972811,4.123170340468937,-0.47516743484243407,0.7425822226754211,-0.5816830505152454,1
-5.07014750622019,-1.9141943800316126,-3.0668939256156382,-0.38414300033334603,-4.059767654180133,1.6043070964709563,-1.2280854077400725,2
-3.6061696285316254,-1.7323114487697184,-2.116603832217492,3.3871854883025794,-3.2639583618805377,-0.5733422359107175,-0.0363463635781993,2
-2.5822113016319275,3.382420104274599,4.09249206766052,2.527079615444011,-1.9033907110677737,2.8369041414269165,-0.5193687115699793,1
-2.420454713154606,-0.3818346502458284,nan,0.8040041908869593,-1.8089354041705505,0.4198424492059341,-0.11650307139360595,0
-2.23184301147926,0.5308233875613559,5.772078960626058,2.54393750394922,-1.6487964043433294,1.9477292025472077,-0.25540647145711365,0
-3.1415783819923586,-1.1566966512341974,6.556389297976394,1.589841775219022,-2.6972990563988573,2.2530126207607806,-1.5000240669808225,0
-2.212779814926532,-0.41182435665287265,5.934276437428217,0.7366619514377535,-1.781960682765649,0.10700547091236537,0.17675677557615416,0
-4.230297933134067,-1.738220836610866,-2.9433354599224217,1.899932677380078,-3.590729160179604,0.34204720709313347,0.7388828426800762,2
-2.2114785986695815,1.3338705495929521,5.999758938896658,-0.14334163230645858,-1.7222617823437205,-1.2061359056521237,-3.1757634154787726,0
-2.183724712852756,2.624323075658347,2.560494901239295,3.8248243595267235,-1.8434595226083537,-0.7401723972136253,0.1716521651620123,1
-3.199163586759449,4.219034434534999,5.266614947244033,2.203023450397999,-2.326339273472232,0.06235150062938748,-0.9234299202493657,1
-2.2899326110078224,nan,-1.4143912402448466,1.9772828281164183,-1.872226530942242,-1.5697696399180954,-0.026951506700216864,2
-2.185931984220597,-0.1745610854954568,4.798054299542651,0.6083436880910569,-1.4447327080458592,0.0758885318059134,0.4409880795952669,0
-3.4717508536293384,2.3619010448922477,5.45451573808959,3.2428873075350313,-2.7204871449647965,0.061384067345676606,-0.6951741120771753,1
-5.573803609069761,-0.30554014221251424,4.847444916508907,-0.30605255054590685,-4.868496240997001,0.3280478798442527,-1.432702652072001,0
-3.013600048913628,0.7218521422704476,4.865874250182695,0.6103547777339704,-2.9717558528027026,-2.354369574120834,0.5227768497886067,0
-2.407578066651249,1.6244803891393569,6.7896935906440214,2.1335320709095313,-1.9638434149673782,-0.9517760877675028,-1.0936840400909693,0
-4.1597725102288425,0.830179387468568,6.468509926025044,-0.777348022931857,-2.6932444787420935,-0.970952392456476,0.7070671718214545,0
-2.390491616885302,2.8431054878669313,5.505316609340221,2.8590672338036947,-1.7193075767951649,1.2561954888117972,-0.0638797613413189,1
-4.141210607279969,-3.2928962926056027,-1.8254728253037198,2.458443278950698,-3.0553327291676475,1.9381928623472322,0.5172669918226965,2
-3.9075980573613234,0.8871939149394885,7.438160323241521,1.4810965797577105,-2.799962819398691,-0.9016898690536992,-0.4284212592266218,0
-3.5341122222849894,-0.46371973991813464,6.594688300527564,0.8772711865320608,-2.9301955967906212,-0.1865829589410904,0.8215473239725403,0
-3.3754968818575057,1.7555298712144594,4.763307584424757,-1.296971792370622,-2.764041588802585,1.016213604884058,-0.6349739155616585,0
-3.470878499827055,3.0992850375900973,4.9393580137522735,2.837782153456044,-2.593678476146431,1.9381932622710867,-0.742868031905876,1
-3.2833029396020907,-1.2807595279802695,3.964716607324137,-0.8725031701762773,-2.8793928335150536,0.34807253601857857,1.6859500952064894,0
-4.024488858049008,-4.6148623390736265,-3.92940391005784,1.3210617637591702,-3.0472412231762704,-0.742818810873753,0.6112000400243301,2
-1.66160943140216,-0.18522582508261964,5.07773363236038,0.6358449117554141,-1.5175704975034938,-1.9029767963799469,0.015166330775322324,0
-3.7074208608190995,-0.012300913713729655,4.767223977396471,nan,-2.425876780451407,nan,1.3818065343212755,0
-2.830218174373634,2.435895029790006,4.666113839864654,-0.40604611461326107,-2.220423298342374,-0.29025225578357244,-0.8948331747802217,0
-3.465322883016081,-3.339938204238816,-0.917633523255899,-0.049142353565094,-2.6543747538155436,-1.344753102579167,-1.0737063098445851,2
-3.943650946593842,1.0788521334580243,7.316656360403468,0.4533827331559424,-2.9168580665334565,-1.4755573459865732,-1.0010947189067796,0
-2.9214803730279666,1.4611358103411392,5.173839906310493,1.1630091687999662,-1.9478759745663123,-0.4159789963626322,-2.2836285739527216,1
-2.643524321745178,-1.3960753847387597,-1.8049422308941403,-0.7037209259933778,-2.4281217499571985,-1.311017565442631,0.5300717330966997,2
-3.1701330218794603,3.209635173622932,5.189104656009712,4.888009609711893,-2.076200203462884,nan,1.7478531562709296,1
-2.5723400714546933,0.1265019477770687,7.868183494810347,2.020605484477226,-2.3163760683305514,-1.5688145350173623,0.0038860442796649327,0
-2.1538964155279086,0.34629330995148777,5.060067099832197,1.7562376783691642,-1.83656432863319,-0.33247924247059596,0.0891229777711907,0
-5.346030308923674,-2.9147069189597943,-0.2738991160535005,0.5247229085382488,-4.6350573562704875,-0.5360434463980577,-1.3307715475552246,2
-2.3939578402458856,3.112740692566578,3.5815159595664783,4.102612753030274,-2.7939970436861605,-0.5445624809346366,-0.2809346894758525,1
-4.996882717940468,-4.501787102188841,-3.0366211291291783,2.6862039237680397,-4.108942871820258,-0.508163555325972,-0.6840837190477326,2
-3.549915260831192,-1.1249975572407025,6.620609859777019,-0.16943946482800948,-2.9180046196011227,-0.19327062027375153,0.4407587760360755,0
-3.521970751585612,-2.5762249196579052,-3.880707886149201,1.6359148999129647,-2.8042052409554437,-1.1416200257992846,0.09907812424003527,2
-3.3146963522552837,0.3480181695092378,5.703345021582974,1.1255591596618022,-2.93034634618413,1.0443672413698823,-0.5630050729501332,0
-4.924666495173973,-3.374796725050908,-2.9933052521947503,0.7635435113401726,nan,0.4897111696604644,-0.39715627308777707,2
-2.595772290887092,3.0160562167180665,4.545759905282633,4.204802236447743,-1.8316817227280588,0.05003429595854378,-0.0028896187727900273,1
-3.5725703417628365,-2.0290490510144794,6.659669186760958,-0.7555515239940243,-2.619113035224595,-0.7873183555791679,-0.769003229658924,0
-1.7184348935931153,3.607851827648566,5.5084644478409395,4.600450265653889,-1.0857427417393204,0.30051799953208436,1.6707878847781872,1
-4.85323059044372,-2.0375712730315167,-4.115632367853458,0.46603280330337726,-3.8462965148174635,0.9552664548434446,-0.5258103935509294,2
-1.5744713281492069,3.2113811571654907,5.596153033959023,4.33111736537052,-1.5342451979310707,-1.0930598918393302,0.4544938997741661,1
-3.3247356642991654,-2.453966320278249,-2.3217846423833843,0.09278675803230862,-2.8066488865495614,1.0576260668473947,-0.40889021031924344,2
-3.330163722106276,-2.5550818395688855,-2.1720967890930174,-0.21440594246255695,-3.0956301066013627,1.0952828393498226,0.17870319442809546,2
-0.7968087679600692,1.5604833446271973,3.5243849677307555,4.755905169374398,-0.5855787889464087,0.36509983286601455,1.8122967419065108,1
-2.8921200334850257,0.3118352997529251,6.1397846010009065,-0.17459893318816228,-2.356987236688393,0.18744153240805086,-1.29986712601685,0
-1.240661592745632,2.3040890184994742,5.548939374555002,3.381578185498188,-1.0224054827904538,1.1713730770903796,0.6872955686594808,1
-2.841163843712928,-0.26878192357510267,6.727650912351066,-1.235488659340447,-1.9422473901760502,0.8364133048182407,0.5188255887445867,0
-4.130171287843067,-0.7646547045134496,6.023709617367924,0.46543408046667284,-3.2647227162969834,0.0975762996528406,-1.439205465206531,0
-4.510887404527362,-1.0125639136439086,-2.0461600139392804,1.2182837137607223,-4.056840062732412,-0.13560756700931959,0.06697912370321214,2
-2.279341332879416,1.6035007833900616,6.4681006482148735,1.2365951719243327,-1.971730858761313,1.5039492115628104,0.9673737029386978,0
-3.3470427831722365,-1.7353150235396018,-3.0927591299818213,-0.9963794615439353,-2.775028755068242,1.0267086498978866,0.4531840510832152,2
-2.608935528843869,-3.7029045741590636,-1.708484848674556,1.917492062552975,-2.1704521216758597,1.6988831944565455,-0.13225079833515427,2
-4.799570562577727,-2.5649216624731936,-1.5722528792992343,2.095607147249264,-3.896130901282014,1.7478457181808607,0.9286777127924204,2
-2.5641107561738807,-1.1298272458284817,7.3475014026121865,-0.9518091943101001,-2.6506442541620143,-0.6446546673133745,-1.137542358437113,0
-3.8376853505815034,-0.7522153689340835,6.258751454296895,-1.0483077198062012,-3.2622952526245137,-0.6035906117053474,0.2442555491721421,0
-5.094527099960116,-2.8527849580327906,-1.836363371140006,1.8630552224661785,-4.017213339986204,-0.5699657761681879,-0.21534041467890788,2
-2.158640442952356,3.334271626615787,5.421168063677079,2.3987233584267202,-1.4703677590738626,0.6036985558373461,-0.7118582884136818,1
-4.20251767619524,-0.40725934128608066,5.862599975147491,1.414369694399961,-3.8511982618583485,1.155305190556359,-0.5834524847963725,0
-4.046857189233393,0.08065122262176716,5.492507504950532,-0.37206898053745147,-3.0898307203783606,-1.704689481374388,-1.0290527590086223,0
-4.35177609467292,-2.343138322539937,-2.927053000554328,1.6077138609901083,-3.178652173508312,1.038004238819632,1.09657969675327,2
-2.1405802752524483,2.368669567743016,5.812098094554367,1.0179964937300896,-1.7302741276292783,0.48244563907412946,-1.3723557379121318,0
-1.5425147807070028,1.4269366373087786,6.251851568420635,-1.9418042489950078,-0.8731586659480091,-1.086153379238199,0.1874383395854023,0
-3.1235002886027683,-0.14726955533796626,5.586642918515617,-0.8178209955775293,-2.3323224523258723,nan,-1.7119713336488993,0
-3.6165892034331013,2.1997798800634047,7.039951384617282,3.134572482210939,-2.7154533035266657,-1.5511337887328618,-1.1180202904734884,1
-1.8382656723897837,3.9008426653306687,4.806082244486939,3.423522090157212,-1.272090268673444,0.9551036706494253,0.4665011177358571,1
-3.1409402828813713,1.0622580902135899,6.3690428780984485,1.8853406261642036,-2.7685145380527123,1.0121884235723466,-0.12908945086582727,1
-5.581568902359187,-3.7346018230070728,-3.702225021904391,-0.7026136327521645,-4.115577307688772,0.40038290849888614,-0.8615405017212683,2
-3.9729347689495675,1.0941277454245228,7.570545376720475,-0.6261537469136487,-2.771553278151036,-0.8736921815374873,-0.54055186729248,0
-1.5216848895535948,-0.0937881797437331,6.459484781809785,-1.1362596059358705,-0.8393867633878316,-0.2970691967399302,2.2136449197787673,0
-1.7787116148985564,0.04118950707807445,6.429328147843771,0.03266961382750039,-1.2535566400406792,0.6201325946104362,-1.0972583242660847,0
-4.891786228118514,-2.236998913044317,-0.14691321654515985,0.18692061668697468,-3.9144979589722286,-0.5362859635160705,-0.20539546800308653,2
-0.23472686029195255,0.8286777431887742,9.142384022846883,nan,0.11465654865349606,1.1207209312539967,-0.6596554870184685,0
-2.7648135993167386,3.700794965989182,6.004354447199241,2.2772733885922083,-2.457117142031447,-0.05444822880588044,-1.04245298369392,1
-3.7134453629320356,nan,-1.5492327273430486,0.29212292267095386,-3.200676399891799,-1.2853234086405367,1.0900977649887886,2
-3.4693869096663716,0.9056645690507625,5.3394441886665085,-0.17496865579151855,-2.9386346520158035,0.23247459949915739,-0.09264115559296737,0
-4.086425531765994,-2.049650148748463,-3.1259918796513864,-1.1268489930787342,-2.9389186606166264,0.650915632450859,0.71209687465586,2
-4.938449920080136,-2.5714333946423675,-2.765469988013665,1.2800115676807091,-3.839749364262025,-1.54749298859789,1.0529922282854682,2
-3.03082228084244,1.2589125220726227,4.548467759277214,0.527065841003008,-2.8828354253249993,-0.07528359742089873,0.001377962705994655,0
-0.925153148120096,1.8873224229786816,6.4284679627461,5.388150931679353,-1.2751027449971222,0.9320099895218948,0.9730539104987614,1
-2.411533670054607,-1.71592603374205,-1.465835395891389,3.2998831285165475,-1.8730994852630132,0.8020909320410458,-1.0695607486599918,2
-5.756674315484762,-2.270536340906148,-2.4749786250227968,1.3930409723830182,-4.6449261299561515,nan,-0.33757300211192637,2
-3.613115415666896,-3.511750446112498,-2.3088519348947707,2.5257944862608324,-2.5481839777450372,-0.5599358960463034,-0.23957241136409804,2
-4.27867315231221,-2.365059526443942,-2.6751323410589958,-0.6796188626277112,-3.0529693781591516,-0.7203182354692548,0.573680707916056,2
-3.0070160189252118,-2.7829823958536597,-2.3027790017225858,1.4652283042232337,-2.0052620264598007,0.4959927311839957,-1.5675980904918594,2
-2.222064142090551,2.357297271113408,4.602133542760425,4.13046419543591,-2.2247311927687914,0.43447066905757237,-0.8669037545694209,1
-1.8361778811220852,3.4349885607623607,3.50704839799762,3.295280114324933,-1.8748154447838496,0.34727866908111654,-0.3312982856282234,1
-3.2532569935409756,3.0023897951377903,5.711194682850991,2.5235942704331027,-2.3551219836186577,-2.01786314069621,-1.8913762396933083,1
-1.9474386901580956,0.7936251675972565,6.069970413306496,-0.9153847616144548,-1.8023371774578945,0.5588203348190536,-1.516465121403242,0
-2.8943510739294984,0.6026094596344024,6.116305678200435,-0.4391064073540724,-2.2677467619678735,nan,0.11986603274165009,0
-2.139366011546599,-3.885692459126977,-2.664229653973279,1.182810364337991,-1.9143884999966454,-1.1867208588974183,0.08200412922988917,2
-1.4932621993437274,3.1264337534014084,6.074573287567147,3.490121456469954,-1.0699028688437706,1.640784932073535,0.5358426612791221,1
-6.421161793370537,-3.8050831927373183,-2.0993296784708337,-0.10185124759034225,-4.870992296063278,0.7472926984936465,-0.337191475440124,2
-2.217282699569485,4.607205536600507,4.944061879779259,2.6258011086635955,-1.3954305562014924,-0.981947574592178,0.7989551762956638,1
-2.071091133853955,2.5683506226545267,nan,2.438949227957164,-1.368146039062843,0.02197376380169995,-0.5678234994067087,1
-2.383046140574189,2.256288400198346,nan,1.1837600534385961,-1.5841841408034059,-0.3720482396893485,1.7144020440871663,1
-4.793018192743762,1.7807239540109787,5.685432052349107,0.2623986641596335,-3.3878063686648066,0.014946128013505191,0.10963913105843363,0
-5.952920681846424,-3.0401197422554764,-2.778181874235813,2.3349532163092497,-4.907297745815012,0.5502017282046725,-0.3202251773937895,2
-0.99784949578032,3.3296845513171576,4.598981481991708,4.528972870639512,nan,0.469778471242012,0.6175720466267675,1
-3.8356533403780406,0.16898510705035164,6.878761094074451,-1.1373650010769194,-3.347638391378527,-1.2413153254664153,-1.3340189326648764,0
-1.8325602330763697,1.6512319268674318,6.354183204216891,0.8235757359001508,-1.7507111186207012,0.4185925887324204,-0.2524456470873581,0
-1.8080444914656781,2.180529314604204,6.379217572624881,-0.03346075988054692,-1.84829780688821,-0.009360498179360358,0.3482936799147773,0
-4.122341496657458,-1.8156519325055234,-3.207493431108809,1.0615896276974084,-3.3056388125840988,-0.24062357052281508,-0.9279660625414322,2
-3.1324285130860483,3.5604880490321174,5.070059810519637,3.5099219135979407,-2.3309251801179025,2.7957655046561865,0.6664729498642097,1
-3.801818506204178,-4.250292056588495,-3.3788301321236087,1.795542344994089,-3.0233725957194024,0.22112851139811884,-0.12197383208614512,2
0.09714843040406118,1.5025058011363948,4.354170027002318,4.944493695162693,-0.437818473910866,-0.5275547184236169,-1.688264437542522,1
-3.442074670098886,3.849022345893264,5.868645575490613,3.890961379044599,-2.9810991762443777,-0.29720979806973624,1.1038135772207653,1
-2.0056292248595247,-0.8681323596382969,9.218268403135053,1.4262243232232696,-1.4615594419421705,1.4002204920935624,0.9396959396787653,0
-4.005085060043234,2.065029444229232,7.032690696361945,-0.6429512818042238,-2.824476160353517,0.42805810171272657,1.410700042915924,0
-3.3617840482037793,1.8836164610285477,4.398064601105489,4.047833675932471,-2.9567608824316736,0.22467489467398183,0.06323276132855464,1
-2.816060322746838,0.2257413381618809,6.457362509635514,0.6300184014985171,-1.9118259686152845,0.5751431994683988,-0.3072125042728236,0
-1.2633610437779352,1.7273107573740711,5.865984315445549,1.778020447911593,-0.49077378389656345,0.49123873058793577,1.4992711671267225,1
-3.5529608173658227,-2.0129666271879825,-0.34577898817399966,0.3276554559681788,-3.2889327335669294,-0.14697057827309604,0.4823123321419502,2
-3.675870854080324,-2.1514706539915958,-2.7485230253875788,1.1776122291404776,-2.928818295616047,-0.023508184041287742,-0.06432765786451708,2
-4.383968556155294,-3.5055139311525743,-2.3964754798991756,0.698980041819089,-3.3401271749746835,0.41502407763254107,-0.9730720394239071,2
-2.8383081289193433,-0.06674955963245766,6.121498822854142,-0.447197608940814,-2.1562352493517722,0.5718396145862767,-0.7554164629289777,0
-1.977875602151753,2.1401771387793667,4.538754430879275,2.6777273198048306,-2.150436108171421,0.1462389814004841,0.9429625877271004,1
0.4548469182453322,2.113004605268647,6.574760615903572,2.5329680419880654,0.6628624310704121,1.5580643191515664,-0.4519323804413258,1
-2.9669827083756664,0.17121502638573094,6.29824790256245,-0.8505112775290957,-2.0574355251576972,0.13145373276902309,0.11354076351353252,0
-4.088925976465326,-2.474281006406839,-1.0292562436305954,0.08827778586473911,-3.5975655210509982,-0.019302153102474007,0.32441686329414277,2
-2.1418401826674653,0.02527501142758548,5.373649198714137,3.007454007641998,-1.7618337362540746,0.9506830684112646,-1.0245119271030656,1
-2.047321246419153,-0.11948261034621421,7.21955368790557,-0.03750197229250685,-1.3477842176399175,-0.25468435097312697,-0.5050831733246429,0
-3.9487696523768427,1.1423576433239842,6.680325747947456,0.5722667116037157,-2.9383924230579757,0.379690973180777,nan,0
-1.812474123716295,1.044628720318098,5.139345572287109,4.939697598622861,-1.1795320334753532,-0.6282266060328221,0.4411901729557375,1
-1.5966234546397056,2.653235078793375,6.608748150659827,3.951898861760834,-1.0201391060801783,-0.9071781071214187,0.7773442765027901,1
-2.59823533363167,2.5073309959124854,4.323238714623202,4.426873300040308,-2.2458163837104226,-0.5669073218233681,nan,1
-2.4031250503261203,nan,6.9325206894873395,2.787824602031997,-1.74231291479551,0.40667080619692964,-0.43992875747068694,1
-1.0861650553134337,3.374270599125628,6.3715574766464895,4.204753814805269,-0.7035478665515067,-0.8990812954359195,0.7549802339582798,1
-0.80080552603814,2.4785596361978834,4.385240652282201,3.643198615005211,-0.8371261172994617,1.077939277466119,-1.3203183310815096,1
-1.1007915109162894,-0.8484971214231541,6.942667472060013,-2.136466969020454,-1.1387190143415586,0.6434047414467416,-1.987974735121882,0
-1.1098978753856819,1.161042341281695,6.194231258944473,nan,-0.8504977879829312,0.5086689129901852,-0.12864725585134076,0
-1.9600860864586318,2.382419811186531,5.7491242652962695,-0.7059205666780042,-1.5129059710531894,1.4614905304668437,-2.1165887783660455,0
-3.6314336963459217,-2.649634664869726,nan,0.17353229267855463,-3.169453009691442,0.16330103164063622,-1.3060024775537464,2
-1.7510489350066831,2.321079990199534,3.5312620839187483,3.5404105121896046,-1.3027446316927758,-0.17789647433727318,-1.2496342080983565,1
-2.8498474123175885,1.096103319166425,4.378057323797805,1.31706315962746,-2.435893782887148,1.5893354351758748,0.3538586215844483,0
nan,0.9782712711469457,6.385252825470337,-0.7333015332456563,-1.998481074832435,-0.13939714431856795,-0.31145228726177393,0
-3.32144824544743,1.2267745929642355,5.65725465958087,-2.015158621411256,-2.4567350002453416,-0.7121614221224236,1.1363849252276823,0
-2.195012998477653,2.6380164149536864,5.498341955714812,4.127701252123495,-1.2078174163058426,0.3567951646693865,-0.8568759183300619,1
-1.4980986185523522,1.3023333800411088,4.1525923594206295,3.1829014674454497,-1.382888138715735,-1.8347964138347717,-0.13259901626364237,1
-1.485499940311779,-1.8759210587655404,4.654565230373118,0.803440631573286,-0.9673784441921768,1.2060982655434764,-0.5792527052003892,0
-1.0222266806261042,2.506956784193555,7.288593461105798,2.772689693348791,-0.6177108497838711,-0.31715135693630164,0.6314490432834448,1
-2.195636405246713,1.5005002297194463,5.181242774812382,0.36803375917536335,-1.3477485703936225,-1.6122219458241214,-1.4203062684318746,0
-2.26415641201972,-0.21455188485525978,6.0027667564579,-0.0756829816972292,-1.8524549355091962,-1.3057351241470196,0.43290894231967947,0
-5.263365230324199,-3.2027631445302935,-3.4372609926941733,-0.5834386623497195,-3.7982729839722404,1.2192046935772571,1.0443751439032432,2
-3.9052921044786575,-0.4858212114763846,6.161331452017566,-1.0075217026933174,-3.6076550213313667,-0.6193353296561344,-0.19571313669631699,0
-5.168199896157001,-1.6306551563273661,-2.776193237677296,2.2040890188681743,-4.529925002615493,-1.1497849140580485,nan,2
-2.6675483663580684,nan,5.933696413248805,1.7097419358028654,-2.1750141161395526,0.45499002629698654,-0.7593939277861782,0
-4.646741709666792,-5.356701347438849,-3.2115665733553898,1.6511996535233604,-3.6455638554462437,-0.04943518516086245,0.5055269820276728,2
-3.616233624116842,-2.381373412985022,-3.25744672627186,0.2811453068119628,-2.8730402757970657,0.9850491367179699,0.9514973908431215,2
-3.9455441311338957,0.7650435878713058,6.437633478959663,1.421064860794386,-3.6966746025908623,0.9342393022098887,-0.11765809679052752,0
-2.37924971891758,0.8963159829045186,5.90877279376325,-2.3429946290064403,-1.3794863722072397,-0.8773275337644084,0.9384852943851861,0
-4.190814783951747,-2.6935432557238332,-1.9248251529518674,1.5479956143602247,-3.2475248736938447,nan,0.6630943406251143,2
-2.802475518945513,3.913170083331964,5.243231981947272,3.585522908352272,-2.578824452217223,0.632264834600784,0.437849764511094,1
-1.4267996214776133,0.5181666090525798,5.2441488272475585,-0.5023371005036226,-0.683130703967332,0.9701275220474032,0.016418626234195644,0
-3.610739882502026,1.3254471508862042,5.1930057143478034,-0.7957395337463873,-2.711724008299823,1.8279759672356948,0.8507508012710457,0
-3.9985476177124717,0.5390610313750602,6.958153083524813,0.9224772062840871,-3.2139200356007556,-0.5384470888779946,2.605118320250022,0
-2.708483047460318,3.9804803774816135,3.9994030217197256,3.267767859915298,-2.3172224348684094,0.31522326344448426,0.27254686572476605,1
-3.6631626982746344,-2.8896719917753293,-2.8350464973258083,1.8896118445192944,-2.5684233757172796,0.7898798026489685,0.7221774169611946,2
-4.109593916472932,-2.1391838366187415,-3.364398715723167,nan,-3.2253844630549673,1.4158093415222033,-1.6255622856759304,2
-1.0275713799217212,-0.24370028943304167,nan,0.2909653694671362,-0.42833069061535844,-1.3332903485754006,-0.7877101466405929,0
-5.03250038258309,-2.708233353360753,-2.963627375910442,nan,-4.19467836291082,2.0765944142629222,0.6396308836734305,2
-3.6525310771674624,-2.552783189683987,-3.650391285421115,0.5313220410820573,-2.6751770977887723,1.336759843817063,-3.100007987512348,2
-3.9262692192320388,2.25344025147933,5.289462012776356,3.7297549516263673,-3.3703440094333774,-1.2204050506288597,-0.7092324772746595,1
-0.466026788440843,1.066236537570848,3.754317109983763,2.454404961222678,-0.03730400220165808,0.7253652197850943,-0.7209311125202569,1
-3.56054786928351,-0.15247876629464685,5.716641438514308,-0.6483572056201623,-2.710758597664338,0.9579963196780277,1.3596037296265013,0
-3.3329677025568274,-5.0187872026742895,-2.7834194871086373,-1.2441819966423462,-2.904986431091402,0.1591924966173026,-0.7873165221995929,2
-5.425565428174997,-2.059175254811114,-1.2827178343467172,0.9109268866949509,-4.273058891836975,-0.3758636112526466,-1.4285635869050735,2
-2.1988041622690386,1.3272416768676392,5.1421187012952245,3.6026385522305318,-1.844924745877748,0.7219056359897202,-0.6199722277137311,1
-2.7406378666822304,3.1422904974785126,6.341941414918474,2.9168392817326354,-2.3633959741593578,-0.2800619585318363,-0.24349089056197495,1
-1.9127480413913869,0.5711642790530889,4.728760712212301,0.22722146535529403,-1.8260140405538048,-1.109591986023506,-0.30878264143486317,0
-4.071735741748162,-0.9535940528233797,-2.686056976007331,0.09658236561635325,-3.5730346696352706,-1.2168459590805667,-0.28631693086146026,2
-4.372650723824224,-3.807259682995416,0.3046487071353361,0.02097785907904659,-3.32041222911929,1.2462041833539577,-0.21055040868840902,2
-1.646825849823843,-0.8593535230066432,6.035620395268753,nan,-1.2389840416633577,-0.5301776915004367,-1.5144709930132685,0
0.07132772764272766,0.997401543932682,5.092721593021719,4.3154658281430525,0.19415936012304116,2.2746056233327097,1.4707081174855936,1
-2.4962647365257427,0.15450035462678213,5.290409390781019,-0.12543922823152975,-1.6879795212553532,-0.5245656709338068,0.35265526160747296,0
-2.789243155066918,3.835521025862266,5.2232463903938475,3.5811604035860745,-2.776561566567619,-0.21501214270017419,2.3923062113824654,1
-3.651589080969543,1.5547688649021612,5.38159572772115,0.7795765483278616,-2.9526938429426197,-1.0854830094816061,-1.2999525778217982,0
-3.5314386330874283,-0.14048351474605292,6.939268229032262,-1.475241129106976,-2.784875411647339,-0.2729436241156132,0.5260914791153278,0
-2.817971219724305,3.0529850687444346,5.631166682087664,2.574559678544125,-2.647542933793365,0.21634799138280178,-0.05767677197659622,1
-3.195446228217502,-0.4619135078367623,7.933915328328916,-0.42054770613617404,-2.9183685355381144,0.42475052188556983,0.7108078823072879,0
-2.691186645272906,2.0453613736409597,5.162830822646955,4.989410430454441,-1.8144021019714556,1.593906157236216,0.5111261231248959,1
-3.558111955168463,-1.8100099056082808,nan,1.3462501818473784,-2.9366397022355666,2.0177079284905792,0.8864420357059498,2
-1.764985007214229,1.7572658987952625,6.411456915373539,2.9553267909622503,-0.8332920396879486,-0.3220467963819385,-2.1739483477794996,1
-1.5117270321168808,1.4723453203453816,3.873301183236081,3.3220518828985717,-0.7145379234929281,1.1322242511491574,-1.5879606936064412,1
-3.159000028150481,4.885146661726025,3.7711358048655867,3.408241948192934,-2.8270493297036836,1.9220506906235082,0.23212876455444278,1
-2.5002838704651853,0.24846519928413424,5.157120041381178,2.618482921184822,-1.9117788456990257,-0.8008785670283394,-0.4884221506621605,1
-1.8006909654703054,1.4166320114176056,7.0748820666115035,3.5831139806252787,-1.0823722300001308,0.8405041973345574,-0.1439108032592628,1
-3.8480619728108723,-0.7163139039380938,6.491739944514341,-1.6109526956448839,-2.6830226527110024,1.3096690012068097,-1.18892961826865,0
-1.5069717182228115,2.1073983045775817,5.467299479027672,1.8948689883742509,-0.7490823468626409,-0.15908024021568906,2.093684503764191,1
-2.8174289340465792,2.5851214970673517,7.809679137665922,1.149020804277282,-2.4512941626903664,-1.3606626884565685,-1.2696936036040052,0
-3.0391414731685242,1.3084284308354173,6.381527786061913,-1.3158197660303523,-2.7709053160393733,-1.2053763992944582,2.515261031968421,0
-2.893150742659704,-2.4503361608744094,6.527239350566095,0.8203188999577802,-2.628713308801893,0.5951746683898562,2.918780172367594,0
-0.7619438468612841,3.115484766567324,6.0459252856053896,2.241165278289426,-0.8609136274213328,-1.7743583586385796,0.7236287066805849,1
-1.7288160367776562,1.0694254410432962,6.896308389238166,0.8166895467176267,-1.0805245292838863,-0.5703252375347134,0.32003862251665227,0
-3.377269567975895,0.4089903024319278,6.212440521272421,-0.25440352642694763,-2.4953320558855916,0.37567047991516883,-0.7683448217599901,0
-3.3814595980421798,-2.3837323144766702,-2.943073086456723,1.9044392332834699,-2.5152821204606144,0.5072943999316784,0.46441352615865095,2
-4.3064174385190865,-2.9320197696950903,-2.434296247463504,0.6314469907705416,-3.4699851927806122,0.7281601560627099,-0.4718143428961719,2
-4.031136245690793,-0.0345300903341238,5.915358479853581,1.9195407819076131,-3.019847033711593,1.428876373823311,1.2345114238362689,0
-3.085059561028234,-3.401619372894345,-2.0994556002652853,1.8835455247520083,-2.0436281987046194,0.941073587363253,-1.624473158014602,2
-0.5209676556699773,4.268055681352352,5.918057911607475,2.3517393482244593,-0.8626809116910263,0.8702388106615438,0.14194603916957732,1
-1.8202887253703028,-0.4343915673435451,7.660259268344138,0.06779507601623308,-1.4057216253372948,-1.4971626479879052,1.5980045606390578,0
-4.779269162216616,-3.81238537596868,-1.8029509755664852,1.0964954410640868,-3.3393159150773757,0.08369576600442108,-0.10565064511070746,2
-3.023264869939225,-4.48732662528031,-1.9121295424954015,2.0264066293773446,-2.059793210684273,0.8754290612084641,1.512893571763551,2
-3.450447958355032,2.0809251449938433,5.136940031213266,4.019692356035419,-3.0302231874962953,-0.5160473550840856,-0.5863455205663819,1
-2.9910475051997407,-0.20435166040958286,7.330027136645493,-0.2110848598618222,-2.3583105454728246,0.42224604571604735,0.32113339314547124,0
-0.34189917931565417,3.097379172063922,5.912845568015644,3.4961981455471696,0.402436367189095,0.07147658022815372,-0.29860739244387974,1
-1.3345315104195365,3.832357824748463,5.934194046604882,3.9690932428086465,-1.0109042751226731,1.247200080250141,1.309639115464588,1
-3.074873988621233,0.8218951436986563,8.461439800212219,1.2540689086150352,-2.592868476959973,-0.2960807107395508,0.874225367068994,0
-2.470678927134222,0.7540889118697416,5.960613327236878,-0.42537715660800124,-1.8463563380241033,-0.21009678314193517,1.263314322680501,0
-4.118441248215612,-3.0467767478117924,-2.0813507227669352,1.3314816490747938,-3.377841187356545,-0.08771061161561673,0.3750190065331071,2
-3.180848710632389,-3.3752110397520756,-1.9759496033516726,0.49958554763488117,-2.51249579286576,1.0281520402269955,0.26603991329469917,2
-3.1677219333518707,2.1730127046624625,5.262389465571578,3.9557890207083335,-2.2468696587777632,-0.20777085301156992,2.012279519480984,1
-3.1954420249229023,3.7222822715897648,5.236879282775604,3.8264633311169147,-2.6436888320253824,-0.2531670670219263,0.08651247083675932,1
-2.6305652496295537,nan,4.0295452681463,nan,-1.9275675195289534,-0.7934957608721386,-0.5243268893541853,1
-3.1437148417338796,0.675365046775954,6.3336438433990825,1.8581113525769173,-2.591473724455623,0.36088773036979716,-0.12867510951910613,0
-2.080077054608188,-0.4267923765959353,5.679380111822408,-0.5181698199968943,-1.3386370917417907,0.3174247099449599,-0.051112841399950516,0
-0.7332720336263332,-0.9009196430754932,6.305871349470567,-1.710601901053338,-0.8771335618147358,-0.03384722364671496,-0.7867918157708298,0
-4.73707822966805,2.8666339573102406,4.222427750287183,2.2618252719827665,-4.489475115539876,-2.08419544606402,0.3231969495652785,1
-4.369364902832294,-3.296126884809574,-2.607844295236279,0.7224341246762833,-3.1687505834048295,-1.7821676399344712,1.1427433932641016,2
-3.772298253984648,1.957590749819584,5.382499916176768,3.726760033079514,-3.1911780386720476,-0.8108110340070706,1.545902210945874,1
-4.293313673221664,1.0775417912531506,5.737463766391388,-1.8711226837388242,-3.570475675628533,1.911687050305374,-1.4331287661943362,0
-4.92486233109947,-2.9103599803646043,-2.823315363275857,-0.012162261018371923,-3.395776214635944,-1.0967218191580714,-0.7004419440018967,2
-4.943995791911969,-2.416370420344837,-2.5445785077964573,-0.09179411912144086,-3.887003184500514,-1.2528786089449964,-1.4329278676654609,2
-1.480454321904991,1.568084203321137,5.878637976574856,3.221823946447038,-0.9665320549159243,1.514124659922563,0.2758152115279554,1
-2.007550827132842,0.5745403302226317,6.499296761759092,0.9338634147011218,-1.99584747471197,0.73181315998407,1.3568009116482578,0
-0.7472239628577513,0.4509010751407475,6.065929270486589,-0.4205621085476814,-0.1274729186932519,-0.7710751158603373,0.07940054120558933,0
-1.152823223356342,0.8330417916058015,6.181334974842352,-1.9265257723355582,-0.6627847809229541,-0.1267868727984831,0.25198027897804753,0
nan,3.3148000680167584,4.769202970229777,4.349767401200068,-0.27494719032989845,2.094711875901047,-0.13866660292774868,1
-2.4257851171389513,1.5473857763077157,5.01653624653648,4.5804109754221844,-2.0132425809395604,-0.6941883953987162,0.794062451261163,1
-3.1936850438821556,1.5385097190697992,7.155064474182516,0.197302079388273,nan,1.812663458228251,-0.31375344937353533,0
-4.771436117517122,-2.390811513045475,nan,2.0164427177079935,-3.956356725835242,-1.531591535728552,nan,2
-3.940287970126777,-3.1245320646670534,-1.8332830658791341,1.1030719817115235,-2.9685238330462043,-0.5421702093287268,0.6392627761310206,2
-3.0751659594335163,2.7239552068447703,5.237397331184397,2.5073415992672086,-1.8809854981622105,1.2894417563697502,0.10087414058219431,1
-2.0292289952287628,3.4066818460628108,5.067175984116163,3.0402980699632236,-1.543788802184784,1.6309782431555122,-0.48259713179765706,1
nan,3.553036352950569,4.62512616483257,2.84936305934825,nan,0.1088379506583766,-1.9619480644077396,1
-2.2162357107062975,-1.4248018007250431,5.887424536112643,-1.3503081221368658,-1.4074398032068842,-0.15870101063649938,1.4356888688326894,0
-3.556745423750928,1.0851588623697372,4.35944131124529,-1.4078713941484606,-2.8310226846777535,0.35506133142033525,1.1255631617085842,0
-1.9135510201870742,3.343691067680222,4.113657115120152,3.962731248908621,-1.96242918504222,0.9934837030467618,-1.8673617900411486,1
-3.797421440066848,0.850387192831952,6.900776504370569,-0.46416724268120124,-3.07870673177716,0.4497730601433895,-0.3401719746433223,0
-3.049426119389835,2.2073181296841455,4.775145620408801,4.166887997815968,-2.440177961171554,-0.27768534831292535,-0.11322035827156686,1
-4.492231726308335,0.8750375933638694,6.0552026420443665,nan,-4.04509305379591,1.1787429953173085,-0.30346291054262603,0
-4.531747084602183,-3.1554250936779935,-1.846037741370431,0.8067583821652161,-3.324187780881479,-1.7848871668149195,-1.1683768926308946,2
-2.687806716787382,2.5590019643705784,5.933022842108892,3.913159531475075,-2.191806137827972,1.6784942683747675,-1.2924424099832448,1
-6.07433250659447,-1.443044821985958,-2.4462438203754595,0.14797492713972082,-4.173970484507377,0.24000266097175454,-0.045977258827882596,2
-2.943564091577026,2.0443426426780382,6.239360596050311,4.989912496965053,-2.5242317326100503,0.11127576882810833,-0.33307939705059364,1
-1.9025298422687547,3.2499790589495228,5.646643335691297,6.015585843721004,-1.3865997397329122,0.2954257982839959,-0.2742277913871144,1
-3.1637013001427756,1.6576343485118303,5.927782000225922,-0.041943807138878075,-2.3532864672686293,-0.2721340475600199,-1.0353530872915055,0
-2.937174145226482,-3.11986963410048,-2.8537692099926395,nan,-1.9156400316243363,0.43966506298684993,0.3297097121993093,2
-4.610956482194,-3.578634519322563,-3.133458618046781,0.203872262377908,-3.5994349310076137,-0.9729056046872917,0.9768182689568838,2
-1.4583471975814712,-3.716310688537047,-1.4555766199010074,0.977790928478166,-1.386867688689635,0.3488632841561315,-0.6879738837250194,2
-3.2846541460189744,-4.75139094332769,-3.217994576048319,0.913119322971934,-1.97858180152609,0.5936336499175513,-1.0174249596864502,2
-2.5151090298615957,-0.5683146373649824,6.1948018915892975,0.6546914947189268,-1.6536531631123246,-1.3155227555116833,-0.05939244828565219,0
-3.113732315667617,-3.4327997212643684,-3.2752694618889007,-0.08668905698945839,-2.293761359879979,-0.22359143776988924,1.0271318741041107,2
-3.247002787598441,1.6257265528648381,5.757757026399364,-0.7781712897752713,-2.5088445706152123,-0.25496576335788584,2.5002407903916564,0
-4.967180182158258,-1.8600938106113327,5.259379061067166,-2.719328437419096,-4.3292735928245785,-0.6611075707862523,-0.16314357972596327,0
-1.083335623595608,1.80213694461236,4.4981859841489635,4.262792258201881,-1.136991057992479,-0.17786234865753667,0.6620015852478174,1
-4.249795475069376,-1.9205970400063896,-1.8313805068288371,1.1005257178313348,-3.0206879265397553,-0.22713027993677967,-0.29307299839835604,2
-4.809890668433703,-2.584776127900477,-3.0288866854465506,0.21419227561572252,-3.8902365936098953,1.4664601792275802,-0.15670645994206822,2
-3.1289362303955155,1.694202590928548,6.050142522741201,3.690650775090546,-2.2848997428569127,-0.5878487666460368,-0.25999165075535874,1
-3.588110448516428,-4.040236347424661,-4.359207166918928,3.355175329000037,-2.9485109301417953,0.463582499535192,1.2329150348687579,2
-2.567419923996246,-3.674921766762636,-3.036879816142109,0.23930929178728388,-2.0830954341992483,-2.982971884582425,nan,2
nan,-3.23425543910545,-2.837606442535083,-0.4978807444316643,-2.784836532554464,-0.7825843070979589,-2.0926845699004915,2
-3.6562144745033143,0.486410239058216,5.852203642750146,-0.5650464064293519,-2.736045652975403,-0.7138026406304617,-0.34763768720286814,0
-1.1661058410393461,nan,5.42444985071373,0.7049341240582554,-0.1875999690243798,0.35787373823767693,-0.24106387802958593,0
-3.6297973070214766,-2.137446749153149,-2.402979747258392,0.22822441777423808,-3.2999061846516105,0.06466264647753299,-0.4397074382470801,2
-3.720702963482566,-2.871808835010678,-2.2785218558919573,0.25037001529059544,-2.731744365439009,0.5862047157693531,-1.5229248960818944,2
-2.3491312918588783,0.941165040679319,4.795342976296082,1.0756429023341496,-1.5126989300392637,0.7895393375724182,1.511087737205673,0
-3.5283942033631175,0.28216362306374354,4.882217092062071,1.8687019112122203,-3.416906140630088,-0.9165463266808586,2.3887497517500167,0
-5.40806177134901,-3.2197308751181035,-2.2192866548408974,-0.008839604440100346,-3.9600770825072624,0.9230292597765561,-0.4648588173485342,2
-1.5104054037744987,1.106418765899425,5.269412169725124,4.206339697610931,-1.1545103164849613,-0.29836200710477534,-0.45082242873681055,1
-5.99195871529913,-2.1451749417717525,-2.5626020344971407,0.5198395048299794,-4.795103650449621,-0.5810052769331553,-0.2090795792277447,2
-4.499458029129341,nan,-2.944094301407791,0.004329978901098874,-3.4273755265242363,-0.8466430205703894,1.0708330348389106,2
-5.544654452913526,-2.0179732489873685,-3.923548642049812,0.07614228158280878,-4.182387413305351,1.0677525549181723,0.3984947977296927,2
-2.1043961333808445,2.497421212748552,6.5686397084702115,3.3672117109259783,-1.674706757525124,-1.0168104682920227,1.7158795887566793,1
-2.4222901169709807,0.213223549790852,6.601686993777804,0.1862634312001888,-1.674562969088699,-0.9122503809878894,0.6983124378728358,0
-4.9999350371317774,-2.9589379697782467,-3.6971563403778167,1.9870222938001527,-3.8583195628760376,-2.6525374452289276,0.9795765630040337,2
-3.3543009272315,-3.9295950934384054,-2.2146770299633123,1.72756904356116,-2.4315771523491345,-3.6922765784662364,-1.415413273714891,2
-1.8069910440412023,4.413191428295238,4.079982324655876,2.289737283982493,-1.6594880322369687,0.32154475276868405,0.2596520253829786,1
-2.6176062597820446,-0.0522910282636071,5.9810320826746555,2.115539670693563,-2.2974950255765707,-0.1610695454305119,0.5111320540299656,1
-3.720055484549446,0.9226492311297172,6.083395473333461,0.9898609468457569,-2.3913174617144985,-0.06834708787700215,0.6487760077276132,0
-3.1434834724738034,-0.6372593842191815,8.989637291165394,-1.5364921741255302,-2.2853852567144064,-0.25905628530173636,0.23731297044867058,0
-2.928277532515009,4.1030454488439645,4.714161662519963,2.246602986762745,-2.4880343374549194,-0.8948281453562614,0.3870575473229256,1
-2.659231483312031,0.13966912651539387,6.329027275744202,1.0392125953216536,-2.4806644622560383,-0.7336992845637429,0.5874586018496232,0
-4.544308377967038,-2.533100491184331,-2.049390301159515,2.2210136494844486,-3.802944016893504,0.20999503100832315,-0.5127931643648973,2
-2.623780223203269,1.9268221071006422,4.905548770225356,-1.2550762996275902,-2.1380912335503477,-0.7992597831950525,0.6715171952443317,0
-4.462348862896511,-2.5723813991923983,-2.7107426922924205,2.0080531876284096,-3.42651894849452,-0.18505002936679701,-0.4138287056385385,2
-3.3511086451008723,-2.7091825088939707,-2.6819199914427894,1.2749550460712715,-2.232217335586358,1.0930141947024865,-1.0509319931988845,2
-4.033609746665269,2.264332662421981,6.576902515828415,-0.9346043279259173,-2.7660261061649876,-0.7291534136039733,0.03042173736915214,0
-0.46406285469154673,2.832530224124063,5.344082819736866,4.073050351656056,-0.273939572374778,0.8944411541011356,-0.6865613457300134,1
-5.297110863302209,-1.6946214657987388,-3.169318739242224,-0.9865755050467099,-4.7863489736622435,-0.8553083080252216,-0.40063472566366237,2
-2.952934212875226,-0.6171865943092746,5.523557326707094,-0.7349360662085183,-2.701893605731064,-0.3915440854012076,-0.07716072602860968,0
-4.567851550441307,-2.149781902068935,-2.0884957248677027,1.1033451174155127,-3.8262871598792585,-0.6125679036188423,-0.9502154477550867,2
-4.009749821252166,2.2256789054063386,4.778872031403784,1.616585301506668,-3.2106240122833194,2.01297753162806,0.0640347426371105,1
-0.3558937986823154,0.33635842959941753,5.396883334348349,-0.6659089144696724,-0.5707865390499569,-0.33760330934807586,-0.8208053146845476,0
-1.9994027834888388,1.1712341186862305,5.791201496374656,0.9867596436017736,-1.8661932885876733,-0.13821278500801842,-0.389709167001836,0
-3.872828098823068,0.09248796957925587,5.104160756769652,0.05025743926367776,-2.5614818290370254,0.6889622084868868,0.4433419811502764,0
nan,0.15711221155079402,5.976670545522675,0.5538649834075708,-2.272515379876475,0.7215147543943439,-0.885656593375921,0
-4.769583298707557,-4.321420952358502,-2.714136713657306,1.5329191290504496,nan,-0.5740795463919403,0.43902325733224895,2
-3.2623925038886616,-0.2530499612842304,4.903099631074096,-0.5520835595982887,-2.237359159628816,0.4470485646922857,0.12266519657573247,0
-1.37051932916313,3.200978877245829,5.285055381601175,5.6753599972702755,-1.0911474294491936,0.3755314831298474,0.8575114186524772,1
-2.35402684961909,3.0351880895116294,4.635576205927681,3.292840116803599,-1.8964851324336318,-1.3166014893279474,1.6235541262870632,1
-4.991059861292695,-2.3533849858531153,-2.903021473214556,1.2166796726657065,-3.83058542275673,0.13174002219130837,-1.1050728505858805,2
-2.4502260701127403,-0.6996711709292754,7.119299903805755,0.4270801328817045,-2.231222306342066,-0.1222124878941749,-0.07907823766812416,0
-2.8568004979978143,0.9735683469827683,7.515831198223102,-1.3094095407935504,-2.0338524220008,0.1408232488384944,0.7426133449217416,0
-4.092384476593002,1.6895275986345775,5.428738565014021,4.362828158236804,-3.2723907264647036,-1.1561542317849898,1.2664562211341235,1
-2.7221506583123825,1.6006079866496328,5.865890749723334,-1.210185881602745,-1.9069508916395155,0.21148099940898155,0.8431231570840864,0
-3.6369079845730483,2.680621551176621,6.225457942771242,4.300523704868702,-2.447862686375119,0.5519674623281636,0.47462213091004546,1
nan,-1.517767641888602,5.800541765679705,0.09228678853058964,-2.338571167847359,0.4025001021478272,1.5201399340650614,0
-3.4266811666227177,0.5562410241963345,6.300016670108988,-0.742663195801837,-2.618504458527295,nan,-1.1707767166995136,0
-1.793079533161566,1.275635101382328,5.809142350437101,2.716137735401796,-1.2573629474482253,-1.608496131297008,1.130730897773489,1
-1.304424675117183,0.9235767966404431,6.216874547804893,-1.4079760813975533,-0.5751965209260276,-1.5118647703040853,0.06468835531808076,0
-2.639581753960551,-0.3307739431679845,6.653009855476329,-0.06335942609334327,-1.8715780391107264,1.5335730398633964,0.11524715040364535,0
-0.8114093707332862,1.290879287421301,3.348863336904513,4.465144015999617,-0.30117254846600167,-0.14940356081945147,1.0501464167132482,1
-1.9172627060214151,1.9928604052644552,7.870108742611748,4.015598958705228,-1.3810916282719141,1.1752316919250616,1.8415019362590301,1
-5.121444285172079,-0.06611447771248569,6.783016446471137,0.9184143543798167,-4.08712063262339,0.15056627627212318,-0.5012905147536473,0
-4.2194227038439704,-0.43578970024491726,5.591289505135427,-0.5491946479173073,-3.3797344985197557,-0.5092450182526255,-0.09182522481154892,0
-3.030326040486295,-1.5875253909640339,-3.7780135405985464,1.2249015847288232,-2.5651812105147735,0.6866695119979495,-0.4734876450800491,2
-4.994016231971387,-1.4498125289940718,-2.6893948465867763,1.0116034269051464,-4.000717977749506,0.8967211574688484,1.4956372901101822,2
-3.7028121046615445,-0.8692570043214419,5.031289155327217,0.47492549868121875,-2.891358356812035,1.6653597616988727,0.6706639563395018,0
-1.9538222317104443,2.148439233188059,6.744970135755601,1.4236703741165784,-1.5356996016862527,-2.419172314188005,0.16823831977482964,0
-2.1784340201043157,0.7411774829950795,4.411065949704511,2.2209391408877925,-1.4971846435006446,-0.34912766912100124,-0.36966439722312094,1
-4.390199445238373,-4.193627468552655,-1.2527931294620895,2.319541593737108,-3.4748149057254043,0.3610915541087724,-0.6515362545712663,2
-2.7045091374094072,-4.284887297726358,-1.4347987729005232,1.877445273080081,-2.2484604648733533,1.1925248457116258,0.7922361518099166,2
-4.5843742029662,-1.0481072233196422,-2.7642379444558105,1.3905467262895495,-3.4982798763428953,nan,-0.6413996360621613,2
-3.010247417695824,-2.3205278378304475,-3.120383898949143,-0.2637103176747252,-2.968419524396606,-1.1739614209129878,0.5395310783200902,2
-3.450353507396287,3.7459120450528864,6.297516073941687,2.9310715788707373,-2.9987443932197477,0.5543942952904451,-0.30925431331545983,1
-2.762284378782404,3.920656224108037,3.950684494183828,2.2726611651430426,-2.030474002712137,-1.7484733810692603,0.9520321433062685,1
-3.913605532296809,1.4795284274642695,5.851926423598357,-1.4721932474683503,-3.052716977983399,1.6585999395708702,-0.334990779042494,0
-2.374223774539791,1.7724391807369444,3.9556621265715837,2.8881845128617796,-1.550775937935799,-0.6066976199063434,0.7570961526228005,1
-2.1569816557157258,-2.088850988045107,5.085946938053775,2.269982790316395,-2.162390695897859,0.5935421558093031,-0.9046337378390331,0
-2.563965630348254,1.3368255420603126,6.359382337501302,-1.5768607302479067,-2.129565686976372,nan,-0.580512607717289,0
-2.590630716105518,0.42607688971796115,4.244335450948697,-0.28690750561458467,-2.3129163582206997,0.6351936398996124,-0.7956361255592269,0
-2.1117337599368367,3.0277835063587295,5.307876469924661,2.7139150376581753,-1.8644452129922924,1.4595944676676802,-0.6852423484060545,1
-1.9303237133516384,1.3620263593256152,5.862769279828411,0.7029754912206823,-1.8158148632847526,-0.5518105354317167,0.43232161220443,0
-0.8703418418567029,1.632296109462736,5.891695839566861,1.8771221329406829,-0.392790608337697,1.429401384799345,-1.2456238870062906,1
-2.411620716871638,0.6580830983533541,6.7671263697995405,1.997548956105576,-1.9042539820202133,0.3533911971711617,1.0729292935625259,1
-3.4613723199758883,2.85993386365188,5.676687987444222,3.8808513464736283,-2.6116646764334654,-1.0578157424572368,-0.5764339462928507,1
-6.144790175647587,-2.5394245918917897,-1.6424479882611736,1.1082205841679873,-5.184902198756149,0.9790377258888516,nan,2
-3.37084293272206,-1.09716571358521,5.76261992660471,0.980897510705766,-2.584202153729746,-0.31878738960400593,0.3006618519609187,0
-1.6342581191038814,1.0463501083848465,6.221022825904479,0.2901123143217415,-1.7567981126775316,-2.010491115811062,nan,0
-1.0052547593961303,0.701565854230009,5.181846466278021,3.639684144597159,-0.9555349984614341,0.05261980237232377,1.4678991847270904,1
-3.058756825644732,-3.4575208093015144,-3.2546457169214134,0.9156772901035868,-2.729951538986634,0.2406524042667865,2.4208360457379614,2
-2.643829870671799,0.3606858672798193,5.564140074097585,-0.9836133303391643,-2.838180944068259,-0.8724799685459613,-1.0207625816631891,0
-1.880831977858172,3.665498129044563,5.1877632130590285,1.4560989905447568,-1.3751547657157048,0.6831970357053879,-0.3295639255933097,1
-2.9629912573124035,2.623071307148127,4.610834913133583,4.515488059528662,-2.0696402771298064,0.9925553335009972,1.4706050095572278,1
-2.3508088330595855,0.9286270790977065,6.006701982218241,-0.02037833659390581,-1.6297649881255838,0.35417120420814086,1.0706683567829374,0
-2.2188905073141156,3.365079634637845,6.656324570591349,3.8400189407272003,-2.166945715021207,0.4187159768035474,-1.7561169722780186,1
-4.987127070428589,1.86568611685082,5.493187502803708,4.206754882007341,-3.9227505889704455,-1.720908047057796,0.38769376757423907,1
-3.9933632900113523,-3.663835170987735,-3.6357581763745332,1.5866182209169364,-2.9785207185510867,0.44527203613498045,0.942559275135791,2
-4.7559060991633215,2.9854253234786725,7.2261759019687375,2.3600935394260576,nan,-1.0885563017520425,1.117887591120412,1
-3.6071996242651787,1.0264943658003318,6.286315884709575,0.8060554871343006,-3.005792124314409,-0.763087886019959,0.4866373058262749,0
-3.0587386650889807,2.1706948984917527,5.2077952296426435,2.0941864138190045,-1.882466313361498,-0.2296013481903351,1.3903496495527945,1
-0.9311799098365409,2.377716606429926,3.69887353615961,2.675945658828132,-0.9957278481335594,1.2102389026387372,0.3284862834032442,1
-5.579590877663404,-3.2309731544244045,-2.8267060109491116,0.03684172008476427,-4.161404002855239,-1.6657779751225041,1.6739128302767328,2
-2.44080547231522,0.7340488757381323,6.1598931657311695,-0.5415875494933953,-1.9186839517104204,-0.7689480700133967,0.01817095524302253,0
-2.04214026132632,-0.8343084697112905,5.080169477887001,-0.4633256880856022,-1.3871663228703803,-1.211679344484975,0.6079227460192245,0
-0.46579642666569676,4.128157743454656,4.766720111187712,4.35909089532249,0.056015585863241846,0.7282556213770736,-0.9440366409364983,1
-3.3799139958856133,0.5877937094299394,nan,-0.1441252340797759,-2.939988119253909,-0.618401106089194,0.1573590781217341,0
-4.147914992320571,-1.1929039359734581,-0.6689486697843183,1.9697886320434361,-3.3074574403841015,-2.123829758691434,-1.768679916169358,2
-3.253740975835246,-4.520143269222083,-1.9849717779572256,1.3988519525498,-2.440886574106898,0.2480071349096147,1.3907161536529105,2
-1.6333849740204869,1.9244891007071159,6.997324710484201,4.261973168489047,-1.0606249954631508,0.6268173136018859,-0.316749771720251,1
-2.3583326025393223,2.82185231599314,5.285175453464733,3.928907535817754,-2.1081133302479507,-0.010282421607900695,nan,1
-3.9995705505244077,2.615963749783846,5.8587409572151445,3.962385414559974,-3.040547435588992,0.9262554408357393,-0.2595408163692623,1
-3.3647218983069713,nan,-0.7828854690837874,nan,-2.4878336272278814,-1.129873337631014,0.16835801949210202,2
-3.5650000950016567,-3.8704852288625817,-2.5702356351162967,0.11995052878819012,-3.0790767322424095,-0.49849019486475327,-0.288789735438638,2
-1.6371628494852906,1.7291863823926008,4.714780352161846,0.9691619460690486,-1.489283957219426,0.828998558529896,-0.8945875573499816,1
-4.784649379133021,-2.934454156859325,-2.6568010681281597,-0.16995708446095137,-4.209652417433235,-1.5752715332217326,-0.428771773553871,2
-1.9307437182204983,0.1757690458420822,6.0960649447163835,-0.6630320073418545,-1.2780653350930067,-0.8369485992546009,0.6536391794567034,0
-1.8911775193449691,2.309809399520388,5.893045161546841,1.9504232894177531,-1.2136786114573552,-0.6059368081941319,-1.7086624414971858,1
-2.0544984282055476,4.23722627333758,4.863351730195669,4.25314094711576,-1.3654687655430098,0.3751503162766954,2.240457140362396,1
-1.177344596082583,1.2013696882671445,4.977022543094956,0.7735194361278557,-0.8523673077199694,-0.2374229982270352,1.812106458346928,0
-5.094537802963132,-4.151845729290136,-1.5281558669498017,1.0207213856726385,-3.9559902248018726,0.002693859854745755,-1.1572538265009455,2
-1.9358651245656433,1.2762345052840842,4.917768439141994,2.8704679304686453,-1.7325618684755788,0.418083117395839,-1.0249867054048756,1
-1.288767970163919,-0.3314520205307355,5.566220155906401,-0.5647886520305689,-1.037188388228055,0.5388322035985573,0.6587449899124418,0
-2.7929093411392794,0.13207379275260533,5.672751295959335,1.220112099788505,-2.459665472783492,-1.5480425118733816,1.3447612156575066,0
-4.946130012504399,-2.8490864386022894,-3.1184866964259705,2.0151100143100655,-4.113645486583505,-1.640548654479273,0.9445210075317729,2
-4.796444803237887,-2.5548782443589397,-0.7628475813851767,-0.10320404027862373,-4.526391007371773,0.026795018254431407,-2.0333290076615986,2
-0.3050369691629965,2.439995958464248,nan,3.101958012019315,-0.2726355088101087,-0.5636042053021498,1.1148828774650932,1
-1.7365373217478028,2.249192532041717,7.171939301946297,3.055371954602954,-1.8767615081117441,-0.07201131035892044,-0.43464302767794005,1
-2.254401585625886,3.229892849722157,5.768271104619523,2.913473597161498,-1.5205431149612485,-0.9696847222789482,1.4540477302745498,1
-1.2953323679753885,4.1064983737711085,5.274286015736039,2.9268449112829633,-1.5520804901109018,-0.5428191319051234,-2.1807405582122183,1
-3.588895325834484,-2.787521397650335,-3.6677409615972203,2.5804112552957816,-2.980239188670837,0.3029314580277177,1.1632194047005309,2
-4.2158448821302,-0.06546701276604605,4.025227509268658,0.33766842225271393,-2.981697829601892,0.22920972002943757,1.3183283831005033,0
-4.0351444408395905,-2.944205845764544,-3.2628213499537364,1.1560019740015821,-3.203047719563873,0.23918031179591823,-0.17880737272148992,2
-4.69354174014776,-2.750686765124768,-2.8303118195890846,0.873384332653237,-4.127580841153021,nan,1.5463471762537913,2
-2.7569261527631728,3.9535494264311177,5.074812663403195,2.5051459047728803,-2.075858422142837,1.6576968813544444,-0.032091013902931356,1
-3.1656703527054035,1.3370201063896798,6.633797109130547,1.0273630356439283,-2.102271415717748,-0.7460582442347908,1.1790434379759684,0
-3.7311736505865625,-2.329181218190503,-1.9555884103596055,1.337968043304945,-2.6731234661152867,-0.3800990113161682,1.8047221683636987,2
-3.0916946109169214,2.8141955491094377,4.7488015326659445,3.346640568914662,-2.27796606866969,-0.3075393039589159,0.16767187078208343,1
-2.868298885378528,-0.04319431336905055,7.0327995587253245,-0.6182357003255643,-2.2192778833914772,-1.2621283740464149,-1.0183578772181945,0
-3.0951247662643078,3.320561329564357,4.964497544057792,3.334621595587212,-2.410375156641516,-0.700832223887581,-1.1594701980163298,1
-3.728392654857141,1.0067706597615955,5.984152406177831,0.14593667689410778,-3.323560088245941,-0.22013525856070215,nan,0
-3.0335971755659172,0.2904474769966313,5.272732430165998,0.5191635430566808,-2.187442991646099,-0.6397165167981252,0.25932675437532127,0
-2.5639447404259657,3.403452836278814,6.260731072037434,3.116646533421872,-2.6050462067561995,-1.5575245876707229,-1.2265974912341842,1
-2.8280395691440736,-4.675932810836726,-2.4620950407114295,0.16540925010297325,-2.2146674520794742,0.3994085165734148,-0.3810450793815085,2
-3.0118887853086718,-3.28309193489949,-2.236756085354894,2.170659311280705,-2.5030710190763004,-0.10670774277337394,0.0946660538592855,2
-2.115385660384962,1.4285408084258742,5.029419422979484,3.133795207302319,-1.7193481042333685,-1.13264496767668,-0.5217005257125994,1
-2.600987865857351,1.4859024189942622,4.893185550764247,3.088228832180437,-1.8831303770971564,-1.616971081487737,-0.0890364345428054,1
-2.1946201373618215,0.8900234119657244,5.201248334551345,4.975700975136068,-2.198276931475161,0.05363332380587573,-0.15922546002263507,1
-6.420946610017705,-4.370085910559246,-0.44702519246201966,1.5242777049568703,-5.324590402868721,0.2074271957098781,1.5985841452896914,2
-2.3810533803828733,0.4886822726379818,3.4390721648190525,-0.45158400205699323,-1.6080940694456254,0.4894997835008399,1.181697709612405,0
-2.806285762415427,3.6275528748069346,3.6082764949249873,4.6112622849769975,-2.6592521765806154,-0.887175870140052,-1.8217271951801943,1
-1.7428149084333886,1.5907412655023405,3.807815980199523,0.9574170618094036,-0.9399316694228868,-0.49098900405777735,0.9217472579808603,0
-3.2873304197920916,-2.5263621282440307,-4.8817069949588685,1.1163156247682693,-2.7330293405096677,0.4878388517970492,-3.868316580845681,2
-4.78569543578213,-4.349777608655621,-2.350676706231072,1.663410501116691,-3.805956657478863,0.5145970828150566,-0.05861639177893983,2
-2.6080441604849716,1.9004335422170917,4.972308221487014,2.5746401100678633,-1.857938967119463,-0.2267682884429949,-0.48225648472902766,1
-4.189146555962424,0.2775017382157926,4.367818666699899,0.9222895599145964,-3.2754785092045067,0.18947428167660543,0.36299141096782916,0
-2.819144148740236,1.8887411400427223,5.2426119392355055,5.6352555160510365,-1.686608703832031,-0.19737192236927192,0.09864950337199603,1
-2.233651159696672,-0.6285543838134632,5.411311117802694,-1.1438614642616238,-1.9631715059187067,-0.35268610916455645,-1.0993331375172857,0
-1.4380042766129146,2.3189330664560623,4.984420448268582,4.034911657920598,-1.4654474368641288,-0.3864695999625989,0.411968084665062,1
-2.443804054132351,3.088523281238357,6.454719055186409,nan,-1.802061968214492,-0.29728119133576525,-2.0091488725633275,1
-2.2447609311278067,2.343178706552659,5.615638689552233,2.438906968412208,-1.405539144764783,1.5553205618913515,2.187186177061927,1
-0.5398569873878505,nan,6.178024993755317,-0.06928248591381797,-1.062423850164738,-0.1118950572127191,0.38158564846933424,0
-3.2008579486600146,0.2884518541180039,5.247573898307684,0.9759974981641635,-1.8194842913475067,0.5919274132951352,-1.1314300735098157,0
-3.5453855297300105,-2.774485047615281,-1.8858552863744034,0.2101475476915906,-2.752502296608758,-0.6275348032084886,-0.3297761538874528,2
-3.7944517890846967,-0.019840453501120625,5.839174640469288,-0.38525258137697327,-2.5927594932684004,-1.4928519152601392,-0.08916336147845629,0
nan,-0.05787511101843967,5.963014386457468,0.6504470097441679,-1.7630016518491947,-0.44107746639636014,1.0537709338922387,0
-2.939745934668583,-2.441769964134446,-1.9273828614646644,2.079624314542776,-2.0616100384818346,-0.5386032553471035,-2.2658890963644795,2
-5.086509031794481,0.6802454642917821,6.285275668891927,-0.41834145972205894,-3.7706341701805703,-0.19435514486282032,-0.48863730629493096,0
-2.8387449176512733,3.429147506493199,4.122498463539949,0.644714982813853,-1.704282607146936,nan,0.2423595821463066,1
-2.7088509808523162,2.3480149476706713,2.51356108661669,2.951265333501633,-2.0137249238747925,-1.2879551817255264,0.5763974782883603,1
-3.0449177485427414,2.3623485687161154,6.711932265663269,4.0938724104592294,-2.629816622099308,0.07025150442613813,0.4724622398299939,1
-5.619170171699162,-5.941911568934535,-3.908977411005441,-0.21805320263306138,-4.28230682677853,-0.7438790411495958,0.6298428169880275,2
-4.145849057888265,-2.8713961303148015,-2.4770061991136285,-0.5437838040185904,-3.1236708678269243,0.16085530237247245,0.17988191656997357,2
-2.7564634047204586,1.8731863554172428,5.444302731549072,1.110315352428038,-2.423455833443241,-0.29902565456887154,-1.0824659801534458,0
-2.735585964159317,1.3599233735556882,5.107609040110299,4.855353126261081,-2.26725691425445,0.2873755566214097,1.6375173713342877,1
-1.8437651904656032,-0.01769398892797147,6.499723074696125,-0.21355270002233243,-1.3742251008336257,0.4158853227224163,0.6071037077856657,0
-3.1963047371531466,1.5587673017224941,4.224321416655391,-0.25543703375751853,-2.336502201377912,-1.6316148766026068,-0.12655387322813844,0
-2.2068836587414062,2.8445562784283487,4.696830927623693,4.1111572893078225,-1.2832010873514847,1.6946144312052178,-1.265887790344916,1
-2.1143942298835565,0.4831481417415302,4.212098815881717,1.7579621134849053,-1.6831170509757385,-0.5100591269875038,-0.7348294945984527,1
-1.5398485102535644,1.908470327692416,4.523510008442718,2.796621706144534,-0.8652430452314366,-0.23795660971867402,-2.3959081913799056,1
-3.147188781646122,1.525991462740484,5.3183481173910625,1.971968658641682,-2.1271856517072534,-1.1764840588499832,0.29232505517261903,1
-2.216969998096791,2.57322702969134,6.906638252881517,2.575593669312363,-1.3961777352040927,-1.2468429385496598,-1.9954652966364534,1
-0.8996780010212793,3.2087942811682963,6.721741950237602,-0.6372646878308528,-0.7940677426008292,-0.5452558361451002,-0.4708031713383855,0
-3.114073605354556,0.2806065734082618,6.395625954065654,-0.9888964083186249,-2.831160291339474,0.28493971547226554,1.6368763428628603,0
-2.780171592927962,-0.16497870369808287,4.801775778809519,-0.7653255699851718,-2.7844540431294673,0.3551975829511516,-2.0198974877071443,0
-3.249314276714583,-2.2450943426840024,-1.9553377801757879,-0.4787690948058879,-2.0537720915839865,0.8049780640625984,-0.07529447795686801,2
-5.939888564403705,-2.590118385605781,-0.6396236405100146,0.5743133706695344,-4.7214191400360095,-0.06554856000633809,-0.12302319631493346,2
-3.40912025481006,-2.721015509939691,-3.272560712594253,0.6019438318785031,-2.8014486601121424,-2.2033741518367402,1.4215530637047336,2
-3.439752597962712,2.1753404441249344,5.975980308783119,2.9545822433995843,nan,-1.662417599334996,1.2956828109337808,1
-1.8763691410502656,3.228685582813517,4.347896747089836,4.027053225582558,-1.8302227447204764,-0.8338532072624849,0.22697357926597292,1
-3.8549690583838436,3.5496228059832924,6.677960883625579,0.013143406607388886,-3.867133186613774,-1.130141389377107,-1.8755882240144157,0
-3.79891452572344,-4.605647579871849,0.04007397668465254,-0.4265773647038419,-2.5417200159484654,0.8516035823276297,0.3368816174568399,2
-3.0773311107892964,1.1594753582895028,4.077481886119243,0.5284020766925361,nan,-1.1625151395457385,-0.15334859061283276,0
-4.327385301959397,-2.4423926768655115,-2.0621288756382965,2.5427547442204523,-3.6261011057387775,-1.48971515436989,0.09146241680959268,2
-0.70723051221063,2.6704074624960668,5.163228396860823,4.020455956662139,-0.596916860646867,0.5856922484587208,-2.104675445585364,1
-2.2421070940556933,0.21593577581997347,5.958577944905379,-1.9853996800937501,-2.002795509753931,1.6503765996875452,-1.1934072072300372,0
-2.217332040337742,0.3122922684287255,4.437663313846725,-0.9593056835611744,-1.6133893915680377,-1.7956921874421643,-0.9765066509590887,0
-6.08437450051702,-4.741880616196401,-2.0074250463025,0.07025673116940045,-4.763713980174897,-1.955609261667264,-0.3766616609643218,2
-4.103252563606354,-3.7268656488034457,-2.7004989765106595,1.19505491634086,-3.1482761735984144,0.6802939711578684,0.0969027509865321,2
-3.0794169825913342,3.3668846041792815,4.698428674364692,4.380781006208164,-2.5510936727296025,0.1286630145723811,-0.2732977110257443,1
-4.173190159886598,-4.184795768179455,-3.1665533498755,1.9727373124685426,-3.2311232521648514,-0.162166227413028,-0.10071312824698989,2
-1.6191627282838588,-0.25734030187716805,3.263658594181787,3.088834362503162,-1.5471053978063511,1.146884302201436,-1.3824494113448609,1
-2.0888231607944228,-1.4577445029310692,4.087985732744306,-0.4771520796818824,-1.4653458305950735,-0.795177930967469,1.8491447650124426,0
-3.923450212939819,-0.12680219254905623,6.161555931849052,-0.04702368869596629,-3.320203259413604,0.7712843194087415,1.2675702022058066,0
-4.085549968113329,-3.472373207823309,-3.84145134785688,2.6320085707369003,-3.3946766499415295,-0.6189891575771317,0.07509934924586503,2
-2.1887303821985578,0.6824046185568486,4.878182527122058,4.346333123987799,-1.2189652165440588,-0.9898156815077569,-0.38455683924514394,1
-1.6798281739224143,1.8027198066233765,4.6975739144012305,2.903125320879097,-1.3641542843326326,0.4883203758355403,-0.5260842720622829,1
-3.105983782201032,0.9262584658523769,7.0699738823480835,-0.013154088519108875,-2.189881269319035,-0.15619817486406937,0.3270804178004317,0
-6.300359897117769,-1.574519856253442,-2.0741922735729466,1.4206057207614529,-5.244608225694082,0.5029036003443851,-0.7778556919894708,2
-2.508689570591067,1.2300869588635164,5.081061754883795,4.089400632428625,-2.2033733636314365,1.4021897957635527,-2.3391112520044843,1
-2.8758867004039925,3.9825415520060594,3.5512191038950007,3.0874312422791035,-2.3235652405932696,1.1202808332194365,-0.002393969785587706,1
-2.2454135883216644,-0.8240805018625391,4.394446923411731,-1.3592544440182892,-1.5950596657438671,0.22367906880032365,-1.0133520738671151,0
-1.647538780276872,2.0254469024446458,5.184561353549024,6.099517798331787,-1.2918311452826339,0.2742545948607954,-0.6870249946368949,1
-3.9681849613779114,-2.259353241316571,-2.910139035752357,0.2233099483144525,-2.741452409248309,1.9545667072844677,2.3988927818058925,2
-1.839675448860251,2.517320125628597,5.5386284985627245,-1.7917614531712311,-1.2607830402500326,0.9876210844615406,-0.11760172833993396,0
-1.7220479723137618,1.1512575255007003,6.414934269851748,-1.506662644585832,-1.5094008884601804,0.6319539100332009,-0.4899852961741973,0
-2.4156409164577255,-0.250624201784143,8.643033958990003,-0.7014427889011798,-2.037442032912591,-0.8034104311710338,-0.5851667240502719,0
-1.0212786954529962,2.913795641155687,4.376421615847641,2.4659804905659666,-0.8908256006894882,-1.6558483226053156,-1.804853802932944,1
-0.7518133030492101,0.9710104768494281,4.76681819317902,2.7245483225311076,-0.47910589856046215,0.4248935721947794,1.3468600461187141,1
-2.0567482823855787,0.9002059701113675,3.5136165063852833,0.795878107738121,-1.19558159261674,-1.0722284290094959,-0.5111539513375631,0
-2.122765432466595,-0.39272881910531665,3.5287918014298807,4.441472593260736,-1.7302903109360652,0.41420342040596625,0.5267555677440905,1
-1.3800434295302795,1.9584859761565188,6.238356813644611,1.587614758574962,-1.0164561854239786,-1.4506008614156016,-0.839509073141323,0
-4.796762350129666,-2.930862729026546,-3.8338810043796863,-0.01962904170085822,-3.859405396689476,-0.001392478972526028,-0.7150756140587531,2
-3.717416042680121,-1.5129470663557956,-1.706449561207651,1.0871831274082169,-2.7392061867433557,-0.5017495396983791,1.1428815535423416,2
-3.1918582498022783,2.1593799605342414,4.741098427560354,4.835543447848734,-2.4203140124302136,-0.42635682494822885,nan,1
-3.8098708018529472,1.9125394931389565,5.556286331773689,3.4702295391173203,-3.225450382501757,1.0619939625323775,-1.1536627550706635,1
-3.370710339474068,0.2717772356692666,nan,-0.9020872930921238,-2.8816828488192274,0.5177162603989831,-0.6568315501237224,0
-2.9140365336870637,-1.3353518615833013,6.348270026452887,0.6053843700282335,-2.068015246706121,-2.1174551168821565,-0.14716525505250305,0
-5.276484131090548,-3.7567284287110203,-3.2902013995497406,0.2179487492351716,-3.9772777457338306,-0.33627617262853865,0.1863897820538076,2
-5.9748102145927104,-3.066842481636109,-2.5463130278936634,0.7203023069143086,-4.88812262142401,1.0185504567557013,-1.0154162511290454,2
-4.72330603410746,-4.431913652018846,-2.42813727116053,1.1793495349919676,-3.798596496996743,0.35817650302122056,0.12006386539700445,2
-2.9595741357707968,2.9358194850298664,4.058281045066114,4.320288202675888,-2.157381699368108,0.23450032574950724,-0.30939513624082365,1
-1.48365352543175,-0.10495865107711677,4.923331544398259,4.278300458418122,-1.3301155669503266,0.3508447492680045,-1.0766916103820177,1
-4.138450483088186,0.6323342136479955,6.532594194645996,-0.03375220542730745,-3.4187945385621887,-0.09394763486045711,-1.3524694784866138,0
-1.8453812223989616,2.158168587064722,5.490661580616921,3.1788703628508266,-1.5973706453975016,0.07148701667387669,-0.7038283267647519,1
-2.625759616856523,2.627529242280863,4.796694278572084,nan,-2.6010316360366406,0.18142742249922858,0.0026694693930132047,1
-2.0594545983223704,1.2358254463452092,6.852210714726917,-0.022886715867809326,-1.70457578292308,0.4573685124751534,0.16788666198599098,0
-1.8698856398238468,3.2563857640191025,4.685331382161259,4.209285678288255,-1.8578504903905508,-0.6199143218193941,-0.5028160481029688,1
-3.3057230263512647,-1.440813699045953,-1.8715207675918513,0.8956237258546595,-2.7831211714630175,0.3999646295839776,2.6912150260939796,2
-3.8128799023824547,0.9189837626457826,5.471885762621544,2.3775583339289725,nan,-0.575279842986282,-0.7958541481350858,1
-4.441215053092673,-0.8949088416819567,7.048578787691099,-1.0881009373519972,-3.5942947939106555,-1.01489499689191,-0.33552441850784664,0
-2.5490339579717642,3.2040409944504726,5.564569195269534,3.8251858155668046,-2.59831085762905,0.362692513269407,0.33419553303061117,1
-4.768027511035972,-2.506094810330383,-3.2459678191664114,2.0368149464010297,-4.06916644376149,-1.3258424027177722,-0.9082884676392224,2
-2.1571955791575093,1.6623415614770365,6.903724749312579,2.930916682617865,-2.0680754618622057,0.8013388271558387,-0.5669192008528293,1
-1.8818971559533604,1.5720550470867825,4.684025290134572,2.541144127967214,-1.289585418585772,-0.07826612343394738,-1.332631753102437,1
-4.274672715317006,-3.405549191846986,-1.8483471714281927,0.5645281797402032,-3.513178405772947,0.06708377626210771,0.015878726096693514,2
-3.6247108500048757,-0.39113451550370504,7.14278109190715,-1.870765120379643,-3.9655515445184246,-1.7416805594973248,0.1135294932709577,0
-2.9965862190496866,-4.383742309704874,-1.1930174789166113,-1.27335175738637,-2.405094552100575,-1.9892310940820461,-0.6965099551348527,2
-3.6770914751951587,-3.0440835570797136,-1.6560794616169308,1.0103646550799794,-2.704049362842938,-0.13798811011580356,0.16135795380658957,2
-1.5065798532313517,1.4998191593914612,6.656681803455644,1.8969170609108172,-0.6476896709513125,1.9016226092016304,2.232493715647815,1
-0.2655139784766334,-0.3511329799692996,6.045902215703217,-0.9537367253548039,-0.17908997535549032,-0.4818275677752968,1.7290586749279684,0
-2.3919109327268258,1.0968636685483302,5.656248718234595,3.503972771853207,-1.6791344737785425,-0.07689592676854734,0.8464058849124606,1
-2.4525311654427315,1.5389486363281204,6.180500516916453,0.5213788345285861,-1.7092686020836438,0.03353587568526862,0.4775119312903178,0
-3.915010480212703,-3.795412479689711,-0.7535022192481369,2.18836666710842,-3.302054512736716,-0.7259173448309131,0.09693898216864187,2
-3.227195989986467,-4.412781288226982,-2.252741337724165,0.2155276334492593,-2.65185633596922,1.2301714005567603,-0.9910907876514224,2
-4.081650672948975,-3.3971462008385522,-2.679046186318658,1.097282003861856,-3.587725367881759,1.3601369387735371,-1.9269937038770946,2
-3.824186515138229,-2.490636790360205,-1.0652128228187219,nan,-3.17528573901739,0.2626180404326094,-0.9114586129060209,2
-2.9468049610185325,2.052234812379726,5.4661235453515005,-1.2262044663310347,-2.5366439981545907,1.0931717919482764,1.571688602841964,0
-4.192406473824584,-2.356963121206334,-2.91222124309308,-0.1857693544877398,-3.4182718775965344,-1.9952792389936196,-1.4567708056671593,2
-2.1981116137671597,0.633314369314546,4.854741549971262,0.3078997227597062,nan,1.6947175294204262,0.6679423762212849,0
-1.7054219402414388,2.6211267747238938,5.599504826378228,3.6978495654486823,-1.1757734158113307,-0.8258483867745554,-1.3474905362566119,1
-3.8080695122174593,-2.2407691050226335,-1.5950224576780363,2.1232795184432756,-3.1190490621161033,1.268923343245295,-1.424158041801332,2
-4.656959948064701,-3.365221326597694,-3.493724723627406,0.31830533954310347,-3.9034968050363115,-0.3096663440405929,1.5456948692002623,2
nan,1.3446931020407067,5.804491517575348,2.8151349277343374,-2.5774107177413255,-0.2018308762405439,-1.7284855461208335,1
-2.484289003946798,-2.6554454199912803,-2.3684187805489363,1.046161094550628,-1.9606881948956356,-1.5696189236964213,1.1741874851485075,2
-3.2809699203346496,1.8176547154052067,7.553351161408211,0.8908416735383076,-2.9358832094387353,0.17885639440093895,-1.9526807856500816,0
-1.7282780959939483,1.9279977905530796,3.934860522227707,2.879126785245972,-1.3286757462789478,-0.6624833124207219,-1.247527261986837,1
-0.13321717370621877,1.6230231355517875,5.000415131916058,3.7319178742361645,-0.08065513518337322,3.826048463589181,1.1839011559699908,1
-0.9318626520619567,3.17536738480226,5.304663682474086,5.03312212891849,-0.3440315438487739,0.27881501111451024,0.01865486100854346,1
-2.3607253979686185,-0.3668650692948615,4.680896524605931,-1.0414518988861539,-2.058601422168521,0.5243775016403189,-2.3329660204842577,0
-1.5700506685456745,4.517489913748274,6.432140741698371,3.0220663074010736,-1.5226345294178127,2.568599291334848,-1.5000043627302557,1
-2.3717740012821187,-2.210073183315836,4.994599437209939,1.5075766818531433,-1.5465478429058208,1.6502025369513424,nan,0
-0.7533319667537276,1.7297225157645983,5.675646541866483,5.887551889469393,-1.1562140974146464,-0.4012478665347345,0.19671292105436328,1
-1.9649888551299681,2.697055557271662,6.211702157390792,2.5153049974177657,-1.8796107142574545,1.0299363238364077,0.15249078860874962,1
-6.162717673447187,-4.925238160278131,-2.124381843029232,-0.31893766422494607,-4.899663195048298,-0.479913433579757,-0.16934684284763876,2
-3.3044340106065913,3.4695881505443484,4.908785985651675,2.772549140177903,-2.8492597821942827,-0.19576949613513736,0.8554131191923594,1
-3.407952338164683,-1.9617932788521868,-3.747571240093805,2.515915770814029,-2.4621911289600336,0.6861658235984313,nan,2
-4.734899764561544,-2.865696819952766,-2.0361694612567462,0.9116657915334456,-3.9841120536238366,1.5913613323189277,0.7887048122327542,2
-1.8448884322751393,1.532796880478481,4.1723185802927985,3.1718971916318393,-0.8762605532306547,-1.3137318579831465,-0.551635459333477,1
-4.577441765530561,-3.737326304509687,-1.7593199155231685,0.6812571367093949,-3.7915578446013414,-0.827669736570212,0.8097057203534915,2
-2.0862755704514657,1.1056897635644205,6.951452264026341,0.24090460923222518,-1.7332529835662156,1.547613853710021,-0.5598393579496751,0
-2.475648431240562,1.1546281023237426,5.99806977621332,3.593329230035369,-2.280992001283238,0.24916693263243933,-0.8495244899304326,1
-2.6127126767528366,0.8479541700690747,4.914967326619618,3.3419854442860735,-2.015171573287747,0.4433060469051384,-0.6084332504866086,1
-4.657036269136766,-2.6653407445136352,-3.0706667247512294,0.5523053287764703,-3.7824761617332747,-0.6733818969237099,0.49440527919015487,2
-3.2070225309225244,1.2198512664929813,6.650612022841047,-1.4545348462883239,-2.758064228786771,0.3300950244236052,-1.7004882237835715,0
-3.963192336175545,0.5066201942032205,6.0438285108041505,-0.49957207499165424,nan,0.6124947873481409,-0.8074033363930544,0
-2.3044734005400764,4.098870350206383,3.015784041252144,2.666064442398518,-2.2738508705260716,1.0936142895264749,-1.5004285112042297,1
-4.66198581171702,-3.3441856094915066,-3.2345732635862157,0.06881589122089349,-3.48380956981467,1.5292295873814263,0.13228750084254895,2
-2.4382042870697216,0.01796250738140792,5.8789921050942215,0.503582346463306,-2.0313882557192984,1.276149752951971,-0.15055936883124268,0
-2.571027983431976,1.3261086938803168,6.010147703207576,-2.2679419543796353,-2.5443791264943987,0.9010245404420765,1.5888224901605483,0
-1.6575081087550596,-1.1854896718028192,4.221472648866807,0.8968768995116572,-1.0288382078709937,1.050847226618016,1.095610418962252,0
-4.7684351107714305,-2.8158196336914587,nan,1.8950519844414364,-4.065286596520696,1.0517651434062976,0.9163812919765629,2
-3.5737741937121466,3.9265568805863884,5.640163934055693,1.8279817485213972,-2.8085421830365376,-1.1330675377473807,1.9279410476346974,1
-2.5485212921384774,0.5386953207895013,4.895703916066687,3.836131042865933,-2.0794698361448507,1.649518941584734,-3.088513617825188,1
-3.9669414026085636,-4.122963038702932,-3.180476356392021,1.5040727350594898,-2.885625756890973,0.8373980327824767,-0.7564673005495944,2
-2.436727760076624,-0.23563545257087248,6.590847592241665,-0.32658868894977433,-1.9809330670308052,0.6213352538975747,1.3859844255344889,0
-2.709216280666777,2.8805595432160347,4.830756619076598,4.121185007674621,-2.2238137810245897,-2.4900948049644667,1.2907591544735089,1
-2.4545164394475973,1.607110237084195,4.921293090750061,-1.4476314132690533,-2.6438103769391232,-0.9471495401894815,-0.05274462348821684,0
-2.135006734253608,0.5550920868975151,6.484268153279715,3.4072262380898275,-1.7346589847141085,0.15675481087384435,-1.3275633271040939,1
-3.4708280859973266,1.1615576995238035,4.755305829503811,0.5344550611864642,-2.439785308620254,-0.9495720518575429,0.24612237979096185,0
-1.1789793220090954,2.7287188132783213,5.3525058814493605,4.092142296583556,-0.7238143787497734,0.8899240583446048,-0.0049742343037278425,1
-3.1352929640628777,0.028891170015844403,7.1359301154657,0.9101673469093288,-2.372201237878958,-0.8071228724663312,-0.23385790795086522,0
-2.399985345549365,0.3506089202365231,6.654662058870891,0.5228234156985891,-1.7913201954436273,0.4695418810721686,0.21472590726444507,0
-6.2534262849146,-3.6859943505237887,-1.4451536301153491,-0.23616050401244493,-4.8902225905087064,0.8178653605691533,-0.7002833219413924,2
-4.561727718223388,-1.8276744404395728,-2.7226175475113417,2.9504751605305417,-3.4477178057515387,-1.569528243686718,0.834877840718217,2
-2.8662491770506358,3.956023793993276,4.1101371811399385,3.0625388251265435,-2.093240068914716,0.37535395263281196,1.6100913268403507,1
-2.8234536645231736,0.26980966046333377,5.968480645388957,-0.32126812746827554,-2.619173502910912,0.24629549747388227,0.90736391410471,0
-2.9997368216387614,1.7607318718521605,4.539038861162196,3.3538188012593526,-2.6711390778807496,-0.47995589286103246,0.7357583076080505,1
-4.646591335215718,-4.146541473617625,-2.0046627797238084,2.3363996971571654,-4.037714326498319,0.4332210132041858,0.47349710863280564,2
-1.6982301584047854,1.210667610837548,4.243063786988433,3.2527223940926335,-1.1044417818621328,0.24028132378648848,0.1886696902081662,1
-2.4317308987671935,1.5063217544161738,7.056583730486342,-1.2463143341479412,nan,-0.002464559068937537,-1.1126746511410563,0
-3.7430052556043583,1.2264827219684118,6.058376156059058,-0.2778789576859215,-3.5291304070927545,0.8960703670524456,-1.7512566998157528,0
-2.641828063785225,2.2497875391515425,4.508903350501235,2.8225832602287495,-2.1904114457139143,0.7266186158979809,0.814589011867536,1
-0.6694836950701714,3.3228117820560685,3.980229384023616,3.56937017727009,-0.29341084290002967,1.2691294777782773,nan,1
-3.1401110779260044,0.9223679553389037,4.8185008649674534,0.9432811060103086,-2.2433457761320224,-1.4496460472726338,-0.6741851557545798,0
-3.7614291146110146,-3.7381438785970253,-2.2890736595528822,1.331507652706382,-2.4558380255809897,-0.4090415257296929,0.5171877668980397,2
-3.9286253458360516,1.277586596553659,5.681015253049008,-0.5850465658143567,-3.4480185545177964,-0.7385231026592605,-0.385782045010888,0
-5.522084607490848,-1.7032360387984458,-2.5519907135942317,0.5037165596372473,-4.118560660577151,-0.03160960606190255,0.039878912068266534,2
-2.453606572403438,0.5330196983487259,7.052803923460973,-1.4414361350843883,-1.8207138466454884,0.42642589550765136,nan,0
-3.896550984733106,-2.735272684567514,-1.1796485778702408,0.4511976431882728,-3.1489291234136143,-2.368683439275907,-2.187599751816753,2
-4.095620942395816,-4.133062314516727,-2.3228050604583106,1.5539457984519265,-3.5590313328610437,-0.14241664004530163,0.43226353965483766,2
-1.5025003355237976,3.093123163160643,7.262187398669663,nan,-0.9180021613692719,0.264520535028453,-2.026812947835829,1
-1.4227998160028994,0.6416247671662365,5.608458072836465,1.5835899125151915,-1.2871682986319692,-0.9223939379423087,1.26757916403902,0
-1.5154892667966515,3.356933334874034,4.47854521676158,2.2200875131473286,-1.235659335065375,0.6972074164481323,-1.1357321340397042,1
-5.1494256678195,-4.0907796667166965,-2.9159114017446455,1.210649353121768,-3.9347924677312505,-0.2619667946802266,-0.14081349577862118,2
-2.2938685790910593,-1.4529056690005113,-1.0752231427952743,0.7844507203448006,-1.6151571090841508,-0.851534046453608,0.7482268939891948,2
-2.829752518264817,0.6999037803217493,7.278985107841614,-2.094520015486469,-2.3649712797090188,0.1284878873327177,1.3829168749388383,0
-2.4831168345196115,0.8127460179400352,6.53197884930104,-0.5515560824082751,-2.7115505704202283,0.6371432825430906,0.313120808333908,0
-5.47506577401394,-2.828591754473651,-0.9028651690086023,-0.3420157303957688,-4.498799024072511,0.7150821994904072,0.9495830380528884,2
-4.531783013709329,-4.090067172247404,-0.7143565771186648,0.06356072046010486,-4.093758720514479,1.5586409475652918,0.7340467631712269,2
-1.7454037267113343,0.427781751817049,5.058748915268145,4.877684585720018,-1.8480178109074554,-0.19583832377814323,-0.8320433727919099,1
-1.0040610120190134,1.2185503595075131,7.023650661063577,3.0236495182111325,-1.2479583611867606,1.0981498028039292,1.2631049888075943,1
-3.095472503529127,nan,3.9255697475940434,-0.013464648442242544,nan,-0.2173371502226259,1.2041396516669018,0
-3.922751185576181,-2.235607224513135,-2.9779235308477894,0.3757639106230328,-3.144248707840458,nan,0.21485189078580483,2
-3.7311830203242473,2.4777573730481626,6.2714081098417145,4.717599815300803,-2.8630752061086797,0.7712551514961371,0.5573187088535522,1
-2.072530914845173,1.2058729497268965,6.431003116287965,0.21551448980926696,-1.6875344992099113,0.7995851386189025,0.1235903011769905,0
-2.034617756901749,-0.493730819709047,8.34612934190382,-1.0516529502192289,-1.6859934990644525,-0.388046032534257,0.46950802094478333,0
-1.9584407252976936,-2.014395870807974,-0.93374393746319,1.187886008100146,-2.2150159886945104,nan,-0.8324225345718522,2
-2.1257490457294175,0.03217218066857164,5.40872481968483,-0.9211538384017288,-1.3241799792519624,0.06077072165042893,-0.10785191167696012,0
-2.8195792664692525,-2.0556894250903737,-2.515871645329864,0.6936240873494502,-2.7216671300289996,1.148287777536156,-1.126507550111292,2
-1.50644955815805,1.8701109037155423,4.4367286073795515,3.3799842700998557,-1.4791878934226443,-0.7644421787545912,-0.9918288091749288,1
-0.801367934459721,2.8466363689484853,6.704380436008452,2.9040910157272433,-1.4328461686442842,0.3279647970330456,-1.1040539713013644,1
-3.193297926285088,-2.938630666713691,-2.071225431582658,0.49915927530669857,-1.8904396936571317,0.5385622016884842,1.1072762675826842,2
-0.6312318031714299,-1.0696364291847353,6.085248357440182,-1.4952032165426579,-1.0104233291252376,-1.5280404821359832,1.7083239291548469,0
-4.620731136679917,-2.0445865334364086,-2.719835081201956,1.0279179760736277,-3.780194194821261,0.17415142223342678,0.04492710747995729,2
-3.7085663223343137,3.3408081646511576,5.778752632190091,4.63451421710435,-3.482631870870234,0.8508782884766174,-0.8090817746597913,1
-3.461469906407162,1.4979616497353332,6.4381701766521005,-0.643578309983369,-2.4921180408488786,-0.04117567374307063,-0.8101960679640593,0
-2.6166167324767913,3.900882739487917,6.055154231710764,2.860204235587283,-1.7662839815689058,0.6992397965431438,-0.71471661327081,1
-3.9246531508767197,2.6720105484854937,6.23908763906994,2.4069013188647004,-2.939215301534797,0.15682609981022883,0.32792382668421755,1
-0.1597762369617638,5.208479565509935,5.812320158206152,2.3897134733004437,-0.44735084780486445,-0.5697863608355287,0.7938092862925541,1
-3.131560621815276,-1.144644177631216,5.808713642176265,-0.22173849389373576,-2.471685767239803,-0.006553643686036994,1.5524488452413507,0
-5.452628923223684,-5.231333680979772,-2.8402528684229424,0.25759579812609057,-4.753069135302466,0.052595631334034554,-0.5214291010769293,2
-1.9313043709245865,0.04733905235609093,6.565963201172995,-1.715813152666027,-1.409376960430549,-0.6664208878016821,0.23107725628634435,0
-2.133298467783407,3.11408715441219,5.340246897535564,3.4094405010626545,-1.6078235822817213,-0.6879587746218487,0.4269795597641535,1
-3.3518342315954026,0.8944372236366419,6.346692070898406,-1.3174866124197753,-2.473500726837792,-0.6815256811888377,-0.4181626386762574,0
-3.2348014446672915,0.26179295083885323,6.06653239913038,-0.4075492275451834,-2.8567223111501425,-0.8648180816663877,-0.7520757114389859,0
-2.928658532577912,0.2884038721990635,5.606810348307302,0.17541778107485834,-2.2818628694742333,2.1673251381984646,0.8632755901092275,0
-6.056901032531082,-4.1376070970042536,-1.9951333079340379,-0.021904295094736237,-5.03323894715485,-0.7547853261910956,-0.07210770812838051,2
-5.528398356414423,-2.851470610813232,-1.9267765339228224,0.8544027212033077,-4.5711042427097235,-0.32235351947752866,0.20089210230422644,2
-3.763293587457164,-1.7695069176657485,5.811452649042124,0.713959672032356,-2.922916388474385,-0.1946285156217684,-0.47978092122592053,0
-4.004249461620301,-2.909606359352793,-0.553586112782537,0.06695307418898855,-2.808825815090737,1.0226355464520593,-0.32723041100327993,2
-3.1090922587589307,0.32007579183103874,5.867620195837035,-1.4301653344499006,-2.6891841110885712,-0.49211108712186946,-1.6891256325184685,0
-4.254370091752032,4.074693511623338,4.963715811799741,2.0266335444814914,-3.3663982809370645,-0.48266603800662217,0.49484228851653406,1
-2.3972958410663274,3.503559034454362,5.188928022451771,3.0344249233102576,-1.7976830926859921,-1.0891632141255096,1.4987142885036118,1
nan,-2.012055989717747,5.9454127346826215,-1.2239521210191304,-2.2329260044515067,-0.11949470685314702,-0.6395404659793986,0
-4.426087659353876,-4.185079603181821,-2.3759362585832635,-0.35908595369533225,-3.716410477926611,-0.08903116014091374,-0.03991847947856254,2
-1.643918529217773,-0.4918465131694235,7.280461470753385,0.4451223024329383,-1.6515406307608216,0.016954276819383482,-0.0485311912300651,0
-4.784584326959013,-0.5716909383066856,7.856739236016062,0.23099695804506043,-3.794345166799456,-0.14777372308521963,-1.0229371400793972,0
-3.0160485726361275,2.707635577876866,4.521254049026186,1.7135152597279082,-1.673868966377193,-0.2634855344730527,1.4458049862816726,1
-2.457710572500115,4.736538111337717,4.641416814371525,2.7339720110492634,-1.8682460237247238,-1.4104264549272698,-0.32175410229591855,1
-3.9790875757075344,1.8959088069978445,5.799049387080323,3.1144574250557664,-3.224309691666958,2.32345455654602,1.6711603964562152,1
-4.670498251154726,-2.3618018561187117,-2.894959696967286,nan,-3.860791531613502,0.3357044885277124,-1.332127523019434,2
-3.1214430563086712,-0.006935374966900221,5.595549137375887,-0.35331280436063056,-1.9748462967368388,0.08651132825692606,0.15435640023828615,0
-3.087943764616718,0.5042108001210432,3.4541114573233456,5.496399098991192,-2.2436217590976377,1.829504008965304,-0.21326671852472343,1
-2.2992137519959996,3.122114017043968,4.582150017641668,2.941806048895283,-1.64589538120801,0.4350008880849851,-1.1567318079441269,1
-0.3648439516264329,2.691744066065902,6.260830063477499,3.4272033796142227,0.34487961544315315,-0.705811507338563,2.3543086130464723,1
-1.6374660164605186,1.5862116631140126,6.523168063392546,-1.5503248097601696,-1.3872003671056603,0.7362816468841515,-0.047095288588204526,0
-1.17602784377301,1.620280066043319,4.20892460229599,3.665273327682762,-0.6913188422486775,-0.16987651675187201,-1.2008965609990556,1
-0.30485555863861424,1.4773398003368075,3.1017572055064315,4.214846291409158,-0.22229582592327557,-2.566151024587622,0.3467660158459124,1
-4.228239757631279,-3.7865334677347446,-4.239385374063565,0.4438271366111718,-3.66459038326649,-0.35304408873349286,nan,2
-0.666518275297327,3.7755001341810246,7.079036985339409,3.0585894394945274,-0.026578640173560153,nan,0.28700687297927363,1
-3.3031188204683364,3.5874615583508938,5.027675486408845,2.399555857076299,-2.6640693856905204,1.6738073303118501,1.536593833250994,1
-0.5204981501060777,0.3888747778259763,4.816199086902138,1.168112280909398,0.36025385306838126,-1.469401654993595,-0.0247440139231376,0
-3.221411813654874,1.0988904454591302,5.874221813709385,0.018988570495360235,-2.0238431947809374,0.9607167626373418,0.015274771788045895,0
-3.128293413630202,1.744007438026605,6.519920470523369,-0.13173243837303744,-2.7484984135465527,1.8778507675623508,1.087380303870734,0
-2.4448737974697345,-1.445567083273012,-3.421607608548503,-0.4737035215275637,-2.16656597875232,-0.5800371299855981,0.18437439095949584,2
-3.9003281212684806,-3.4834738909690364,-2.846947217652907,-0.07016034570352747,-3.164956857511418,-0.3660582000539836,0.142296645537693,2
-0.7195163355163222,3.9443024530509154,5.487407699929208,3.0357143280569012,-0.4500003254587631,0.5434793626753025,-1.0782722768619932,1
-3.8997671013505784,-3.0662337060850913,-2.1266957334880754,nan,-2.838699146908203,-0.04140492617797323,-2.172876455466555,2
-5.193025408907959,-3.4600974633293093,-2.371991380879234,2.078656584858555,-4.150021942775438,-1.4209493343981219,-0.7335094541294926,2
-2.365588391820703,2.242444446922843,6.352016396838401,3.591578167607519,-1.7746413662787743,0.880765620783288,-0.5605531403823119,1
-2.256296540099208,1.4052066145736961,6.48787818217449,2.172322765420673,-1.621636401320715,2.194220519624815,-0.4987383271443988,1
-2.9574143758545794,0.12358373742332884,4.266191842190101,-0.08304060093350463,-3.0463924917006255,-1.4337409411035287,0.19811816933990245,0
-3.4894550949262895,0.940960340250319,nan,0.5554985948849214,-2.8759068025660195,-1.0516092712773115,0.020342359404767495,0
-2.1579356949736854,-0.08830904436965803,6.3609030268442,-0.932240244811759,-1.3115688974546846,-0.11116401879034354,-1.2599325112199173,0
-3.820651545147869,-2.5427908616883252,-1.425961383093926,1.825632306491189,-2.9843255446493746,-0.11178851653143924,-0.3209225960591885,2
-1.4891611763133987,0.13039253408543272,7.115573779184609,-0.7000032955252582,-1.7973371080807414,-0.2915604075086533,1.0588513334966367,0
-4.898849737001091,-2.555032079389608,-2.4202805962130496,1.5803932706282067,-3.982040796949014,0.0017146394114602246,0.45028272793077473,2
-3.1037502235478236,-2.7752323141832713,-3.855671814658979,-0.5045230001392728,-2.534469765743163,-0.6443336697556405,0.5624417005587278,2
-5.629264788281548,-2.9059211892407824,-1.670278987419734,2.365251552707766,-4.53549100625999,0.2730392968743804,-0.5550642784958476,2
-2.749659393448249,1.7054987310564722,6.103471623810303,4.188816755203392,-2.651799922474667,1.2749795042291001,-0.34730982357809886,1
-4.087952392751964,0.6139423244078374,6.100327574168686,-1.3042071264438486,-3.0676448629561963,0.0721589430690605,1.5554843638737252,0
-1.804648063808302,2.4408930180019723,4.333486721176752,3.3762210183262686,-1.377657585886816,0.3569746145018678,1.6899971985116287,1
-3.4044089507400748,2.307984876223097,5.94272435380792,-2.668050696500408,-2.5963217110017074,0.2614771662520827,1.639615323084498,0
-1.317996727379227,-0.4909145352171512,6.039875809507842,0.21765566569418154,-0.726982027734155,-1.8054102824408917,0.18432842459351334,0
-2.6093495747794506,2.433050205870084,5.942535179941662,-1.0177824254844008,-1.828256248393767,-0.8853874409715486,0.23011116837535228,0
-4.094148954023193,-3.255943561533398,-1.3427408884837957,0.6178013761397824,-3.521693125249116,-1.2256169060528983,0.22437323705335535,2
-3.0899143351677716,2.537490414778235,2.7845944013417867,5.9690907996843166,-2.634503614022328,-0.42872342511843814,-1.3435375618513894,1
-4.130574735857188,-3.707325947730424,-2.6665585371877967,1.3758435501317319,-3.425618409667451,-0.12898010677842386,-1.1238648713709876,2
-3.478053214006803,1.5603031231325586,6.258915873013165,1.154480045543176,-2.9329641999261518,-0.8676646593023098,0.6377295603463734,0
-2.9696228428000513,2.6667332214405874,5.8284152244508665,-1.1537354249632326,-2.433451301927554,0.6795123956481589,1.6106340887321235,0
-2.338415900299061,1.7103361275235662,4.798103457129546,3.7875775595734003,-2.3883846182126063,0.36795752465315373,-0.5805615658011828,1
-1.835600555393,1.2296534409011688,4.77142658762744,4.253550309455671,-1.5726593206202997,-0.8253388696709907,-0.4062450823946923,1
-5.058736982646141,-3.2012238512406395,-1.7362300179289838,1.5944659718763619,-3.7650180403622913,-0.4802620737698569,1.102724137049064,2
-2.917903716919186,-2.247776886283929,-2.5792284845799136,-0.16198621475350283,-2.4154395077237365,0.12332171684617954,0.3270547265625715,2
-2.7506958924301492,nan,4.758226968218777,3.447035256894367,-2.2740880875674336,nan,-0.050048019482957715,1
-1.442248390092122,2.5849853374335767,5.673964360743375,3.4261674173553502,-0.8241635227791677,-0.15346421566955962,-0.32635884891131767,1
-3.1372814562835405,-0.5135313000142087,4.885398842047966,-0.16936196938582426,-2.3913359218243775,-0.9312795578576557,-0.13638043922938786,0
-3.462509853016895,nan,7.058217983625091,-0.6046153275054489,-3.010227253574016,-0.8446292144847715,0.5809311110786437,0
-2.5793011112578665,-1.0386760697704678,nan,0.7388128079923069,-1.6964344123011466,-1.8961401673850158,0.25056310549945565,0
-5.524491501808369,-4.319596619149886,-2.702123119185851,2.2602259858057203,-4.091279978315575,-0.659274608686813,-0.5970484367986871,2
-2.276038793982353,-0.4350100875217312,nan,-0.28278917095183215,-1.6834240794755648,0.8320512166634718,0.5630515461315907,0
-2.7904938071634393,1.9950086589103981,4.682456920179411,3.1693585620142533,-1.8395845080424438,-0.3690847083489579,0.25858168472058185,1
-3.3608609277536705,0.579675191984074,5.838851383677865,-0.22979546067424547,-2.969679029263453,0.6701206118359656,-0.8364683420303213,0
-1.5918667548054555,0.485111636342481,6.546150178633478,-0.5002231711787533,-1.0836627009292426,-0.7753589792191756,-0.5452690622571692,0
-3.3580545645181954,-0.017884278482829474,4.732578566091274,3.2577915122080303,-2.645507762476408,-1.0667995250685,-1.4207169497142875,1
-2.2706515592675602,0.5613639515319407,5.312361991991449,-0.5628304093756564,-1.591300808941591,0.2734991936494253,0.661851258011699,0
-1.763696561898719,2.983658978059837,3.4692742980106717,0.7557009096451601,-1.1247043597641142,-0.04322429615776273,1.016445503870847,1
-2.9431817508158495,1.4002282257334575,7.31020406461152,-0.29333900891952114,-2.296736297683926,-1.6779139561415064,1.3034719466471472,0
-1.9912979823897978,0.5080725034792679,8.015682992031666,3.31796989681013,-2.0862827788229925,2.0767109409871365,-0.6952942125688358,1
-4.446003382363118,-2.610396041158214,-0.671877502402026,1.0322132066658503,-3.582754132930684,0.5253218801444016,0.5732335590835872,2
-2.8717522437618865,3.298919340707338,3.8334456775236436,nan,-2.1392661831141324,-0.009980351712050958,-1.7460103974409238,1
-3.479167473122492,4.014422830955873,6.845142806789656,4.198709083330389,-2.008469887411865,0.1853154523588629,-0.43507798296287736,1
nan,2.0566893078452964,3.8644074598298737,3.2589179278180196,-2.313015880769384,0.8791233073762995,-0.6555096883043064,1
-1.7630753624701678,2.104330215299605,5.431195060403082,3.4911881732454075,-1.794498610116238,2.10402366201867,0.5430858649293769,1
-3.0581784696593863,-1.0865421527983656,6.545193850736088,3.129761000712038,-2.1933849509549943,-0.4113975504262074,-1.9178700463793432,1
-3.165397292253622,2.433222015454624,5.506021732382384,3.753442605658236,-2.4321101878754834,-0.6581203191682617,0.5923508083789587,1
-1.7929118360247691,1.8768538796897194,6.130539158384069,-0.6821591135609077,nan,0.17632677318984066,-0.2708425463368168,0
-3.7281144060974403,-1.6236485875628635,6.035403091584929,-0.081873079951089,-2.86093953948625,0.07413371425904941,-0.1993088975742178,0
-4.994260692975658,-2.158153824746414,-1.0865312254813224,1.8037019733626618,-4.126219494862594,0.3337032885897652,0.23266584828824788,2
-3.5254384264715792,-2.2913042463664572,-2.241092705349016,nan,-2.4624155842394226,-0.9340248464560014,0.16911648944901136,2
-2.8226194261002564,2.596629923419022,5.550992261702249,2.3820514059946274,-2.3494034747376458,0.46123784215733976,-0.41259208648179996,1
-2.702082984961051,1.3687993896536028,5.415964909384985,2.9392119592141976,-2.1055449150440477,-1.7880736828825867,-0.010946221031647484,1
-3.319288939858785,-0.09637471372807294,7.177075273835215,0.7334913765537736,-2.3523065906078386,0.6057778498743499,0.30160693703460134,0
-4.732678102934152,-3.3632491265593663,-1.505418925616119,1.9847045233537273,-3.637810943505827,-0.214231854598864,1.117833837630298,2
-3.322278135241723,1.3794137191177043,3.7531224331453608,4.563678264677037,-2.782917716267272,-1.601426494033408,-0.35567928403538474,1
-2.163436379482889,-0.37541838698136354,6.089635289730616,-1.5348708970070641,-1.7569048132138743,0.5512386781561606,2.494093003165596,0
-1.2461857274362473,0.8943363650501257,5.4609149678603,0.9437607526075626,-0.8627419975606169,-0.27820535867609086,-0.3492780733292278,0
-6.278888973432528,-2.959347622587785,-1.9988189830382144,-0.4843883894516886,-5.524880870971731,-0.8639895808550894,0.6906198225816608,2
-1.6571282856678526,2.6662388386111884,4.175662150363357,3.3723663744283154,-1.185466315616444,-0.6926389720111519,1.4813674286883782,1
-3.05619949972724,-3.4803912785317683,-2.2374456511630876,-0.30752661951579185,-2.2882152964513605,0.473481713345744,0.4632118831510684,2
-4.936394501487486,-5.2329605058436455,-2.6577623679684725,1.7741309255765003,-4.337994815150109,0.6205825725527445,0.5501200473561529,2
-3.212877815613279,0.45589256346387386,6.357841113711498,-0.09674229594249883,-2.108789402225838,-0.8273207848606579,-2.0133661214843834,0
-5.655923732190274,-2.295209095916535,-2.852449919221671,0.8396765307962875,-5.000402878871101,-0.8586903683135608,0.026651501991153775,2
-2.5525075241023565,1.818771193012073,4.951609789018095,-1.12649711650777,-2.9577138817584028,-0.1590311109989138,-1.7071056449018642,0
-3.635894472169941,-0.7910297753949666,4.185021480676125,1.3505749230553692,-2.7956011246085537,0.6905168970825676,-0.2523484001512668,0
-3.5482727629256683,-3.273583798286789,-2.024177724052749,1.9030679376004804,-3.1220685087572004,0.42228619387333327,-1.4664993995069453,2
0.1675134286905383,1.8480585192595411,4.687248498226491,3.591713770573275,0.17255870131786757,0.37633945212668873,0.9049765468805113,1
-2.5746045488721467,1.5319222531356833,5.291597920273685,2.421649513400672,-2.2094052327963376,0.9399994031898108,-0.2519870219639618,1
-2.1318155426300494,2.2500758238245044,6.0161184278282525,3.8320393020882793,-1.5604586576748283,-0.21334126669502987,-1.69914802931361,1
-0.8234313656194225,1.3195042555551983,5.121263905809009,0.07429944085794843,-0.3039641152040867,1.311804974356325,-0.33657825056977925,0
-2.0615046025678345,2.693434675341329,4.7560409360515195,2.3986032583180106,-0.7263273830381967,2.328278735586901,0.7000887029410775,1
-3.202741977296258,-4.556069890209387,-3.30178815705159,1.0028159127453626,-2.6351806408441023,-1.067673109191217,1.5515561743537734,2
nan,2.1051775671270105,5.0385369949616665,3.714356357407503,-3.1590897863712715,-0.19978861120999994,-0.443213858431191,1
-2.556955763772946,1.276624851416379,6.017773425857527,-0.10420802925589023,-1.7060658326573184,1.183612791496989,-0.2392664005732906,0
-3.7671688581258076,-3.9854840658083983,-2.305502562032677,-0.8457469365620484,-3.178612335246816,0.34633399831851364,-0.15933919632733737,2
-3.098023091612335,-2.622127109254691,-2.6865468477059493,2.09199591660029,-2.2846026353365656,0.9712970544827426,0.16744307682297307,2
-3.0292889935237226,1.0283692608736528,8.757203253930445,0.27542315598240713,-2.437904706702204,0.8195413328598107,-2.2326367626344448,0
-4.541566748619613,-1.2272071033145555,-2.357373607687444,1.091928325409547,-3.192380437457715,0.7710851252995593,0.05652810776712844,2
0.0797643309796392,-1.2244246818151647,4.340016251511438,0.6415883473576673,-0.7594226738065806,1.172366163898605,-0.1572717997317531,0
-2.1785784821888607,-1.513467471602338,4.905490926811803,1.3557166796976856,-1.9058728598353671,-0.046130522259665366,-1.6545698915283948,0
-2.4466802183004255,3.4366653971726597,5.9052496389371445,2.501320108074927,-1.8406840721468645,-0.48267688683030885,-0.3769983792578793,1
-1.9832282596721882,3.7369367071155803,5.928559869091416,4.429187902792402,-1.5557587961030703,1.0582565647010975,-0.5596612878241989,1
-2.729595565469088,0.10380273058492606,7.447449221406546,-0.046186222719546255,-2.1499337304725694,1.026592636304613,0.39029922166753145,0
-3.339168010786329,0.6178524066329812,6.491812759131132,0.6669634882269027,-2.2803146789265907,0.7223797109290557,1.2270146956642127,0
-2.2111217068891413,2.4715708645392365,3.3045705881701783,4.113793295551719,-1.3817574486535054,-1.123075445445357,-0.607752371326354,1
-5.517084198490644,-2.7601847387359433,-3.4417544221980205,0.6254858675707358,-4.856958136133089,-0.8765470756678508,-1.3281087465464376,2
-4.729097931792207,-2.9027533179069467,-1.512110449473507,1.0174293535959,-4.043213260413184,-1.4309916924102484,-0.18838917450512316,2
-2.8254538579434105,1.9002467201778162,5.666818337000272,3.476681134217928,-2.455837046304546,-1.878110997582826,0.2025329294495456,1
-2.0636994924017884,0.3872370712673564,6.3285844129549025,-0.5547350403203517,-1.8332065998750682,0.7335182201526272,-0.16504474645226422,0
-4.937203566587869,-1.9232393536027512,-3.8553399933376014,1.340013821559845,-3.8724774510779207,1.467280748670839,0.9661009894646017,2
-3.633348805810013,-2.2439885302574147,-1.9457701022439773,0.6016648922632093,-3.4321637541931387,-1.5427604932478598,-0.5521039860267255,2
-5.21334890729658,-2.9919530175607756,-3.48872734143387,1.030746274146962,-3.967753748812916,2.0708443888888266,-0.5335978164642735,2
-3.2420301454968685,3.541361624954212,4.565226285950843,3.218940586257718,-2.51784955816953,0.37201733212720345,-0.14331382430258147,1
-2.96829668561115,-3.586567860896121,-0.9053249933303698,0.3888920027138216,-2.571154269924017,0.5387388775481323,0.19613208224466425,2
-2.9296116497723292,0.29758033411687246,6.4956754436599695,-0.45077801622792496,-2.277780734742505,0.30604101127747546,-1.2838730307650272,0
-5.668546992036604,-3.9547024635602597,-0.5482512428768773,0.017424188440231747,-5.0973976837961,1.736036630698957,-1.375109502524254,2
-5.415592784519978,-1.974026748199016,-2.9805387538819685,0.9832589483092882,-4.652628933503766,-0.017307616704301268,0.9559117667515091,2
-2.9451759698654323,0.20630735608005124,5.926121595042788,nan,-2.298904054519567,1.4307151093783583,-0.16946987610340164,0
-1.8317092014996432,2.948687641436384,4.403177077380188,1.6581118644255501,-1.482391401235192,-1.2232158899182026,-0.2036749198432348,1
-4.03445897450975,-2.894477706249556,-2.3426391229950845,-0.2432817915540132,-3.3188082058363957,-1.005343747462297,0.6133814294213679,2
-2.304599754079771,0.7752039490104685,4.534676176233863,-0.3417907727253071,-1.727098018381287,0.03031272063908362,0.11315824361589935,0
-4.279001244842166,-3.4797415589281115,-1.9502393933091045,1.5560527625917433,-3.6939029433949466,1.3947916962694922,0.6933613647002612,2
-3.908960519017107,-4.003127041236153,-1.69310107382697,-0.2451635617497595,-3.319020814500991,-0.19110210104418252,-0.9041703215094022,2
-2.404223419801501,-2.661867372922349,-2.1550932662770728,0.6166885962776912,-2.527399701802614,0.02190151862192424,-1.0021539249718532,2
-1.7262713443662965,1.8437758755435725,4.923092177263744,1.496444857863673,-1.0446483564467908,-0.733292988107298,-1.4273595896818165,1
-2.6127399241435496,0.18972962537076776,7.826101587238066,-1.2675360447595716,-2.443131926973822,0.7734930839975681,-0.2203266616151823,0
-1.9977958204763229,3.4489521145623696,4.80877334934864,3.1934392688010385,-1.2592058566384843,1.2858433433089227,0.008880376888036362,1
-2.5428074071943243,2.1715683112776856,7.4400770343803995,-0.5537455158034266,-2.3335272462952235,2.2147189469293966,0.7681712197784252,0
-1.8347192382117257,1.3219541522220766,5.7581592606067185,3.1061523672361724,-1.6078404430364484,0.010595050382244266,-0.36002848496099527,1
-4.127477901545165,-2.6689376394604976,0.09703473950221911,-0.549921727901684,-3.549841434279491,-0.6445567439034238,-1.373727716784758,2
-2.587842920085322,0.7159412047159522,5.347285274942989,0.46165110859076436,-2.268344073315603,-0.14244934010185317,-2.2931014105342933,0
-2.1305864715252527,-0.2191594527152948,5.7752501997418975,-1.4489774441503334,-1.6392955584699946,0.23567911951626394,-1.6314740395662821,0
-3.820815795092118,-5.005048097931907,-3.3435229295750477,0.9366918035839136,-3.3141734477280753,-1.303129639482673,-0.6293097049701266,2
-4.395413128047321,-4.92702933919598,-1.19862356396075,1.369952522249811,-3.1315127808512564,-0.5850539221605642,-0.8520328086150034,2
-3.0358620778591914,-3.357449267264423,-0.696017983648562,-0.15274160582599794,-2.804146561696694,-0.8247897937815649,-0.4384366709793009,2
-3.5044970845353816,1.4464633481752873,3.313209468024108,2.7494212836529175,-2.8975514215504434,-0.10801491992536716,nan,1
-0.6730317544344024,0.9304137358289255,6.888070707986325,-0.544129270175544,-1.2617433399258404,0.642034198348418,0.19742267013982445,0
-4.591521727026286,-2.3927722502934956,-1.7683964341225864,2.2439998818235174,-3.748164394717951,0.4372648273830586,-0.3706458427662341,2
-2.8643490662631783,3.5718021384074508,4.959979420349538,1.7588111396934034,-2.4790352326188723,-1.2395138211920054,-0.5437506632517093,1
-3.609529770392374,-0.3989905725907118,6.010866290996244,-0.611291029081084,-2.4917718280528756,0.8639409885050213,-0.9152286756457906,0
0.3227382736388269,0.5622573494737072,6.531756066096879,0.5334885148275992,0.9831571556132978,0.5728629306520293,-0.5427313846929934,0
-3.3846760135754113,2.784617221891225,6.079564791942214,0.6832318469699501,-3.007890883516251,0.25676229324061833,0.09309950702490015,0
-2.5491278652997957,-2.805187809779123,-2.5609739293700726,1.3787999459440292,-1.9743092163439626,-0.018375507450166757,-1.001702225213553,2
-2.3054269411593347,-0.3460250627825264,5.105966757279166,0.23734682285673941,-1.9294108431486992,-1.3838545712369472,0.9188834655895126,0
-3.187207572280654,0.2613470052043064,6.3647542389124,1.1166978058805779,-2.5181321335184763,1.6257234319384728,-0.8806575721651145,0
-2.658234666043587,2.14729851652439,6.8400434185637025,1.0871055313745248,-2.330191782025861,-0.44027825408272453,-1.04346386274238,0
-1.313194596378728,-2.2687948171262446,6.7751924020454775,0.20847286821134908,-1.3850408996445505,-1.053990513143582,0.15565064554604333,0
-3.543737745904572,3.612721631545657,4.3971685269051815,nan,-2.629944660207577,-0.27214862815614743,-1.159750242818353,1
-5.128466950386043,-3.702623507158912,-3.2961454366560603,0.3502135064376698,-3.7926919287889764,0.886302210101642,1.6175161535717242,2
-4.567001201030225,-3.933112187397353,-2.618285647700039,0.443931469785789,-3.9356715376506575,-0.3126557768613099,0.984389775920066,2
-3.1928517571437545,0.21651690684603186,5.480941501634457,-0.6325765521473035,-2.5206456097337764,-0.5643339199834629,-1.3417108257024,0
-2.0595840711345534,2.3079556851631366,5.054452762557732,4.209833697617021,-2.178131713041111,-0.06487535250133819,-1.8039832732638004,1
-3.455689822067347,nan,-1.735779392847631,0.8468807274209684,-2.615413841072549,-0.28104022218474284,0.11333581793924788,2
-2.528773456751101,-1.0746634841199345,5.723473652134595,-0.5562937811742965,-1.7026288132123613,-0.07912908114775626,-0.37632872798746353,0
-2.5338141106178877,0.9528419679850353,4.338683239847585,-1.9902108154164904,-1.2188952556521415,0.9484608336392761,-0.4845754490056579,0
-3.7993379156121114,3.176283325290247,4.186849546559154,4.776217585378395,-2.9401552413137986,0.2733419607984961,0.2665621027877767,1
-0.6684603159445898,3.6060466723704034,nan,3.2588690409708323,-0.6499739393482633,-1.015434184484448,-0.28584028690029506,1
-5.1604087327076,-1.0894296474042,9.945734006469849,-0.16639904239955056,-4.3482912284030375,-0.1827433629040467,-0.35206904227593117,0
-4.709808569934481,-4.191980364005009,-3.1293588605771525,-0.154685142021875,-3.67948453595862,-0.5840718100838196,-1.6919910535797813,2
-0.6645987410706189,1.5152290361096403,5.905616408619611,0.9888414911404146,-0.5075378711454178,0.33965867203939815,-1.2610736322764613,0
nan,1.9720334827309451,5.354109892396615,2.4706608011117908,-1.9469581939106226,1.2357721780035538,-0.9391991327440057,1
-3.039593499697089,2.4786476175071983,4.41198177365883,3.2837055646577467,-2.532077703085989,0.44342821570642643,0.9740929807337986,1
-3.0568780390587103,-4.671647965809147,-1.9628541024095945,-0.1615478571061112,-2.128413557718843,0.11009813631588815,0.5250068452726679,2
0.21210828494611,1.118340868258559,nan,0.8495887033391945,0.2631412752502338,2.4890078682787835,-0.8446082503974129,0
-1.6962463221555493,1.5765129409915373,6.327602665790339,3.571172783615614,-1.220934685769879,-1.3032789983243516,0.780819959944162,1
-1.7402395347548385,-0.3263475973077249,7.228445607594831,0.48693299411691543,-1.8296314010740202,-0.4946702644736777,-0.7070137678328681,0
-4.451949688068043,2.194748566058371,3.9002667871924093,2.5472915616463605,-3.5894452646571655,0.5601599661764244,-0.6650274730304281,1
-4.406236351680357,-1.8810795133813554,-3.5013599489100034,1.4782501370689218,-3.6499636227613355,-0.9905929498756784,1.4637581778607407,2
-2.4217335232076875,0.5424586068526502,7.645931445387188,-0.3372775352437008,-2.2089130673807778,0.8408406884449409,0.771189103020157,0
-6.019695469496044,-2.298346274062003,-1.773058404018338,1.5219792831462722,-4.333194067088159,-1.0297957917630123,0.43183178119089044,2
-3.7241787386089134,2.929671472937513,3.5976470850420634,1.4969293555406709,-3.636868587414633,1.763524426230703,0.1512295359860301,1
-1.3238540809888382,1.9906398957276328,5.525909782790416,4.29540371446898,-1.6208097375386066,0.5822896852442415,-2.8079620589149195,1
-5.002713695685269,-2.6644576797733395,-2.4980286534301035,1.3201370248756574,-4.096030019832793,1.1295563372403221,0.3233494346095149,2
-5.62666258769389,-4.244750799116783,-3.645550484789172,1.7796547842265635,-4.30110358735048,-1.0144098463392786,-1.7297159232148556,2
-1.9519174779968531,2.0389319119583003,3.4753586206852276,3.5175606174557656,-1.4574116663269994,0.5261752679574107,-0.07184099784113387,1
-2.7027157408061497,2.3065613897809536,3.486238454551372,1.7342727518795251,-2.5200494647349805,0.572124492024392,0.5203404640151343,1
-3.643374285201989,-3.2726945495092474,-2.402984308451496,1.532401065264898,-3.1076590994730173,-0.38144351848108143,-0.931625843429103,2
-2.8976879283188963,1.2274494973951826,5.501620310086286,2.1388852138948935,-1.9442367323567984,0.8747660602843385,1.1378636179052373,1
-3.112826925618249,-4.071054495050574,-2.2840804074436987,1.568374606201743,-2.4292052723155297,1.3085314628058717,0.6560907870671631,2
-2.174715710825423,1.8960575788644702,3.0854440755598365,3.770188516761061,-1.786912876311856,1.4183847950696358,0.457413628624548,1
-3.232497082147377,2.4538180553596987,6.1116173717829705,4.18697367597243,-2.9974947402597736,0.6663379420681379,-0.4224205860040816,1
-0.5863695962753122,1.518304382489021,6.775332504314198,-0.24395806187754665,-0.5581143283977337,1.4530660799197872,0.43897177978170276,0
-2.65980990275557,-0.15757584412146242,4.192335549591662,-2.437155485588664,-2.416949316906209,1.2906688184885893,1.8686265808682432,0
-5.1525144123380695,-1.8602316535415704,-1.5378967554474328,1.1293194784778517,-4.280187641012574,0.7766992595925034,1.2722948354157297,2
-3.020233584063339,-2.7971502163860524,-3.43570707532249,2.580036669260094,-2.649122600326109,-2.0139862086725397,1.7841127209271679,2
-2.161825913880916,2.697496233917993,5.862822537315214,3.429609106119312,-1.8475560853166464,0.19818995551195337,nan,1
-3.989486022486854,-0.4043869752473258,4.929022320001599,-1.4078731748749975,-3.2807911385697754,-2.256213028438426,0.2528647013153949,0
-1.6630543159887745,2.393738894753122,7.068329122084848,4.562043386844517,-1.4122880211338724,-0.13326480401878785,-0.6285222250062965,1
-1.1377707004471502,2.7541250130319197,4.978268404121151,4.425392895682645,-0.3467154525480294,-0.402054602101464,0.07867289622502352,1
-2.558364816813335,3.073940426106336,5.444361811545002,2.274510458379697,-1.8736824052098773,0.30999241911692377,-1.7907308390932604,1
-4.19700259073434,3.805158768851598,3.686172793374549,1.849540036663455,-3.3447409028677435,1.3646695309180144,0.28564540485831297,1
-1.2016918162612549,-0.24527796630484178,6.671291318901125,1.7125903828003917,-0.7032293737459123,-2.090826617807837,0.16091867863356413,0
-2.4727742528250283,2.431125330396147,6.68179000325239,2.131273901788133,-2.045340407237967,-1.1718504653289759,-1.422476920325434,1
-4.315609805018697,1.4653437493614743,7.707812264906092,3.7247570782734947,-3.5524549747040752,-0.3500551485324848,0.1153149245046587,1
-3.348881472758998,3.647124081470297,7.238576616977406,3.1079047829166524,-3.078943343244036,0.19240868932218194,1.116749618557948,1
-5.535511811846064,-2.569183478336505,-3.344686635159863,0.08434096154119874,-4.6768144169598695,1.6678240955759096,0.4556998350582444,2
-2.524598016267279,-2.533505348539697,0.7099184550777797,-0.7903713672608444,-2.4220774029851224,0.46288455663131767,-0.14253626845146203,2
-4.262018338812935,-0.16681723472240828,5.851528268813358,0.16719508588117243,-3.6837029064309657,-1.226340654109073,0.7463378663391126,0
-5.621166283992545,nan,-2.1626260829084014,0.820410614846877,-4.570497142692014,0.08309141702257193,0.8916553446892562,2
-5.4518410120545315,-3.5340609248081236,-2.754150697361143,1.6616303887349455,-4.617372950607636,1.1058096872590966,1.497249784119738,2
-1.9246741427670717,0.7296268392308052,3.9594095213530625,-1.2627931707526578,-0.8536594086705954,2.4889198091672857,1.4403388522335947,0
-4.872035389123185,-2.654721392507237,-2.7023946071867333,0.8130414439630037,-3.8225818917735492,-1.1984915616796599,-0.19822036443526259,2
-3.808181153091378,0.23844805239895672,6.731286408744751,-0.9280269409115065,-3.8948387995382063,0.4912346829141326,-0.20614069492858889,0
-3.780803043598776,-4.627401770063302,-2.199599699242893,nan,-3.530687990238825,1.1600320581333545,0.9583452233794671,2
-0.6858757475882756,4.489359729236277,5.550313008251934,2.9440755510208128,-0.6649913496844514,0.7471862069743355,0.09148321745280659,1
-4.24175117705793,-3.601053172613404,-0.6088678512458594,0.5330837674556064,-3.3324160403928307,-0.2935662827077747,0.002164682660199736,2
-4.287283165452472,-3.598554610977704,-2.4578616139777845,0.14580988683098695,-2.922803471497862,-2.3173242729441,0.754456973896126,2
-4.4674908525650086,1.25986082317686,5.626343799793132,-0.4150421060015875,-4.020049356132448,-0.35368017946524266,-1.504649143288873,0
-4.803836460410159,-2.278198057506251,-2.9067158281366843,0.8006683744388522,-4.0517545391958505,-0.9026677259536371,0.08463698817396163,2
-1.8110686550144788,-0.1159652951330411,6.196959233184755,-0.882600607613534,-1.404018645690106,-1.1644373873105822,1.148744758171878,0
-1.6731564532957934,3.566455878357065,5.162453517629095,3.324389299494624,-1.2543634819027005,-0.48849857615405473,1.2376165706740683,1
-3.6070239986310852,2.4651727719761283,3.6603459694858573,4.651865375433334,-3.090199674475277,-0.14405665563379907,0.5287633879078982,1
-3.895559792249086,3.9466442256514274,6.147855546364417,4.17016382240508,-3.0935815734618113,0.6555650270811338,0.40564868934418963,1
-3.3885820534532627,-2.6996379871030225,-0.5191033949553447,1.4915068783053274,-3.2774651214133823,-0.8762064686691325,-0.7122819001589518,2
-5.36521563875651,-3.2057112365398988,-0.994293736970296,0.005988430285232216,-4.153789958816051,1.3413086433611598,-1.8027820972359778,2
-2.10636592613077,1.678916020287685,5.288066084260078,2.278359752027223,-2.039964695021223,-1.098704721780727,-0.4341754144336495,1
-2.5679594240173804,0.7512554868090764,5.356964807247721,-0.1290477829925329,-2.0542811608022498,1.2598506320455516,-0.5014659852478336,0
-4.014802941228122,-1.126614459820655,-3.394259809266296,-0.012360148807826876,-2.9577557335515112,-0.841910876687936,-0.7934048721333433,2
-0.41519075718567755,2.7999727615513343,5.3767793397268955,4.182547001486339,nan,0.18062616878402987,-0.7058161858099704,1
-1.8877590470791477,3.260359282201022,6.864842274933061,2.193715570942108,-1.3542014944443137,-0.5390713010265097,-0.9511159483482181,1
-3.2343695739055374,-3.941202062879192,-1.2140142434924888,1.3218897255830098,-2.6514711426584,-0.08975370173128855,-1.4785987377757512,2
-4.032110362485863,-4.0038580889837805,-1.2617546289875379,0.2791855625181422,-3.179273246116113,-0.146931298793155,-1.8648367796334604,2
-1.9807722258581522,2.8752394847780027,5.333646317585715,3.128206215055764,-1.4513247253083337,-1.5040105224755422,1.8577496915299079,1
-1.1526309602380955,1.051944109542939,5.344847297898102,2.7813015957389067,nan,0.4801511463696581,-3.499960288166574,1
-1.8576707951264098,1.5708801399842265,6.518493264353885,4.143491336173453,-1.705711049717377,-0.8582219150677025,0.8628266430656373,1
-3.3662896282822388,-4.543578917096381,-1.9618233258982345,0.5164074679942982,-2.455841100911172,-1.9185631146970734,-1.2547313625311542,2
-4.1033194995804445,2.1075703503878667,6.253030645292284,-2.361254309765541,-3.049426672154867,-0.20803745275873958,-0.6036612834540906,0
-2.402520659449499,1.3287113728412556,5.268193692796103,0.012769094751149623,-1.823793533303508,0.09604494131207612,-0.3561821382124996,0
-1.7742081033586703,2.283447984535764,4.952584924642481,3.7871059246194547,-1.484249726678342,-0.30665408567577696,nan,1
-4.668965521777821,-2.6482513814398283,-2.1390348247171986,0.4545023332234681,-3.941008340626637,-1.0731269248394355,0.8867226464054085,2
-1.9039099005536042,2.2882393990677463,5.563625598583862,4.3627284416439425,-1.4086704385333406,-1.07847769770291,1.2696557131651005,1
-2.4047303501737662,-0.24802937944246606,5.6591511408419946,0.06898829354893615,-1.7327697048388426,-0.4269319632701667,0.8611114796063063,0
-2.4354763768007444,-0.014212011538848324,6.783341514947853,-1.239304915536819,-2.5221008311733892,-2.8315746462339164,1.0590987046087867,0
-1.3547610152985547,1.8839099265044004,3.6741226469602157,2.651731999356813,-1.3935396523934978,-0.5846556992168577,-0.19052888586359643,1
-4.2690495645394115,-0.45220314659603666,7.533553570314941,0.37513286154251074,-3.6114158258296447,0.9268952682082898,-0.24511449836732815,0
-2.6265217021475373,-0.11642866135450569,6.850414727123027,-0.9699916758040148,-1.9357187422086346,0.12346291135903288,-0.6977455222481899,0
-2.6571725297608677,2.888288212934869,3.7865981613234947,3.7056091484743874,-2.64705715611801,0.21767781096034733,1.3506720933781886,1
-3.0053074028158533,-1.9250141812988417,-1.820389164555726,1.7845542949604525,-2.4459846938068215,1.2416979290098233,-0.5136900363972037,2
-3.76144599961259,0.567763425243081,5.171127873270301,-0.13312074588894857,-3.274114382590749,0.7986516252339725,0.7035925619937503,0
-2.0374361707385265,3.569439551705587,5.4292232861449135,2.7705133553101344,-2.0927649455419033,1.133400489057135,0.11938522583473049,1
-2.663502157662319,0.6094399827615319,4.530398100084759,-1.036754624489115,-1.9969894503514038,0.19331654505281629,0.9178609125940843,0
-3.104629748710046,-3.5678648746378254,-2.5600209503063396,0.02969657146181559,-2.2010224363304243,-0.03274974695184735,0.028389819394390257,2
0.3848728165421581,1.5202216804253976,3.799747819794084,3.750692915568386,0.5505746930070643,-0.09956003152139448,0.38077117059212917,1
-2.7484908184665504,-0.6145409417051365,5.982743744036236,0.5256932016230134,-1.9536336697725885,-0.28847654360431246,-1.9074126604046717,0
-1.1342190465847404,3.2277232965064107,4.73300956555132,2.8479116294678617,-0.5798373470805891,nan,-1.7480513489287357,1
-0.9215958783197364,-0.6919719580685021,4.112650180666341,0.1275397033274886,-0.734295376072991,0.07353216068945452,-0.47004668104352904,0
-4.415517606180268,-3.048696988242945,-3.2986757314097965,-0.05371186467360678,-3.8292180305701375,-0.8559588784932727,0.3699487678229279,2
-5.134392076477054,-3.0564274671708365,-1.7009525282420845,1.630995172739289,-3.701792182221399,-1.8231897267922692,0.15827838144383913,2
-3.0248272154157556,-0.7242419833031989,5.907665248705349,0.8945524662116433,-2.172325449839435,-0.6273900957118967,1.560210676678386,0
-2.030473313834505,-2.265735104062962,5.541031273847707,-0.31197051526881325,-1.4905508813877297,-0.9971368916233871,0.02044457048099676,0
-2.4660904651484072,-4.603072236005301,nan,2.4427113365134874,-2.335734299141019,0.03074208318884827,0.0819640891521044,2
-3.409463568075279,2.4351522080784083,4.958284443911854,2.73582921427249,-2.403710063238557,-1.3557557099316921,nan,1
-3.7424413711050937,-3.595112019318333,-0.4945747548161672,2.8505000425628917,-3.0791545982585604,0.021229944234380526,-1.563112060897003,2
-1.4660718721232824,2.9785214715031345,5.136452221104076,1.9804099379085343,-1.0190668254447748,-1.092292612340428,0.3758898861556422,1
-1.4805575883108837,2.6998485512784045,6.255083027556082,3.4338850953824744,-1.0479129003645893,-0.9573314499023131,-1.3391968837312975,1
-4.377955047026935,-2.4553563534601075,-2.233262824584655,0.7398983208646137,-3.708109439710509,-0.6066689515562873,-0.8805309742610088,2
-2.161657074367385,1.2361610412846138,6.101180884421003,1.1427492027243205,-1.8239449676364672,-1.2219845687662596,-0.012164186445866188,0
-1.3362894271989667,2.6560455472531608,6.060331752787145,1.7929051941384817,-1.142969767825646,0.300207893467102,-0.6068380834014994,1
-1.7711988686260427,4.645458753102692,4.577218847213285,2.895029470705092,-1.6831201994138612,0.32227518731404814,0.6892140248194217,1
-1.1524701202573038,0.13060239789370454,5.3110985529791535,-0.018834803981242265,-0.5642387119710136,1.1133005773892117,-0.1375151009905126,0
-2.182538000525375,-0.6258808843624922,6.03449924498188,-0.3565916628494211,-1.6914671208680676,-0.4704897581730612,-1.4174801235842267,0
-1.7061083343841341,3.389644646829601,5.1687222782993665,3.656416034714042,-1.4289692544641681,0.2009240980259909,0.02773885291925026,1
-3.206944302357879,-2.9201727790637237,-0.20805320584279283,-0.644267079144118,-2.632306913100053,0.5089794214253359,-0.11933063441693194,2
-5.24896343755656,-3.1440093104929483,-2.9544312977004106,2.0319546025077027,-4.032016415130095,1.3978006250506005,-0.5904512639459311,2
-2.9673395469994666,1.2779360631097714,7.439556132671026,-1.0249593842555682,-3.054477137615121,-1.0510395617331656,-0.18245373671499046,0
-3.147580829750602,3.60089008052202,4.575067655380082,3.2656535292835103,-2.4078709881456395,1.519795487574684,-2.2400205838024223,1
-5.270073727380522,-2.1789235101187128,-3.6310284587219077,-1.6669892047482557,-4.128315171040134,1.5455398031237222,0.11841916347208106,2
-2.01948925664792,-0.5238832354298689,7.904020653322596,0.2399953891469942,-2.0759383084997176,-0.05289647861605456,-0.5804347480258577,0
-2.573040005410716,0.7948260912963911,5.502783886314993,2.2669836791179527,-2.218692684065707,0.5710484411100895,1.2060220175355085,1
-4.225228433602097,-4.527760393843801,-1.1622024903525514,-0.642077449205947,-3.641942532757432,1.1137546285480224,1.3031610473373076,2
-3.4805003123756135,0.2815219170544129,4.437846558637407,-0.2284574093874867,-2.81639430789165,0.15993850023888817,-1.7944321522235713,0
-3.2316448496905066,-3.357631493104787,-1.3843595858056206,0.04014040631704041,-2.416772497924341,0.7522263104815787,-0.8351636907078573,2
-3.898953339126994,-0.2224837192577226,6.040660302170712,0.5816046207129315,-2.2992593564921133,-0.5561576890898442,0.537636153882195,0
-3.88641866316476,0.7126227414422456,6.15958759829208,-0.7030984739011505,-3.1434128189135633,1.3285651566540502,-0.6144241234386354,0
-2.9122867516334803,2.901135541878575,4.000576257353877,3.648398626221275,-2.44712267555656,-0.09816255377130528,-0.35903604938087624,1
-1.4819807392787965,0.46681049887741566,5.603984342431085,2.103855803658469,-1.0041569959752439,-0.21022268239107253,-1.5218179630367135,0
-1.5485811163389855,2.5636304368453566,5.481222454564625,3.450825815883877,-0.9904250386572365,-0.0524960391117204,-0.7228486192940429,1
-2.301472967313214,0.1905217828335094,6.852576079242778,-0.3734130190125643,-1.8171895562217562,-0.6192592634655216,-0.9639377915498912,0
-0.15776538638464244,nan,5.306664140702069,-0.045401787276465155,-0.5523334527680583,-1.2618861185380406,0.6462372542756816,0
-4.4920730735808885,-0.6596803659859048,6.400045297081062,-1.083143560533031,-3.632954206682954,-0.45120521688791243,-0.8439373597066497,0
-0.7774741854221032,-0.10076000459346124,4.931914260010851,-0.07697379525560671,-0.16000301088627733,-0.4393728519789174,-0.25722719845781544,0
-2.6743990558345994,1.8742370221335336,6.537692489592558,2.9669172228254337,-2.2771186013740374,1.3613994888455603,-2.5845029712497563,1
-1.949430552435036,2.316299237271662,5.861973317477448,5.394566588133287,-1.528222874180354,-1.014250125674654,1.675946357412172,1
-3.0442154519592233,0.331118268136131,5.764229249238789,0.23894888859638247,-2.662770978371341,-0.8454038664549772,1.3083539074333639,0
-4.60171694361669,-0.5027955917496271,3.823665340145652,0.7564525658470698,-3.5113557034326512,0.322188594429273,-1.60261961902676,0
-2.8316989094986345,-0.0883490840100708,6.990960091728656,-0.2164179661728254,-2.435356251453807,-0.09528620064216702,0.4727480512259945,0
nan,-0.5550707845957802,4.74080524508419,-0.6310265215966708,-1.4800485153892975,0.4491795291864625,0.03543944005283861,0
-2.026199065018496,1.637464988399502,5.281921983701441,4.45914926888655,-1.0893438824368422,-0.14056308317694513,-0.012124487435225002,1
-4.1549171901040305,-1.093575074313169,-2.0221129338485584,2.521421105086231,-3.6385943715099174,-1.5576023483695336,-0.1739135006625456,2
-3.9281361033617577,-5.750040256924573,-2.5541839463149016,-1.626578454357971,-3.039421958673828,-1.2464284831145762,-0.11384233151373158,2
-5.1047059826977135,-3.06976298585481,-1.8258918820563326,1.673741944665232,-3.9074650332039083,-1.5855844990415846,-0.984254597622303,2
-0.6581477291577814,2.4765591946084564,3.88129120627491,4.572433178568781,-0.7637542187512837,1.1412937231145381,-0.06249291282254597,1
-4.0289296321198025,nan,-1.9361344829142728,1.8574211904549984,-3.0808048235661665,-0.8107977685638342,-0.2740473349117627,2
-3.9547135332742256,-4.608852744575459,-2.3875451963599907,2.4772470916919316,-3.195388561669786,-2.673041802162033,-1.8698785729530187,2
-2.851139984788627,-1.8093518778876496,-2.1723992873959443,-3.623745482491671,-2.9175681006325043,-0.1768109727176396,0.9471737247475382,2
-2.4657194794868014,0.08103989685559443,6.835672220583597,0.430774585765826,-1.8551219057060235,-0.1118564525380327,-0.8802821020827831,0
-2.3464611986357538,0.49187676209202136,6.259890055225391,-0.1595520907574045,-1.8505171903370186,3.3885479279894746,-0.051989610370629186,0
-3.2285888673105,0.38134705101110566,4.205203260308078,3.7149886247555717,-2.6010915159747277,0.10556279788758584,-0.5193316771709133,1
-3.8500930967807667,-2.8145866257924403,-2.0475666230659004,2.2898348354658005,-3.774608292468701,0.03826683095904658,-0.5016553530817995,2
-3.0313423438377267,-5.374075479907141,-3.2815558158040576,1.2173309758217483,-2.2354786578857095,0.7072319401393625,-0.7594637079850362,2
-1.7444706808687642,0.8404856558609959,5.909200178579747,0.05481242882178672,-2.153530549818446,0.24259634916604525,0.3817021107275229,0
-2.2411098781811396,1.8114253586556588,4.335601853730786,3.5081601092225365,-2.3552211155093032,0.6521233418191178,0.8061824482238793,1
-1.4378004121766066,-3.068386679362761,-2.2644225535946636,3.2116591285753504,-1.5125340538382954,-0.9970103208752211,-0.9626554107628396,2
-1.0880378003081987,0.9996252970778492,5.320370714452956,1.6897333518718798,-0.431064833143681,-0.34985172464080383,-1.8394878737056406,1
-2.9421460315776824,0.026666660024703193,4.993385100149451,1.6701080997605076,-2.491570858878887,-0.9113338993674347,-0.897807539426368,0
-1.4407802076931207,1.8759325764643642,4.2851511255732815,3.250293150839225,-0.44931800289546076,0.8276517639948745,0.4898646259134141,1
-5.322130729435122,-3.423767473235978,-1.6171911700853652,0.9735739513381365,-4.396964051716379,-0.1522852548421009,-1.272220866086181,2
-4.173118719853236,-2.3073786027548397,-3.991171820590712,1.2775654403332504,-3.1912737028480556,0.2835423289334687,nan,2
-4.3306615549644984,-2.89225075922496,-4.138362325183557,-0.36530883179973694,-3.951711198153744,nan,-0.9575409509167008,2
-2.392493991248125,5.005551744585943,3.751038782495896,2.8629453761489385,-1.7329916991614496,-0.38721896939877426,-1.3164954485031197,1
0.9885136512629354,2.621092405972165,6.257070646310954,3.1241367535805953,0.5688916837238968,-0.29884698138038357,-0.33396483700092966,1
-0.9968556739950443,0.8824296743711026,6.517446054913508,1.1204515574350131,-0.06961266204572714,-0.9615075935070261,-0.17158781881497687,0
-2.7793116707858334,2.2948402337011293,4.14148984942256,4.728877996163013,-2.593537966688112,-0.6170670111682369,-0.20027556379750094,1
-5.113872161561135,0.22741491980693018,5.117387967155752,-0.2878998381915099,-4.163145315906871,-1.9025201670087226,0.29429077483157756,0
-1.722053593757316,3.0542926038356955,6.163518329930613,1.743633096120891,-1.4570399949006962,0.08226891924425003,-0.4877356614584918,1
-5.51693398017812,-2.2355515589703074,-2.6667593715471853,1.3524379551197803,-5.000635518383785,-0.461014914205053,-0.4569945257569233,2
-4.24664648776646,-1.2353998927895669,-2.944908074503027,1.955304263423686,-3.0151293778755384,-0.06754838120619079,1.1920221829615902,2
-4.9511835437061045,-2.5839164652205118,-1.3487909975168437,0.8910902627311161,-4.203905609588206,-0.7116673480179703,-0.9310374201225857,2
-5.080703817033097,-3.8052214189566502,-2.540976199558575,-0.3583408951237118,-3.9013389058549803,0.23310464732786304,-1.173618292447838,2
-2.768502873226118,0.460138979219179,5.657054760772047,0.9410192640590853,-1.9063455680136074,-2.141370105056845,-0.7108239938167284,0
-5.607469122524136,-3.254814635617313,-1.8745241652739253,-0.8498744329911073,-4.855276456767938,1.4048852209766851,0.02441903536749221,2
-0.9867879329485157,1.0419185390719587,5.800719954862685,2.8694377741662525,-0.5807822387805966,0.5249196615816085,-0.049810114792921086,1
-4.476046303070418,-2.4075981837373757,-4.339518447368527,0.9824367375187787,-4.11103538945986,-1.6974861473408154,0.6477362410694235,2
-2.6491479350407245,-6.2508224842273,-2.9469442933950334,2.2051004122492075,-1.9779361214819549,-0.24637222307882184,-0.478795048047284,2
-3.319236808624618,0.3184244959191338,6.087090841455193,-0.17140840063989282,-2.1043884412976217,-0.7252082411479827,2.8418814921260345,0
-2.7351251654604924,-1.8142288339398984,-0.19041039385950162,0.40922299899077386,-2.272459099427573,1.1173813006341284,-0.4127305155116045,2
-3.0577344278637626,1.8518345502952416,4.729939591297607,5.773365079741886,-2.552694652449407,-1.329204578713011,0.5428394837190662,1
-3.677419463538559,-3.577806039039957,-3.7895228856372385,1.512291240453174,-2.9250747478368533,-0.8124439517006581,0.6097475223564016,2
-5.549434355152238,-1.8646919168774971,-2.70525995102454,2.0158610849488445,-4.1645275530425945,0.2712120878833511,0.5475468752321508,2
-2.697662933726911,0.9704036149476098,7.732632391977799,nan,-2.5892596079729486,0.14646005780807977,-1.7465811300537812,0
-3.0285050479600537,0.2038385094979559,5.224810040551079,0.18051867052126386,-2.665965748381456,-0.058084960130887035,0.010476909108592463,0
-4.313870526329958,-4.229862685613548,nan,0.43609492360465396,-2.718323918761693,0.7932717041274927,-1.5909286352653051,2
-1.3162846311071732,3.8948963457616363,5.772646333546885,4.59689175588116,-1.389638329327032,-0.5851034121749933,-0.023035412198454352,1
-2.5719858297854965,-4.7142797815864945,-1.7769780666702042,1.6064209530004376,-2.329958091886488,0.15257663615395284,nan,2
-4.903224761667692,-3.109569395267169,0.2847530857186593,1.1429656249228117,-3.6186353853033517,-0.7825670158856766,-1.9467387388375363,2
-4.1276792343656155,0.26934507602032276,4.216574269166957,0.5728398885978425,-3.2672308598793065,0.9316208778462413,0.45350506930408796,0
-0.39641705705312047,0.6134026576786609,6.624017491789731,-0.4497974588594385,-0.32567961075597013,-1.5905569898834013,0.7564814322645619,0
-2.5270142372982796,3.2491424458849765,5.0016709034969935,2.8134940376889195,-2.377795946233895,-0.850510087069593,1.7782265975175617,1
-4.522791646380052,-3.69095610774397,-1.2139583961256288,0.34043837679349254,-3.6930947863523267,0.46625087849250774,-0.24999883602351547,2
-3.0350477904906494,1.3190563442623588,nan,0.8709367964398322,-2.1797143093617506,1.351347943697487,-0.4652711822867881,0
-3.2978946682460037,0.8094479077729069,4.950104337752563,-1.1762176325444755,-2.338178727008198,1.4733139783748197,-0.09402771651969953,0
-3.844535746833504,2.4438564143261075,4.663829949541409,-0.2526389171508955,-3.3044782452606625,0.26789973169396153,-0.8692541069246351,0
-2.556739497491869,3.069487653408819,4.913517467467147,3.0992641772902347,-1.381024452765967,nan,-0.35511561869299524,1
-1.8638386757685115,1.7388206908643213,7.3073834387625265,1.0419912408829382,-1.739058953179327,-0.03686493857949419,0.7082573363230227,0
-2.190758780327245,-0.36377054178037704,5.338918775153235,-1.5407946440192422,-1.9978197262722537,-0.5315070654893722,2.1411819323583012,0
-4.435487415042162,-4.3999929701133285,-2.398757597273581,1.4543198223179647,-3.4617620804723352,-1.4742737436163171,-0.24054234747848327,2
-3.9642890574779424,-1.846448750474479,-3.234873626234305,0.764700954695738,-3.0915493395735414,0.7470590354266264,0.22301479131736426,2
-2.721405406310099,2.397437806243044,6.116793548923016,3.433014639126926,-1.6113355986559892,0.19282314539033338,-1.4037078610363793,1
-3.195281058058745,-2.527670014267818,-1.0869122824221606,nan,-2.505606059360414,0.5890367944527772,1.3576352943093415,2
-2.6932582373834575,1.3501425712438786,7.192115179041377,3.948660657382162,-2.2527825250634894,1.0009584080203728,-0.07894602829880655,1
-3.7390201930878066,1.0133883899340865,5.145200271063437,3.0140068553886477,-2.81713004846512,-0.64169692542308,0.9224943342789408,1
-3.517460169773393,-3.6082246678811183,-1.4070258827953197,0.7735300391747976,-3.1891987006562235,-0.2568507144923506,-0.14754150036757932,2
-6.452021920239627,-4.513704914106538,-1.702524292255555,0.7756037320411193,-4.939500877325695,0.9781697762896209,0.571716430225211,2
-5.63745230672404,-2.001681892768009,-1.002577646379805,2.0393446824930805,-4.016058884176204,0.7373935567974335,-0.5423603720013025,2
-1.2174671201831102,2.7128274215210952,5.800464063160757,3.4571887336966354,-1.0365592615648995,-1.0845022313798018,-1.2266303079389673,1
-4.045006912187566,-0.4691349671140549,5.678280121560588,-0.9186690542422558,-4.17818504892556,-2.095280334148727,1.9968844375425137,0
-4.706805795097968,-3.328702220673806,-2.057695923160114,-0.31425821463897885,-3.8838514351029225,-1.416784234092354,-0.7785180060404718,2
-3.3040182481872926,1.4591088414705164,4.7308277964225125,-0.26094086214996515,-2.565719055941455,2.209529012515844,-0.6084804735743171,0
-4.151912745505884,-3.957055119124994,-3.033845322726732,0.005167481638834626,nan,-1.2390901565985508,1.4963712892142855,2
-2.361285099247757,2.5779828442696924,5.973384735948754,1.7906289056022353,-1.699202524473461,-0.020499942672640818,-0.10543710393182583,1
-2.858162152330179,-2.1625050902756064,-1.6381151779559426,nan,-2.67743139163415,0.22921241115964627,-0.9454265621093012,2
-2.9863453683188705,1.6206272362123189,5.938986231846682,-0.6861007509521533,-1.9581513780294304,0.32127745012024733,0.14841020184868586,0
-4.466338405271925,-0.19198636517926293,4.094463883969798,-0.9905209866192495,-4.19908279308688,0.8097929479820354,1.6222090704473224,0
-2.4827572931305744,1.332312134352564,6.268674034461318,-1.2915168354774367,-1.761143530545181,-0.8605601766707855,1.9858396120272457,0
-2.9865122125164434,-4.3966679411570775,-1.8765252083702915,0.054732772248236694,-2.5312598293951223,-1.4918100960606706,-1.0977024457399411,2
-2.3819656931079067,2.265966198289163,5.458913133634615,-0.26450002743107115,-1.6087006507110322,-1.8098287975973915,-0.22432716613505305,0
-3.5846522564602195,-3.391455394948105,-3.073331808914151,2.062993077574418,-2.7817528940246445,0.41286252063420137,-0.9035725498432957,2
-3.4870700725165777,0.23883753417197928,6.248503194452686,-0.5196644072437674,-2.987708702319066,-0.47145876558860556,-1.7102112179447446,0
-2.4718674188967418,2.9326799184480414,4.292227442949071,3.029359164243637,-1.7947404327870125,1.6967190890796822,-0.7596598440518332,1
-5.627827050470712,-1.5222369054133642,-2.6336471842116675,2.2361542203428204,-4.712781604713256,-0.9986214705619213,-0.11603572574704704,2
-0.8768260908117936,0.7890370209827775,4.941793053605057,3.920780907342066,-1.0680891173201719,0.7785815799201947,0.048488430423324354,1
0.022247038156805066,nan,5.3169229023451035,4.820567490725358,-0.29020468088267065,1.342504322421299,0.4475426722506325,1
-4.045831202636901,0.7592907548034755,4.86014119355782,-1.1041383876562643,-3.4439958631165797,-1.5517672940434448,-0.09615750874618083,0
-1.0205391420293113,2.112644977192035,5.515124942259984,2.6158324577921945,-0.8394230108132555,-2.1809195650666555,-0.29480146105120936,1
-3.251587070453264,-0.47216648907277337,5.484452074422198,0.3506163372861462,-2.955687702275805,-1.8296376630959876,-0.6931829154416929,0
-0.9992897489931131,2.639729018640466,4.201108438466329,2.1667409135950875,-0.5255741540304595,2.3752656161003305,1.3152556449817712,1
-0.7856684328286879,3.661610384314156,6.0537665763926185,2.302830339846504,-0.7039907692761131,-0.19820806738139118,-0.9358312990606547,1
-1.688467669464051,0.13758621415167105,8.31028364070486,1.3633260293628526,-1.730496828216949,1.9318299135617811,0.22088941575598822,0
-0.31326043063645403,2.643242080852571,4.825884296449365,4.334632913843278,-0.8136574269244619,-0.8200362866367648,-0.5174315264594496,1
0.09722428529084148,1.7046175300266935,5.599376788910589,3.45488947988022,-0.4079395962060501,1.9120647371552821,-0.9036833519782144,1
-5.9459631968244295,-3.489244121634452,-2.133800222678026,0.5992632139301411,-4.903493559123004,-1.514208333421989,-0.40828026727070993,2
-1.709214628988995,2.3734332910054885,4.734679011779228,2.2706708141907246,-1.716090380028679,-0.30505487126869996,-1.1630140406015965,1
-5.02901155294445,-4.137563136312162,-0.9323131347431435,1.5750157970699563,-4.10165729927489,-0.6847401093149487,0.7767497579412692,2
-2.1862693009620973,-0.8091230057844953,6.7352551282292,-1.781850422077668,-1.5785063587031352,0.5746932227045156,-0.8315322323940042,0
-1.948707145238107,1.0589118639679214,4.049326073763605,4.166689065652424,-1.4040119312114223,0.44440676847779365,-0.3002813210175283,1
-3.4557617176151885,-2.7970233877053827,-0.717888052708544,0.253485914127775,-2.4227566246897903,-0.35267648134723734,nan,2
-1.8647704411743389,0.34677031315724527,5.5773154640146245,0.5524533156427716,-1.2529383234841895,-1.4968023786676057,-1.1070405809629784,0
-1.4395208213912496,1.5582009919687594,7.731585608934061,4.082337712708022,-1.0822714578238204,-1.7089669030169072,-2.305055938734548,1
-4.166933674250488,-3.9004149338011986,-2.6970074514398856,1.4916503768618565,-3.4039559679330376,0.17744692657215935,0.22781607739110912,2
-5.524422439244206,-5.267293380008664,-3.4285609689436707,3.9887440232578193,-4.619269134783416,-0.3290172774772169,1.3069907100867741,2
nan,1.2255149680313482,5.677426968020959,1.636670955925631,-2.5579022496114545,-1.2593066840887186,2.002120496509896,0
nan,-0.8720602610335259,5.60518357217589,-0.9017934382993451,-3.1773618262486094,0.2812685829860665,-0.7836784182767943,0
-2.1811233028974835,nan,3.3485803310706013,3.456656016012939,-1.8392985081492483,-1.333833925956929,1.3512038212239998,1
-3.0551170108373924,-4.093460618048673,-3.283403218813484,nan,-2.4476052850830468,-1.3360611087169498,0.5119040028642294,2
-3.2332908631966304,1.9854110050100326,2.978583324369584,3.842447207490711,-2.6402437907411223,1.2524137539396978,0.762283755606363,1
-2.8150723776459436,3.036876776589472,5.181298736416866,2.101775930232309,-2.5373245579035077,-0.18459037223546562,-0.6394426402673573,1
-2.1738710218095303,1.3373022120837426,5.993973463069468,4.649789123189574,-2.6094888825756524,0.8959324372180085,-0.3187846798938734,1
-2.892792409622291,2.251748026079622,4.445429556994058,3.7577005537855994,-2.3245266855642566,0.5483164317928919,1.0132818409206703,1
-2.4279568138500855,0.19316243162369506,5.45233391913076,1.2195783121618444,-1.8551587178050757,-2.217253778382378,0.06082046342598905,0
-3.750321879591737,-2.947037550953195,-2.0893157145203407,1.0743623029494995,-2.8217481708380614,-0.5804267253953798,-0.27618620126294496,2
-2.3252137248568805,1.843115366078531,6.915893794707365,2.32658552365977,-1.772413645884533,-1.0879685569728725,0.14918498269696617,1
-3.942560923039199,-0.2689067547864975,6.2888996844692295,0.5755603000525913,-3.088219307570357,0.13895066187251193,-1.116901441898433,0
-4.6108515946405335,nan,-2.6180503955096235,1.2588101803372835,-3.5460996192283707,-0.2936481402202164,-0.346210603215738,2
-5.914770525785582,-1.182511314773131,-2.006363672230593,0.6070395182905891,-4.816227637141063,-1.079545099052997,1.481437231355472,2
-3.919135347386141,1.4808987360731791,6.398808267593884,-0.7970111979445123,-3.164505981354538,1.4423475784324808,0.9387185498712075,0
-1.6524591062567726,3.357012695608658,7.050958531560353,3.8768051618615633,-1.3019428530367583,-1.5087721408317423,-0.7996538140367332,1
-4.780673178322767,-2.0687783748300133,-2.1455815794667354,1.5901032820949665,-4.003546906307898,0.26420084953528866,-1.2932258372883916,2
-3.6315819087910937,0.4013783364589678,4.444070206344254,1.2209104946584446,-2.654777806731138,-1.1009682296409942,1.1072565123055234,0
-3.2683612740351635,2.368314793905817,4.237641467532743,4.763204120825771,-2.5249434109813373,0.6561616164698314,-0.6519717435418493,1
-3.6522287298503615,1.5329152344172154,7.487392948079397,1.2802713587580745,-2.857018477339629,-3.3142530250668676,0.07191520514923541,0
-4.8189239421859735,-2.831211864871282,-0.5041780140435703,1.108225753870543,-3.301893790963003,-1.2127710022387455,-0.5664841233885667,2
-1.6665604716335012,1.748122682004113,4.963387574391078,3.5149452087608735,-1.0569565118340232,-0.09991512584645632,1.8093330937319958,1
-3.3131856075765733,2.220923430180208,4.538580913328781,3.4991289809091586,-3.0648852724744655,-0.15459738776538262,0.9539086640538753,1
-4.170372771877613,3.1405502341253477,7.346172374925665,4.935373679541266,-3.0215592062784262,0.7258423850434593,1.8486833896422472,1
-2.2314479802721596,-0.25017278527420583,7.056283164326862,-0.8325677567956258,-1.662525077840361,0.30197957060768454,-0.21308872936039372,0
-3.582376932649007,-1.4188331100742926,-3.642780797507952,0.5878202523470906,-3.032743115138744,-0.4096251136130748,1.249260876594558,2
-4.62996698573183,-0.5227982398216516,7.160020966954957,0.3574712640124405,-3.9057630976940305,0.43325741209918484,0.7102941556898927,0
-2.306777262370227,-1.464707457398414,5.094899272151304,-0.307839535882877,-1.821510015039022,0.2525701355249433,0.20091578923747314,0
-2.3447380109019162,0.6685563503728988,5.824834902022539,0.8505822207047906,nan,-0.7348850631132331,nan,0
-2.8830727431879017,1.3450805526143368,5.771714282432995,-1.964849655527454,-2.7639860069424382,-0.8886134026769997,0.7367363047437965,0
-0.7727702705828601,-0.17575205809413974,6.627981174155927,0.5388334330591122,-0.7976992897428958,1.1386343261772498,-0.39220967653983574,0
-2.3319378043957735,1.8224889322931013,3.938645181637053,3.9537728942311707,-2.1108049327639833,-0.9351727881192541,1.1296029020179454,1
-2.7317932026114247,2.8782851419430013,5.865584535525528,3.8599299643519287,-2.1452203791255284,0.5374618102248366,nan,1
-3.5001303996488105,-0.4681196243362681,6.01026207327677,0.6148972796984926,-3.134811734925205,-1.2000594975535646,-0.050960826885538366,0
-1.808650400146485,2.0451813088732544,4.743249929916899,2.7457712816318613,-1.5586839451140038,-0.4018156538295253,1.4214488899014077,1
-2.012529424262894,3.3317708533746395,6.378315031023685,1.6170880798538916,-1.7682619094636352,nan,0.8709799335391145,1
-3.53227952627154,-4.523539593097563,-1.662922102513474,-0.4303619158162514,-3.157504102468061,-1.340694157477996,-0.7741171701031317,2
-1.648168455406048,4.073201794532634,2.937051882775579,4.167887719460403,-0.9496264863619419,0.14315860922057425,-0.127817514858459,1
-0.49620556431765916,1.3049391946253166,6.016769301352708,3.6256976770716998,-0.26132713791106427,-1.334986177579457,-0.07882657989595068,1
-1.1930776255837308,0.7220601085180085,4.788511973352131,-0.410735844175616,-1.2745938407758024,-0.13207385189623064,2.0982267912821877,0
-1.7519324030751897,1.7811969027456027,5.249177455504083,2.5981830567866258,-1.086618254107311,0.7149705704713175,-0.1047283311816228,1
-1.8346043534480088,1.5639325296173086,4.48736026799157,2.723621617337189,-1.5646838627222415,0.2727313007984344,0.8977381611380578,1
-2.869037069502017,2.2617074706057894,7.343598172051563,-0.5006207202355419,-2.4483002645445207,-0.556090740080535,nan,0
-2.617124370007876,-1.1193384598834757,6.579000008219417,1.502024424597529,-1.8960499675847435,-0.3006734836341841,-0.9123167814611451,0
-4.717426270535876,-1.4595714945573413,-2.7730644276841443,0.5751157072117212,-3.3165980987768795,-2.202369568532258,1.1674293952931656,2
-4.088361224645442,-0.3653754025814885,6.16745527867708,0.5551290674238099,-3.01296898087103,-0.10472406441266888,-1.5044732481741265,0
-3.5914011459431068,1.9648768419261016,6.044630409096806,1.2053361086960248,-2.8797576101471116,1.0590701578133468,0.5828482650013428,0
-1.6196381588205355,3.4019415929045547,6.577765970618011,4.117380227712754,-1.0533591139889338,0.9287760534185764,0.7510167367270643,1
-2.889238385014818,-2.6099335692556545,-1.128746915992887,1.316820542361369,-2.5088617891806817,-0.46009841926880823,0.002008166476516999,2
-3.995751844677203,3.029277665520922,5.850652104154522,2.397998430654428,-3.242436299557803,-0.24789532491376692,-0.15628031779609594,1
-4.934234068838432,-2.903465915772766,-1.1630830097778284,nan,-3.842464872794184,0.8523347892011804,-1.6583943820279572,2
-3.9706937861548104,-1.9891909389789246,-1.323866997762926,1.315777810362913,-2.974485363955969,0.044281315388651335,-0.23952767790743107,2
-2.27935632277188,0.9023128272405498,nan,3.822857033465233,-2.000540543867862,0.22448926045006615,-0.8719386351996571,1
-3.213209465728796,1.8109732049429241,6.768472926124426,-0.4534602261916853,-2.4731565005933676,0.3354030275622808,-1.4891025115183631,0
-2.700467104923145,-0.6155507097169656,6.379077312487901,-0.4722536182236727,-2.1404132004579135,-0.9970796310729169,1.685526199244897,0
-0.9306927575116116,-0.16788056322746914,5.198270567494365,2.4438537798873368,-0.7617421696085362,0.7002397116130723,nan,1
-1.6189399326267824,-2.671766829268323,-4.734362841406686,0.6027830687419701,-1.089395515691642,-0.4002232050947467,0.229300265196107,2
-2.389318033628914,0.29064035999884286,nan,0.35245455224889627,-1.4580039110742313,0.1318051162569882,-0.5383617380834023,0
-3.022054924488724,1.2137179831185234,5.976485328562336,5.263309691448924,-2.899683102051615,-0.37294066486880706,0.7592972554306057,1
-4.110362511047957,-3.2168510375445125,-2.3199313707702287,1.9614404236017235,-3.2373557453171196,-0.0678761943877317,-0.2702403776367362,2
-4.031383443984482,3.0204276759852364,1.9978822328768697,4.487471458873533,-3.567212613629896,0.41332444932220325,-1.3788367447531746,1
-3.173831583583886,3.337432396598836,5.129499653130194,3.570084136616829,-2.422550963415594,-0.05593878650723573,0.4091758050817722,1
-3.590406758881816,-3.8813919895997033,-3.680920534922771,1.8217154707737047,-2.768401643905186,0.6775164530703973,0.5212579164668186,2
-4.607539793356789,-0.8056856807146198,-2.7806885841767675,0.6000680630488813,-3.05141357520353,0.7910829548219079,1.857603974693163,2
-3.7460239927730123,1.136908896594838,7.669152194113421,-0.5502730970679663,-2.914545168417636,0.6300428862324942,1.4540817186353001,0
-4.310962578561238,-0.5395804397282257,3.7817888536215514,2.7875954385227786,-2.7316375696696147,1.2721935744550168,0.3619935281029705,0
-1.8588451833967827,3.1574281693695587,3.241234031044221,4.1720981186767645,-1.0829264998904145,-0.09696837989801822,-2.95349369327214,1
-3.9205197805649785,-3.649071043586103,-0.9793914904265508,0.6705525000615364,-2.813230272507508,1.8460882713827227,0.32633902313364876,2
-3.3590140514899414,-0.9079010879666085,-3.5533703414818594,4.259610785058122,-2.7145252066246255,0.02445815797315706,0.1483456806628162,2
-0.8969758923099439,2.719076378325104,4.65908730325874,2.259454563607031,-1.3318131013025871,0.037509265822594694,-0.0009101137869092161,1
-5.937789860726918,-3.657425586685523,-4.279380197348138,0.5014463760402675,-4.7895193429627705,0.5964209240186727,-0.11590086855741825,2
-0.3525639665652127,-0.19638692548964898,5.179251713321937,-0.5999489278807588,-0.2590549103551601,-0.19554046534556202,2.7816949334574406,0
-3.871372733479957,-0.8950968524918612,-0.4983250412843814,0.46600934039354247,-3.0209864860815836,-1.6499625954419257,1.5619972783642153,2
-2.6076281617647434,-1.5713781006316587,-2.0689476298550575,0.6732227627836425,-2.3170691593391752,-0.07217670025168592,-1.1022677009682944,2
-1.1876556506259792,2.1309723283238946,6.538743384929726,4.246436616556763,-0.6195771669670922,-2.8497923234045355,-0.9708491396882845,1
-2.0842203031068247,3.099409634285409,nan,2.347101654819946,-1.7621890267098095,nan,1.9578084819186428,1
-2.973660420319559,1.1547363153080243,4.860341088771448,-1.6874577643774338,-2.035915995684365,0.9345319990245181,-2.4521278465635525,0
-4.164796795131584,0.6190185677660738,5.073412231828974,2.7722142611761122,-2.571253024919349,0.5303244907862472,-0.014743070562280624,1
-1.723396035478447,3.7259212357524087,6.91585015682348,2.646532241069489,nan,0.8466470216661744,-1.2214777659436877,1
-2.811778448996981,-2.4625054606393664,-2.2034080583720175,1.3361728087671465,-2.1911591953467324,-1.0058050911532759,-0.7322483315432161,2
-6.3859868861646145,-3.0701460403933956,-3.568736500172425,0.6704517324861106,-4.868040358660785,1.591281358717863,1.7121299405789816,2
-2.0671332651730214,3.7535750251274913,6.484418085942274,3.3295659858367403,-1.4040066588699454,-0.15023121131592615,-0.22989852436348826,1
-2.895797832776772,-0.820269088971214,6.236322342582861,-0.5343866116793102,-2.2243960773326936,-1.303728145565364,-0.967392899441341,0
-1.2673702819851287,4.109737508912298,4.840987843681791,4.106116274449699,-1.0005534010718073,-0.35035228118774026,-0.05071610381519313,1
-5.270722364296013,3.55726849349371,5.002250804577989,4.9724961112661745,-4.135732864091236,0.6963698610304394,0.550161044872179,1
-2.315713136373641,0.06592461717180509,4.961757687643715,-0.08014414977725848,nan,0.9729579375091963,0.27969076083401845,0
-4.100300743236856,1.162759702033071,6.615977194443337,-0.331335496269837,-3.5359024919130615,0.6722582012827757,0.892978181217461,0
-0.7035221196193976,2.2088220219498425,5.05776566443213,0.9671485616256552,-0.8117320601356639,1.3100116508109931,-1.520376909693026,1
-2.211772359908189,0.47692333545878596,5.629562941126,-0.38404218022482034,-1.2648856798144803,1.1091390594813375,-1.8332616145325815,0
-2.6340711538556327,0.11097069176698271,4.509994381294105,-0.7450643076530592,-2.142377871510214,0.6868247248536108,0.7353562573048673,0
-3.8531044345387784,-2.3222521080206593,-2.743883314012335,1.0089975586423436,-3.215850959969985,0.3206845802078972,0.9109046197829695,2
-5.053711077949481,-1.8446561887016926,-1.4003635807017554,nan,-4.338601982648638,-0.41354169505457444,0.20140153386504103,2
-3.71305646928994,-5.986450993954552,-1.7799037227202623,1.140190118226183,-3.55726377306782,-1.248613844651412,1.8231871742892196,2
-3.163357811836544,-1.6062152854663116,6.934440589044046,-0.481869109984146,-2.4373846122167633,nan,-0.7120789602019778,0
-1.2376727891323602,3.682922890542093,5.828037510895983,3.3813653811684836,-0.8842733225381396,1.1201111793563934,0.8332424091156202,1
-2.8782030451419165,1.2688313028428835,5.048788447955884,1.5332035784294162,-2.4288710563786857,-1.2183207316853524,-1.43181578719739,1
-4.581399291041334,-3.3378164172804894,-1.8062488123375102,1.597404752632571,-3.8698915975648243,0.874728814796698,-0.7223349464797988,2
-1.590193394276922,-0.16931140748163975,4.622438183763369,1.9475668882063581,-1.6579530212186047,-1.2349637607474393,0.5560337846869292,1
-2.7428963942946982,-1.4799267823620341,6.749176900914841,2.3595333913033842,-1.9453401157457864,-1.5344021470519627,-0.6714901624750236,0
-4.243882004947397,-1.3768836235259414,-1.727240917229863,2.4240866334129674,-3.702650855289961,-0.63164203099396,-2.2286322850811464,2
-4.0979260415765175,-2.041680677127007,-3.481115684682482,0.7149852312686336,-2.7426735655418604,0.21175193739817147,-0.6704849769458349,2
-1.8002247435023777,1.1981539473159284,5.892913753166635,-0.8730221842890429,-1.4615486365791515,0.046247484302601644,-0.5458732452937451,0
-5.301569426983332,nan,-2.0566519306789957,0.9326195781112734,-4.48653009816746,0.0732928590579796,-1.3366953962207972,2
-2.9301407193595805,0.6020618634830621,6.075235321453053,0.040323570904042094,-2.0913838449669164,-1.5509186838408435,-0.8673459510854067,0
-5.082435957533224,-2.856161858850734,-3.2098852954636317,-0.0346667862714829,-4.037603572295524,0.05387543378431337,-1.4156814105332032,2
nan,3.6783464214360633,5.658370956290258,2.1949074924683667,-2.395355576115135,0.8542838305737459,-0.6508446326293565,1
-5.118768219552815,-2.8261565081585385,-2.033910372827608,0.12681961605498038,-4.315841841932037,0.5792082166634298,-0.4309142893614802,2
-0.1669445529492849,2.460610940462857,5.010517912376999,0.959540615305158,-0.1671241648313224,-0.09853286726740246,-1.4807251286309706,1
-5.50330121762662,-2.942496393656473,-1.6865630861554028,1.4828356018120763,-4.595316032169615,-1.1800035222948395,-0.0858483945899108,2
-2.679337857454393,1.1902837139250988,5.703293132630782,3.8947568090732534,-1.694960206326059,0.6522646317738746,0.4779511998694983,1
-3.0179650716556545,3.2877432104294817,4.0124380019132975,3.744824474524375,-2.622150618785458,-0.24337360337006111,0.2638216391235857,1
-3.1630549248569215,1.9107121430193008,4.202624223955284,2.749248176317849,-2.734530955267324,-0.5584407258711724,-0.9174924002913605,1
-3.3771389748466514,1.9930783969020158,3.9263381356178746,4.999934785279759,-3.1255534411944073,1.2557287526115155,-0.38481381965969264,1
-2.8361089794936314,-3.1240518191412896,-2.414192596988308,-0.2567787858912648,-2.5715778087706718,0.6527792518340021,1.2672013762009824,2
-4.085446806112341,1.1961208973750426,4.745798437008912,-0.6671689923734347,-2.7946082284225318,-1.7565273352596682,-0.472168617650001,0
-1.6959547768164827,1.3291741236615346,4.605239563869559,2.102027617528039,-1.523401815231654,1.896793796816855,-0.3316040656684942,1
-3.721643992619856,-3.9464179991907233,-2.9381372351033996,2.167735700292011,-2.551737731648075,-0.5810780318730535,0.4645309943009065,2
-1.0161940142866053,-0.3979195766834268,4.9035247780850035,0.05664461066301418,-0.822602077079277,-0.44381684920414677,-1.4783512357107802,0
-3.975753031157957,-3.262615563434628,-1.475942891063782,1.268240724690017,-3.551226807434517,0.06260829552297605,-0.4835405660571856,2
-1.0062544550506685,1.5577742589466448,nan,0.27621754775425883,nan,-0.6664777549832316,0.7040853148873537,0
-0.6818372134156442,1.9973017048502204,7.419422138784173,3.6379461788082237,-0.28109221592985995,-0.5896768667063029,0.18369720697327588,1
-2.8526245748166845,1.021291691517421,6.794703368155563,0.5162701817190827,-1.8321959434308375,1.0476018254170774,nan,0
-3.0164950361913654,-3.200347242209469,-1.8708154150853842,0.06037082355889034,-2.3707703497420414,-1.3377984808505503,0.30332057075341917,2
-2.2535680912345986,0.9124450066666698,7.262726041318209,-0.0418159023403612,-1.472888902536768,1.0314508993295877,1.0970777528664233,0
-1.6043985287804905,-3.302994172232556,-2.409097151602757,-0.2563903770812007,-1.1548270130561527,-1.6346066910759067,0.16908733489116928,2
-1.5409049150841647,0.32081632089235523,5.961316223968584,0.06367694203733126,-0.9553142913993863,1.7181727560201911,-1.1810246355210676,0
-4.368266578532633,-3.6532852413753503,-2.2483849885932625,-0.19666933920246754,-3.747154119567995,4.731957688635529,1.217498011191422,2
-3.74858145027357,-3.1294321326301953,nan,1.1500388048381196,-3.2053972692131634,1.1764451894602912,0.7377584889671255,2
-1.8643443418470453,2.21167021283897,6.01451110796109,4.682168426188588,-1.749233135071157,-0.7560038811428308,-0.04562979872887387,1
-3.385736193386238,-2.54676953172339,-4.276577084828786,0.5950609611134433,nan,0.9758432767395137,-0.7903991499582986,2
-2.661382335023969,-2.9883344842182122,-2.736769623662463,1.0059810529056796,-1.6257952576099295,-1.3692533529993451,1.269165738812938,2
-3.1865436620708807,0.8933817750461617,5.865373485392906,1.284909667049339,-2.5671902059784846,-1.6428362043756966,0.013152523674337698,0
-2.9564987607279165,1.2079181859707626,6.717097297119725,2.3543001056176025,-2.4102853281498873,1.699843650884921,0.35126579726522067,1
-3.6229072560092748,-4.225083822861699,-2.8454467852704837,-0.3279306978834903,-2.8724669643020264,0.7451996686419872,0.4458055984850985,2
-4.887243787031425,-4.487856966705089,-2.0276170285762003,1.1085056773759394,-3.7419901212079907,1.035596314426415,0.8290134184181315,2
-2.1455125211970145,1.1144990924681961,7.784189752642555,-0.36918714393603447,-1.3436652534101117,0.5283739193810267,0.8785713352870386,0
-3.0497849319149486,0.8797401964138185,5.8425468393496836,0.9739521395977377,-2.770044735562027,0.6099723140290398,-0.23621885410042898,0
-2.773878036507741,2.1680808376242755,6.373649577655308,1.807188623818318,-2.622608132417079,-0.29998850122081483,0.459127060369302,1
-4.07388115484438,-1.609341123320955,-3.7933241942648723,1.7458978314327318,-3.4336722390610985,0.3618839893935243,-0.451035389123813,2
-3.6206178940574505,0.8787700862605133,7.078684718985171,1.258862155073739,-2.764409662834187,-0.26426931035477447,-1.8172976435154868,0
-3.971789094958717,0.450637611621983,3.8508788306234782,3.5870740781242905,-3.4454617086432022,-0.4300484674944345,-0.008141396960588377,1
-5.131072338957463,-2.7860529059335297,-2.381498607767237,0.9241579979296682,-4.316598989494831,0.49994118925941555,0.21606773308237726,2
-3.107416075826421,-0.12753926773228585,6.824209458329941,-0.5270639795704632,-2.5145520957469283,0.42560225042780747,-1.7255213343251004,0
-3.1166837716406777,4.282353217295536,5.608051240939776,3.6001675044898436,-3.287304126632855,-1.0921408752399882,nan,1
-2.439492719046941,-0.2627701772137069,5.410831457990033,0.3237927766391478,-2.0845874105199886,-0.13431576875653992,0.6990731439265555,0
-1.2662653961979387,2.7515182356944896,5.16826631643406,2.9047745264296854,-0.6883220156266296,0.7940713391554135,-0.46923701532555695,1
-4.31001734383521,-2.8137001748435404,-1.7210079967467529,0.7403976546058109,-3.2641461343499136,-0.003250921944742886,2.118636943986473,2
-4.705416198204935,-3.0535117781683336,-3.241971174756737,1.120363880218608,-3.830992489907582,0.7494785297865828,-1.2207353148700724,2
-1.1649948590479853,1.0345974440758559,6.976221111931308,0.12720786466209527,-0.9658560731576523,0.2592793587537938,-0.986721397767096,0
-2.185891014668434,2.5656320394236687,5.798435569339894,3.221452970005478,-1.3952071743761432,1.2230737537780607,0.03831189592547711,1
-4.068427524763064,-3.180081827927606,-2.654174711206727,1.397389185469689,-3.1458996022326895,0.7545597276186005,-0.49350954980159023,2
-4.589781103355372,-3.9432512729735514,-1.1835805637267494,0.7267275727903947,-3.7314850055500166,0.3859199025540969,0.6095843110121303,2
-4.066945548542334,2.384308829403086,4.809706075741869,4.159127615625115,-3.495599121425703,-0.3639995593022946,-0.06225559470870442,1
-3.447143029829477,0.5795379528062432,8.218435958473087,0.6305403680938968,-3.1205559164921066,0.17101153340024816,0.2019795165301214,0
-4.539235951211859,-4.0887856618952965,-1.9075613598649435,3.046729048046999,-3.6503409635462436,-0.024090947702846362,0.4030091718409334,2
-3.0654486453546115,2.6685222747806576,3.654763176588043,3.8900054740910015,-2.7097108447339617,0.2666391796283547,0.042969697573709116,1
-4.387158784243333,0.9690644080504416,6.870623909916459,1.0984203228542746,-3.0465559406708946,0.2541309277359705,0.8078651680451694,0
-4.4729093211839945,-4.701415995811331,-1.2570901876717622,3.267223740450753,-3.061761703831848,-0.21616346091141908,1.5012324912573796,2
-3.039823808403042,2.9408746439512825,4.014022944335809,3.4112107186607505,-2.390223404049337,2.175207299343438,-0.17618164248609833,1
-6.626736825060308,-2.9667227243978633,-2.5506996686883694,-0.4374542240449607,-5.15478473696161,2.5844019701417116,-1.689292134470439,2
-2.0325228012543524,3.4033645819620926,4.218699636712747,3.4121834549133325,-1.163593591747725,-0.10466144480572392,-0.4299656295804153,1
-5.456397601250021,-3.1068186291140023,-3.2442033850591154,1.0116144933901006,-4.472811801450333,0.6324481490850667,0.09653742788330542,2
-2.754714330637522,4.125289647843084,5.942288644131748,2.1784809068862363,-2.081997152477337,-0.19238327179457548,0.7952084167866559,1
-1.3224774112142712,1.574817163281009,5.897789145509448,2.4097437660115077,-0.9544214892151556,1.3472128423475676,1.3296807362011198,1
-0.9040845647734889,3.7944367437784976,4.702478472812065,4.256748714157979,-0.9899056329380927,-0.9064871079584563,0.029196588268700276,1
-2.8670512112217073,1.2483621380705214,6.616088001720737,3.2384318949306583,-1.785085254216363,-0.24292768145325722,-0.010821702565169048,1
-3.5443645046218064,-1.9509690274668352,-1.6522598016854155,1.7596010169758136,-2.841335541940705,1.503259410237316,-0.4280412830783022,2
-4.9894985363168605,-2.6852142259661065,-3.5910479213590105,2.039605495773518,-3.3082985565921605,-0.7988144471361536,-0.4763270126578897,2
-3.4087048830676228,0.4374075197940979,5.810038126271719,-0.33874032581489594,nan,-1.2095571248239727,nan,0
-3.290180691457597,3.3850480004212713,6.703579243791663,4.139454245204579,-2.433667896536272,2.3061352121848095,-1.2833733806379886,1
-2.0072987264433357,0.06544784803124115,7.831784730455919,-0.6547316860259367,-2.1299567239967603,-0.7435602383094777,1.809572812065731,0
-6.073641347162613,nan,-3.6457470424324496,nan,-4.466856768467498,0.27344524706413903,0.5577874005295707,2
-2.9549179535931653,0.6896022245663963,7.084938447605005,-1.2727477232132738,-2.752758443288486,0.7081225966891933,-0.19933357884505162,0
-5.043421531043431,-1.5869164892606045,-1.571064469939991,1.3862335501003646,-3.4882393025378464,0.3572025802073127,0.5149720087771508,2
-2.9712201343992817,0.9529427752465289,4.481240521350111,-0.14394547179738376,-2.3160169121900274,1.3904767991368834,0.5648512079109721,0
-2.9512523982607317,1.0153779001792738,6.76128034671064,-0.8294551016042038,-2.3004228680473284,0.16998537545497255,-0.27009642735157796,0
-3.3790045027518145,0.6637596945718838,4.830465915826313,-2.0541600284906343,-2.699310176245211,-1.0557938533695346,0.24907717357688164,0
-2.856851232684341,1.3479475737300157,6.340424429603809,-0.005658732694530988,-2.883319576978454,-1.5098405469118705,-0.2668344378914434,0
-2.2132003879698474,-2.6748299422626536,-0.5016426400440201,1.8521223836449106,-1.632758429756851,-0.4164397647812665,-0.892009123693954,2
-2.594479082144451,-3.9795677428908363,-1.4577839155902899,-0.7869817135222928,-2.096526203083727,0.4499971994093832,-1.462235519937404,2
-4.586653306807538,-4.940470823316846,-3.3180725323191727,-0.21002597067236828,-3.709792527848424,-2.397629441148667,1.4397294996298498,2
-1.9141471007989086,0.2928701220221036,5.975212123729592,1.0766219988943655,-1.5836510852026,0.213213516816517,1.375960343888396,0
-3.346920174822204,1.7093488729813573,5.2216015705408765,2.8045100400671683,-2.3286157401852967,-1.2496215800725365,1.148707815530892,1
-4.386169687341508,-2.704521683109416,-1.5741592924731396,1.5434383579513224,-3.2718592397358854,1.8630409760087951,1.0690193174316438,2
-5.617018373834936,-3.0615922391534687,-3.0496585336605717,-0.1721558414912775,-4.0497221106389,0.03470924418938857,0.07534527841260029,2
0.32905269457299013,-0.7416965388786446,5.613720045261657,1.4078340721715434,0.22126198011808376,-0.40881488001137967,0.40159472433130033,0
-3.36225773709503,2.337836616201624,7.471136246326363,1.0918969371727674,-2.6792123632847327,-0.24548594345484162,-1.4307383507896498,0
-3.138366154325044,-1.909182483748321,-3.866689624152192,0.49425519403519347,-2.674620730062781,1.6158298145273728,1.393345126068443,2
-2.575921187267462,2.1413492346468534,6.0570648685691175,-0.4360069914077688,-2.167177545146714,2.6245429881083298,-0.037396069545457884,0
-3.1778349876818397,2.580996722074588,4.746735269566816,2.6783692023371892,-2.609211021331359,0.48573862954951125,0.6360576921081423,1
-2.518655883553169,2.5758773803721655,5.403870131842967,3.2475533568172876,-2.2013728856743033,-0.9167991098933779,-1.2042631952817733,1
-4.4625088532829515,-1.0078710128941197,-2.2277570861193303,1.177905394406889,-3.174836702963217,0.19572220780856345,-0.17851145839914828,2
-2.928023671778849,-5.3805408230712874,nan,0.5711183063748733,-3.1981482964211976,-1.419276558455489,0.41206993728467317,2
-2.397747518867693,-0.38710291531193175,6.149770643688776,0.36646671577976303,-2.0339850710241003,-0.4245625406819879,0.39011616532829696,0
-3.985223807275902,-0.1088234517795369,7.554044958403866,-0.5208819500237094,-2.943785067326912,0.8997943500187361,-1.5213105490094734,0
-2.5053628916030903,1.8643207127106085,5.619403587596127,2.507991071790253,-2.0855412995443414,-0.5036555686579413,0.9890238094931654,1
-3.2210361420021814,-3.0497494627451625,-3.009634850594388,0.057254715131517364,-2.601362221508196,-0.06353106657293413,1.2808708545722978,2
-4.639588057052221,-4.7480077622866474,-2.8566662839718346,0.8963528349042902,-3.9675063684448983,1.2268305361349054,-2.7219836320641355,2
-2.5832279386429673,1.7704919874759786,4.268009044391623,3.5715855015482365,-1.6144985693950769,-0.2250860814992853,-1.3825869763196224,1
-3.5047877944852823,-3.5256009952736393,-1.842421249518559,2.0236427384749054,-2.2375922052741997,-0.46423895752901945,0.40494468171747056,2
-4.834219145698808,-3.1263097688591976,-1.5531720554560853,-0.5096773764423671,-4.135229221773654,-0.0195319841520038,-0.29294870964930586,2
-4.472004811697308,-2.3799406004716177,-3.0115064270716956,2.0722931702777134,-3.8535293213869046,-1.2901158993130157,-0.1484695210324405,2
-2.6863203115181644,2.597469249279107,4.20073224226928,3.6373214566617302,-2.187477547353826,-0.5919863564412002,nan,1
-3.7870538513789698,-0.12671431462585214,6.321319039227983,1.9078913753920002,-2.801658596520008,-0.13308933313603566,0.5247836773895869,0
-3.786224683383305,-0.07265878160900585,5.9576285701648395,-1.5877723724194037,-3.475955921941908,1.4396259571965082,0.6260479738937992,0
-3.3025152391541446,-2.456846223122657,-4.4496881261894865,1.321914720321905,-2.5077564226133826,-1.3626017467459637,-1.8662270761763258,2
-5.9559811802097,-2.7146374614395086,-1.298415773499058,-0.3547409477083737,-4.693392560406089,-0.08606167600403346,0.09608905326226953,2
-4.4593638222797605,-3.811342225507932,-4.442461289715306,-0.7965517774751171,-4.133338578704244,-0.39030052534851845,-0.3628929616147071,2
-2.5580014449041597,-0.5495822508400269,6.520862356118775,0.8932040805644383,-2.054305051535594,-1.721261538137318,-1.4450898428545857,0
-3.064597375853659,2.359704381893783,6.914069925143998,2.8588454884214394,-2.460534823412272,0.0956775589581176,-0.34144506148058257,1
-4.299715357645419,-2.508468182034728,nan,3.4034160802254694,-3.7735298237447736,-0.20192980673041577,-0.22107969650382092,2
-2.93322597839985,1.6003995981400063,4.502141356767487,-0.7306287468511927,-2.6419990772828847,-1.5104806405060498,0.026580932270620014,0
-2.3222561121026666,3.4199937813177588,4.974989095778861,3.756034984872451,-1.863050569426811,0.8700603230238325,-0.6015249771884609,1
-2.605752039871085,0.5522896197250995,5.2671129103660785,0.7760970056519543,-1.9191359309156621,-0.3671153702647909,-0.05790780539234204,0
-0.18875572382150485,1.7785553401390568,5.370339660001567,1.1399550398327407,0.3392590340037902,1.5090981695602261,-1.0017567973253496,1
-5.043643428213007,-2.0954350867967815,-2.7551808158696374,-0.08978512761724555,-4.00650905782178,0.6953395342279658,-0.1113423243130852,2
-1.6368080112360963,0.19061854631001007,5.643280937213474,0.7145369515326168,-1.680038082557072,-2.554806183796253,0.14651054790229057,0
-1.6819291485245755,1.0678625482752067,5.898132796990533,0.8621563993632773,-1.3012667792534822,0.3478087380552454,0.12431165291314716,1
-1.5424759502011467,-1.1001738488556314,6.922364429376975,0.05007927510838761,-1.2953107916616209,0.194257660853566,0.07183541021308691,0
nan,-2.058355019341003,-1.4578373869434118,0.0945461711954555,-2.4788568824120776,0.7259119313306733,-0.45944920856576343,2
-5.251613501558777,-3.0884384364820585,-0.23887290047605722,-0.034629583170697975,-4.568718578815524,-0.48387796411906764,1.2496463115884855,2
-4.123723547986997,-2.4657571080788725,-1.267387041553578,-1.0994230670935967,-3.517401953200563,0.2624824025278112,0.36003852301772804,2
-1.518666449879222,-0.7400800208839805,6.360272643154751,-1.599810213077707,-1.0617566123989817,1.0965586752861138,1.4567359266316902,0
-5.573356204368844,-2.4818186990730524,-3.7740202071272564,1.314051313060808,-4.279091654237584,nan,-0.6818023415873945,2
nan,1.132128727068813,7.276585702503297,-0.3087025509584807,-2.610808166882757,1.2358308512790788,0.46005216774684515,0
-3.332635190741513,-5.419674029981638,-2.9481067467682203,1.6918732907647551,-2.9979781262766325,-0.12212007801673758,-1.3808482084342497,2
-1.960446437732672,0.7539256918054016,5.876472799366015,1.0663201302674132,-1.581802051935672,-0.2665293691397505,-0.6096220515823106,0
-2.170759998578546,2.646137002512223,5.553514308013465,3.5979534195534715,-1.9366977475507299,0.4759569366430316,0.1822043406485223,1
-2.440938215136457,-1.1467399424419242,6.763114756730557,0.0517111680972514,-2.066138530153315,0.1446538058515675,-0.019751913257467002,0
-4.6724190737498486,-0.02389956598390708,6.956837808059142,1.6918991275162398,-3.5444185713592056,0.3985205357073704,0.7042686258936478,0
-4.090063767545526,-4.4616039643692105,-1.2959828605107406,2.1481169063002317,-3.389721922008873,0.1902614134771478,0.004251906134195906,2
-2.699990705490003,-0.008593411643138982,5.8352400246010845,0.3634195836032516,-2.0880602053637776,0.09877215290660127,-0.13477440905166227,0
-1.7624570919119265,1.8212544879705608,4.214696038881468,4.163389474862892,-1.5996753602283666,1.5765690173733748,0.4337817185847792,1
-3.476854198370736,-2.6592273589609707,-3.0216232905214153,2.4708668016190094,-2.712855560809026,0.1577708858345266,1.1843448515194364,2
-3.7877580062782004,-2.9436495166747783,-2.972034543605027,1.7347570646023285,-3.467391398154173,-1.6095554922200732,0.18817338858137844,2
-2.685702939147912,1.5379165353232271,7.0553046683270795,0.8117906721396673,-2.4775574386162127,0.3547819289778623,-0.26021381519113557,1
-4.253459370682763,-2.770404679827637,-1.4290090989940392,2.385944913877996,-3.686405577720328,-0.1475632261883782,0.40125465729184934,2
-3.8470367432122075,-2.450514299790052,-1.9461511725267335,1.2646970767698895,-2.907244607320779,0.779363415660059,-0.5989652414532497,2
-1.3524024855563956,0.08309996538453357,nan,-0.28115391212141283,-1.557787421886408,0.036269272755608734,1.1153454948685413,0
-2.5169890751652866,0.012676917662245102,5.390142688813146,0.2840419836312095,-2.0593111809351754,-1.3407183194848609,-0.23019613853371618,0
-3.216467493558807,0.17530543958365608,5.627985298805788,1.4142663852343091,-2.25369447490942,0.17310602596174526,0.19551691041618666,0
-5.028324010180951,-3.5464330106325956,-2.03982564794074,0.5355435908035798,-3.9454763681607044,2.406591554969249,1.0944349826215458,2
-2.83665673738669,-3.3455596722593395,-2.1691677388588824,-0.488940633449353,-2.342637294493702,-0.34997156036175797,0.7280361434891404,2
-3.1191302024223946,0.37041028155132005,6.212987241942982,-0.3463713105028326,-2.451066156104106,0.7946244698659879,-0.3646257958586247,0
-0.43803499884453945,3.3099738329940678,6.495845953379185,3.2045202699013,-0.08389540234699189,1.5478637403258975,1.136473946797316,1
-1.1126894394240923,0.8455711783326691,4.683697506194313,3.6046441198265873,-1.1679484479871205,-0.7055812243205593,-2.1564811237373482,1
-4.638381001277119,-3.288798897146469,-1.5038342045608954,1.216735304838489,-3.0462811481672993,-1.5823206704687698,0.5676089528066637,2
-2.020511677730815,3.1401082926351194,5.672939638922881,3.2129307395689883,-1.1734583847809033,-2.6247586003391814,-0.2702155518575635,1
-4.510837438263411,-3.927972976006134,-2.9699744749987174,1.0797378302676148,-3.087209284590693,1.083781791381451,1.8387907488228694,2
-1.3972541975314812,0.38693539219249895,6.628960364984588,4.433280697064722,-1.884439640046739,-0.7601732865948829,0.33559124773098337,1
-3.0138973320594893,-2.6518523977799138,-3.5228646875462486,-0.6262231411981068,-2.5687193237390025,0.11028429775921209,-0.7258992316055061,2
-0.9028689372678214,-1.070668437960431,5.695172164467818,1.8101042603540545,-0.5761881245989784,0.8799956261795133,-0.7915791750130706,0
-4.643130761144684,-2.4936169025352037,-3.213413799633685,1.3994157895630155,-3.4432958595866747,-0.5473717461097206,0.7041616746194563,2
nan,1.024906118602202,4.665293947210999,3.4191775544442358,-1.572930661320867,1.5298931786684218,-0.8884762938914871,1
-0.633158966702909,2.137067410553521,5.519062109816717,3.749454045699225,0.3938879897643254,2.075055885172856,1.0103616790678023,1
nan,-3.5320827246169664,-3.688360864744685,0.316196609166301,-3.013138167232711,-1.57342212146083,-1.8915444198849722,2
-3.43229858979447,2.032887646235457,4.975764846983134,2.5438024578566467,-2.318938444333642,1.5805630120248324,1.2987026216657542,1
-3.133538763630463,0.7708817169163495,6.663504004937478,nan,-2.192152820230441,0.7883397745813144,-0.6765233142662372,0
-1.7383144947279985,0.634738753880327,5.159093650502932,-1.213988007678612,-1.1169428994239285,-0.6568317746071766,1.4659887613424083,0
-1.370937831508014,-2.0265171575660457,5.6413078429834265,-0.6247421250142329,-1.3465244485220904,-0.3242464133126442,0.3384487406278931,0
-2.8937766925241455,0.6870762679080287,5.798397401698786,-0.10295768517460663,-2.0293065138946838,0.3692919591469705,1.4194810060897498,0
-1.3978206242149684,3.343299096493408,5.570298610035783,3.3183019421812374,-1.0718875883909675,-0.30174453672651824,0.8055570418458953,1
-2.9507157030400304,2.226802417459715,5.282496422595916,3.968516337907865,-2.739849407186937,1.4278580496009214,-1.299883947630518,1
-2.595551274975392,-1.8035481208469588,6.1989550985650625,-0.4533743764825504,-2.1285821846190216,-0.03991281049704921,-0.9253247706804345,0
-1.2854868616705377,0.6935476860108258,7.567660333029721,-3.4751448820478923,-0.7214373199827204,-0.8259678691866745,1.7428217755977269,0
-1.2651501331007675,0.6855026064207108,6.828238217904129,1.0946830498567566,-0.9300325850163893,-1.4291756375234526,-0.23688856559391672,0
-2.033963839635597,0.9897618288856855,5.618347074205287,2.1794591997275052,nan,-0.5820408914806154,1.5576868468055018,1
-2.971571715929417,2.8259586475250495,4.792307869791694,3.159113065579441,-1.7450087498347568,-1.647969648555207,0.05891918723042632,1
-3.1937137807950116,0.7509114482311493,5.878889725632832,0.5317438046779333,-2.589823262385259,0.6256841167412213,-0.521701917753273,0
-5.783866138646287,-1.6336496269269443,-1.7465500102755382,0.011252878431022961,-4.540897887208645,0.38113436746132334,-0.3533866657021699,2
-0.7640354972832485,1.7667000421532113,5.832826001149942,2.62969051534281,-1.0666293439524983,0.6206676861621682,-0.30376236047893,1
-4.106987222517317,-1.342040233207737,-2.093930921341056,0.3356069491712588,-3.30316907552675,1.1784857192689786,1.5998694156255833,2
-5.948572349596729,nan,-3.7207293082678667,-0.15279485382539348,-4.4735752316992725,-1.715563499172493,0.0055261433089027505,2
-2.00116236601379,4.711531932545616,6.4526922321289355,3.0901802532251272,-1.2343013931331355,0.7059121033366401,1.6691764161294345,1
-1.8623482238758662,-0.19969986273200224,5.333063845344993,0.9859024222441513,-1.7336481397820849,nan,-0.7207876493076374,0
-2.2690763921279644,1.2706938313422997,6.66207075184478,0.5668246912627422,-1.591238606637619,-0.36228571691043543,-1.1705853871024248,0
-2.6594286144388497,0.31330901725693205,5.580011020559064,0.4874449831162699,-1.9923140939471233,1.7984875468026624,-0.445817031849143,0
-4.002509428565334,1.3199078284915289,6.089576403248902,0.36711985615715076,-2.8111854654465063,0.6079912932838175,-0.04449209828442768,0
-4.524023519031773,-2.3733605168558976,-2.7293953273878766,0.9773970998877257,-3.192530815434091,0.3980881414553693,-0.7894456632167346,2
-1.677678218746792,0.6860912777395387,4.802649752423901,2.9595290968876293,-1.117672830565981,0.3782111636011071,0.47108403039326385,1
-2.164025602641622,3.2997183934846976,6.665739410698254,3.4787409866396413,-1.886879870604338,0.3646524442896538,1.2559083544719876,1
-0.609566246157542,1.285881189898175,6.089545311885372,-1.6431688450427504,-0.40573016284844465,1.584974489517268,1.2092488859438846,0
-3.411085323089069,3.6626558086456296,5.295470454065164,3.1363763519390337,-2.70414634048878,-0.4566150152012295,0.403530474200364,1
-4.3738020099969495,-3.4708456609317597,-2.401061759168196,0.5217393212592073,-3.4500555556606702,-0.8447744639253627,0.7980370802613157,2
-0.7475027503754986,1.4342718984804668,4.747773970570085,3.2275466694848043,-1.0669698973972166,-0.06214161097505685,0.93440548716957,1
-2.6057709366797885,3.493807556911703,3.86859058273987,3.971917521650225,-1.992506938571402,1.0224996449236223,-0.7655915955472492,1
-2.2130759216972833,1.6854000598552585,5.300517244257073,-1.0248010506870946,-2.013707557565135,0.8882949880105526,-0.8021236294787526,0
-1.904841343732342,3.3394058547687657,5.236254049020547,3.1178459577272637,-1.57360117677164,0.4590028157421869,1.1377490317900048,1
-1.8068503866643915,0.39876697742621664,5.863025002898928,-0.7473090456770468,-1.5574562328140136,1.3223472794601836,1.987970226244839,0
-4.467173052745298,-2.201026272528643,-2.8969417989423403,1.0413426067702314,-3.223835441442185,0.40353075521719795,-0.17026033003671337,2
-3.209772580417854,-0.806654244155509,5.982806785674726,-1.0488336707799653,-2.720229613298241,0.5963719095078025,-0.7212164903582662,0
-1.0231070959809512,2.0789263645792264,4.872155769769043,4.000327466845334,-0.9604559817825287,-0.31932900154563415,1.8783772066890623,1
-3.093307414388968,0.4598635531070207,7.412265566263812,1.9061446547506244,-2.9750801331941625,-0.7280705378946506,0.32339287046587833,0
-3.635133799803154,3.225848510089581,4.716127507622435,3.353538438400805,-2.717160723115654,-0.16975731717905315,-0.5657143301687018,1
-2.3142329963367456,3.721787426443645,4.392834847250998,3.7161320092632213,-1.3728442808636934,0.31678848413612387,-0.08923540286690011,1
-5.073788761598612,-1.7067974501776941,-1.5330568344509232,0.30024005502874596,-3.71877382247978,-1.626355980018635,0.6326408011195528,2
-2.8933458894182245,-0.07460851333154006,6.5107776646060715,-0.7067370466680911,-1.9769918905740549,-0.23282097122844372,1.785927379706744,0
-1.1572101797213548,1.845962960561781,4.896112001003586,3.04455591763556,-0.6390724932747309,0.6679983152472919,-1.8626307079662985,1
-3.094334879781689,-1.0959038578680547,7.754590591357928,-0.9819822384601637,-2.2614229362170297,0.3395567610981522,-0.08886257092770586,0
-2.439674568997407,-0.17814954639859704,4.316770692193913,-0.17630402395211242,nan,0.3109966368127687,0.5133035350868467,0
-3.1969073764837384,1.212794025815179,5.154058902311376,3.1075576659673656,-2.1455576852884404,0.9123195385949173,0.6561309462292073,1
-2.477147784852646,3.5033101703424894,6.008824138254436,1.9802772669708095,-2.6041464941539045,1.483769107389015,0.2543522329827279,1
-3.869003090000607,-2.224947289757027,-2.1829703312374504,3.2149989360417255,-3.737374003823407,-0.6277741699652948,-0.2056119707123337,2
-3.847243469860021,-2.213266436133142,-3.0554648085293636,2.6464740758892575,-3.27753413580901,-0.20333373147886494,0.8667981017354718,2
-1.5750119805676612,-0.7174046171526579,3.8582942608423845,0.6309493006090032,-1.18394406891356,0.1559531628210368,1.8499528651058563,0
-3.4977874109967457,-0.20528453131409885,5.685108018492727,0.6608893551796047,-2.82391191469708,0.799491379677221,-0.13676066155368607,0
-2.469943971445649,1.9689016300863336,5.101022174385678,3.9069344393728986,-2.2392757811214175,-0.5660619104484755,-0.4807114691267835,1
-2.7482475728501807,3.1391199941850276,4.624426833081718,1.933493502440283,-2.5871356223209188,1.121440716435157,0.6331727567051211,1
-3.9597653805868394,1.631551678215855,5.6619894934551915,0.2211740207060851,-3.2879313460874973,0.9147949167157082,1.0962583418675835,0
-3.7148801732599743,-2.085406946961343,-2.382712320668923,1.66137797268045,-3.168818420794253,-0.22572989111054062,0.4682986773540607,2
-2.9146152674475005,1.082401766199671,6.3161851638788225,0.44373361435745134,-2.3334809794845977,-0.8787250295669121,0.12995098476618622,0
-3.026931654330065,-4.02436774922356,-2.843009491167388,0.44877292389107404,-2.544421372018137,-0.40202522255706086,-1.4207881273683685,2
-2.8207745996708162,-3.6351155753229003,-3.6100236759067257,1.717421028381805,-2.599895701633928,0.3222282164670293,0.7531485065703447,2
-4.353575703668547,-3.359043146284911,-3.1794492923899984,-0.1485613528798585,-3.5955826635208394,0.680831371148813,1.094280437804871,2
-3.523827915156621,4.304963571316769,6.288176826143862,2.3560247724534618,-2.662535382391819,-0.8446410736533954,1.0193834109819917,1
-2.967331170000339,-3.5671484522780146,-1.3927717149773358,1.0273825255323317,-1.6560922177773838,-0.40541612268701244,1.4764811870351167,2
-4.274424881509132,-3.070909769398484,-3.8488990548910866,0.8457830728557125,-3.3515830267475666,0.8403016829737332,-1.0913915575043316,2
-2.0202804430614503,2.74049269879898,5.418190814025378,4.1145538383910605,-1.2113867997648706,-0.7037117982447385,-1.0787103535395037,1
-3.454351485888731,-0.060192789076472075,5.650236771846813,0.7621805201688827,-2.897571774023307,1.1077639915807491,-1.234757517174128,0
-2.58172010586497,nan,6.95804705615633,2.093637334382903,-2.15643255232467,2.028443064083306,0.590041952014086,0
-0.9866011764379584,2.0068571626588145,5.979670151155344,2.58400457521077,-0.9083240878458747,-0.44292593560170646,2.520660110918757,1
-2.907004313142244,-0.06589085486674551,6.16153495449788,-0.1327074446346712,-2.2830022582802854,-0.3739709697266912,0.416012551983842,0
-3.308220588424405,3.099256398301501,6.857065116482261,4.102001791106767,-2.844101955314022,-1.323485475542392,-0.29373568615124124,1
-2.254852627715845,0.2120366771942378,6.079115518180831,-0.009274463409163547,-2.285850192228508,2.933994069475712,-0.3994514425514118,0
-1.7216453244058885,4.530363544487485,nan,1.8690027678863936,-1.2528160661572758,-2.0633855863932347,-0.5532006874659818,1
-1.6542706262270768,4.332796203588785,5.477882368328198,3.622364544807751,-1.3739815691404667,1.2117009456056522,0.1050964959253552,1
-5.268181621750924,-3.6817773448064814,-1.5859203398755752,-0.9166841159423323,-4.0752540447042565,1.2492841325374962,1.2175339733420638,2
-2.308960483572052,2.595783214553726,3.9739574078703237,3.3210333214884566,-1.940596051467906,-0.5354722662399956,0.5382126464261568,1
-2.203337582387249,2.0661283058412847,5.322792689356866,3.197037160642786,-2.0073600513986967,-0.14487865361461702,1.7443139652339483,1
-5.805481866594492,-3.607604660784669,-2.0104538276099047,2.2081691326271127,-4.937799562083146,0.5651346868610998,-1.0819405392620691,2
-1.933188299035561,-0.18520364999141348,8.965855969236465,-0.435028006588807,-1.2929226155489295,1.8515116895965882,0.45900655104553817,0
-3.3921013241584386,1.2942264844976925,6.499836599075253,1.4834533091215099,-2.6145515804538175,-0.3908843572504693,-0.7640995483324348,1
-3.4973643232254936,-3.9374178460220897,-1.0015351496758857,nan,-2.9698430131901916,-0.023506715217271514,nan,2
-3.9875149857306513,3.008279572983748,4.563438512041399,2.3088041384594,-3.3595867803358033,1.0411684602609785,0.2084993506702864,1
-2.294340877895657,1.3750477334667792,6.092153334771364,2.656991888985123,-1.7395089851986438,-1.4049823446660683,0.5687413627085603,1
-5.198915115291221,-4.951570165489751,-1.778228841492923,1.3127002531236986,-4.401036187461463,0.8352216970335349,-0.13493006658395526,2
-2.21146659522416,-0.9638496820088053,5.436403210234548,0.793233704676058,-1.846235867066802,1.6462751813473055,-0.6493615008371036,0
-2.736666870321956,1.6991835946788219,5.99823697948384,0.3526903842514802,-2.3883632768548577,nan,-0.6351056687544595,0
-3.00506572261331,2.2417331778314407,5.667964768884578,2.9870848452707994,-1.987195087986889,-0.6159074557325642,1.2754076098303373,1
-5.505280697163831,-2.8623490707992474,-2.5526337661496576,0.6735303633321099,-4.787743110389143,0.7000672971377638,2.326886274953837,2
-3.8200251687785025,-1.9318971348069693,7.586729562464541,-0.38357156779354584,-2.5150648721580477,-0.06491704243079431,-0.9869722761447167,0
-2.6532204435544076,0.9793653340280777,5.6878474726223684,-1.0800077617529464,-2.1726276212945645,-1.2166400240361188,-0.6258023759339648,0
-5.071689073611259,-1.7652691474047142,-2.587429248002834,1.1802666202510224,-4.2502626530122365,-1.0855041870690367,-0.5862323294204783,2
-3.0478391647461103,3.5345898324140257,6.158986282789063,1.8739663172071463,-2.3502803630054054,-0.4254391450099706,0.4553620775398709,1
-4.542148296731802,-1.6037544565419672,-2.151269102726781,1.1456546237098642,-3.2320782288022345,0.3473667575751078,-0.19268708732258039,2
-3.399683183134008,-3.380999157225431,-2.884253933983488,2.3746667553920804,-2.6336406750745507,1.5107016411387741,1.0702044802646216,2
-3.716436169412305,2.5013794400806337,5.149323061710955,3.3125685997718,-2.9878581613416224,-1.135137240741485,0.13827131373377305,1
-4.215292464356341,-1.7805186246076516,-1.252379269101364,0.19355240923549155,-3.424571354603087,0.7812342257144281,0.6214657838601418,2
-2.195280399238837,1.6891021479505621,nan,0.9185780048140193,-1.6409872498584852,-0.6342625708003042,-0.6874131436003585,0
-3.376956862684779,-0.020088526300573117,6.764738706275827,1.0077524543483036,-2.9757489887283164,0.01022699868759215,0.17974851963057542,0
-2.725465610730517,2.348365040353946,5.576437468833276,2.4157549567579117,-1.7739184764342113,1.5004160549208918,0.8813820059190559,1
-4.268098836571331,-3.154180241977458,-2.7470886953912896,0.6220091163904425,-3.212298155105475,0.9772836032472025,0.09199734863349136,2
-2.0705537310327724,2.953954227561178,6.4274103228356925,4.237657109537492,-1.4965987988000682,0.2701624734115546,0.7652501037655199,1
-3.0701346803124996,-0.016005867056562373,6.398978070692281,0.22501238835812093,-2.7834462652435024,-0.08582336901851745,0.7384435757718762,0
-3.5966152484791563,nan,-2.005229763963633,1.2871689153139594,-3.2975345614193854,0.8980236349841176,1.0956691193318766,2
nan,1.3617365207159513,5.249924268596778,3.066240023860603,-1.5759109271198117,-0.2772846857047833,0.20397341035969077,1
-1.2290622249821381,nan,3.077290014737467,2.2853199222864564,-0.4729232801047403,-2.249941109623807,0.08003982012383837,1
-2.89117176980166,0.9958753434312726,6.930383256482604,-1.7889089666196576,-2.7478556095313946,0.13578304732550603,-0.3388785227163174,0
-3.989963645079799,-3.9263762969132063,nan,1.5492005291690845,-3.353385136851894,-0.9985054187724525,-0.04283778749298143,2
-3.5399883312333262,-1.881039920816944,-1.0319866593446674,0.45016953788189895,-2.601232081101138,-1.5310145997692288,-0.31319084551635484,2
-4.628353999564833,1.8734247220345865,5.504149979878432,4.081400198174224,-3.5635053804064256,0.9077508392251363,-1.9583368515742987,1
-4.001459663575198,1.521749210644795,4.939725732332222,2.730668301748064,-3.1351641052045105,-0.32857545899514706,0.8457123081094022,1
-3.6092193910332675,0.24432303408835787,6.8597322612036775,0.6321336641460757,-2.8566687252318883,0.6820441366446445,-1.1850777137006496,0
-3.3732702506225594,-0.10785731221911876,6.421465639841844,0.06482954922811984,-2.613671002300298,-0.0779145094007554,-1.2158945951605484,0
-2.4677044646224813,3.0029596581934035,5.652530468967961,5.322426750614383,-1.6718436202245368,0.3599981362104681,nan,1
nan,0.29969690836928964,nan,1.539529998614874,-1.2281822451768052,nan,1.3608881397638377,0
nan,-2.399580345239083,-0.5601356561296151,1.2320679191805004,-4.165939469868392,-0.16107825530565317,-1.1490470598274616,2
-2.8752135055447634,-0.593616583345535,5.915186242888209,0.9900022104211927,-2.510006679190314,0.6225509638104624,0.5473720611907527,0
-2.6287085859060615,1.1591432519629743,7.860476204663793,-0.6338644277374978,nan,0.41373682909702336,-0.09279886870302052,0
-2.3209667947044648,2.948211256008881,5.451431870987115,0.9116217224094483,-1.527906917388785,0.3439471503084531,-1.5901087291503266,0
-2.2168323976906765,0.21253748657924176,5.987943249772206,-0.9999732839023727,-1.740330712945971,-0.9292560699466514,-1.3344334663721948,0
-0.9557564658447099,3.7007775545926993,4.824074552771966,4.000760669440168,-0.7981431431567008,-0.7403608525102988,0.42732247650333516,1
-3.193217017188471,-4.046102656706341,-4.3248476629867305,0.4126058766976465,-2.8221314395448993,-0.07584197211941184,-0.49644449050938094,2
-1.2333639983525155,3.2586182906959364,4.865892259252589,2.8101328881085816,-1.100837756821698,1.0544770235602101,-0.07835991804329175,1
-2.2219048076096866,1.1763443869123762,5.830803262823679,0.7958563266518288,-2.0444031358300263,-1.144805450536407,-0.20619345448774248,0
-2.4319628011327987,0.5783574695672051,4.447508796522531,1.2442088113513659,-2.2750413145972415,0.2010083805688129,0.12169242900083674,0
-1.819459274349752,1.7668794026362513,nan,3.1683638454434417,-1.1538073399052466,0.16628489667878826,0.36876350615243314,1
-3.041697980648525,-3.637755466054828,-2.8757263863610754,0.3739560932995668,-2.51570612308904,0.18745652746252595,-0.36863205529904747,2
-2.730433411312608,3.5195520856861378,3.6480966091100777,2.8478465198972507,-2.0384990002648102,-0.12900043876586126,-0.781853535447194,1
-4.128179447099114,-3.1394640605990833,-0.5345738574316359,1.1645461654109766,-4.008457732300011,1.468523292819287,0.08412823112382568,2
-4.382498066475902,1.364094824898745,4.743734103578192,3.1207723533880944,-3.24298880704628,-0.20015654361566937,1.1457658464206733,1
-4.550540192308111,-2.8674363948194754,-1.6647346039308515,0.4843187986696019,-3.7345350287672323,-2.5454460335948514,1.286026607829502,2
-3.2023285435413937,2.362817043453679,5.271382487862161,3.506983436082711,-2.3450229213079012,-0.28068394048329026,-0.7949821774341879,1
-2.3237013185120845,5.979969060749069,5.976782052763487,1.269426760928165,-1.5850037668053878,-1.5172768299021946,-2.7776681338145646,1
-5.3609094608540655,-3.6021472960047065,-1.807960413029156,0.28261547017736477,-4.107832252841371,-1.911775928320126,2.0767723658459727,2
-2.9062191882173343,0.7003216913414678,6.202319728602912,0.6341573016597926,-2.758728656572229,-0.6590387081730198,-1.219790907707919,0
-2.4052656657169402,3.1903794712231477,4.80496838998754,3.555645921972703,-2.081708377715007,-1.2673187661334373,-1.1104786007643006,1
-3.5486199948258204,1.668883267112446,7.695335914921453,-0.30716411515494896,-3.1278433883939054,-1.848324929246367,-0.5159953970539987,0
-2.7921995825216737,-1.1072431710095314,5.736375618545702,nan,-2.2024386950808226,0.710099076574246,1.1503426246107995,0
-2.920059586015619,-0.8234549521687041,7.123112235050095,0.05203436961524571,-2.299540290652067,0.8689547721650069,-1.0604292784440172,0
-4.315525671120697,1.4291605616741119,3.926607179619281,1.864397457986463,-3.8310410851543977,1.3225538231795806,-1.0837116798177155,1
-3.0801099358449857,-0.668394007920713,4.683780037299932,0.01813285526923697,-2.6093608562836357,-0.6946335398628555,0.8825851653526956,0
-3.280064127456465,-0.22290715293235752,5.151966614234955,-0.27607521304752525,-2.421417075634704,0.3356037673137665,1.5559065685850904,0
-3.0339710722312776,2.9085874937059493,4.878988322840903,3.218778530579708,-2.648323273707979,0.4835426399602377,1.6134327167647855,1
-0.7176297801316495,0.767864734939566,6.199578492149861,3.3017147133910827,0.04339068919637956,0.472016749616986,0.520244521661188,1
-1.382363501623434,2.969502762081677,5.847528468115444,5.408393931119765,-1.2453914868002676,-0.009123978175443219,1.1284986482687673,1
-3.8461968974593033,-5.210895134679391,-0.530587952529292,-0.08031742957721522,-3.0286890822958408,0.3531680235016148,-1.5755491004804247,2
-2.185465699403579,2.6337466188453975,5.659863475201233,3.556158994353804,-1.798277817060906,0.8855885755342542,1.476950479106334,1
-3.945521753064326,0.6252460756059055,4.120469676801208,1.4876157094714457,-2.863543917487726,-1.0902797078322262,0.006726524187606228,0
-4.051385304871912,nan,-2.7349013872976626,0.7865506606399304,-3.821704002744085,0.7367677400221709,1.0603879088669321,2
-2.1270806913285036,2.2254703455069507,5.519203483600041,1.7382363494648496,-1.9608557393382486,-1.1861330148577334,-0.4710701056433211,1
-3.16525471853027,-0.0669206805104291,5.928361401756091,-1.2417963337857856,-2.575271055892977,-0.3037664230554027,0.5791462427802092,0
-3.631028164043541,-2.1611990872515516,-1.7413548806370882,-0.07524259196374028,-2.7288351517579614,1.2964615363831145,0.11686185961711686,2
-2.1787983145951606,1.6312611845206695,3.720624455391941,4.693744834453506,-1.9776442070425335,1.5596796996035927,-1.171111113864036,1
-6.239150184515862,-2.7433985882441405,-1.843041030953904,-0.14921919470868217,-4.81684522034814,-1.8648505897933294,-1.7900900982878267,2
-2.124271105696436,1.133016290873048,4.96998930856018,3.025188026990175,-1.66724868124704,0.3703878528067357,-0.7972921661993083,1
-4.429067965925157,-3.949734703984552,-5.785369738209449,2.1780261561060503,-3.150532902794879,0.08422697333526079,0.2114527618576727,2
-4.128730482501569,nan,nan,1.6895749539524947,-3.2932470578162847,-0.19071197008133403,-1.2679855650986185,2
-3.9078881679969397,-3.796322514689752,-2.5802844120581505,-0.9467793686661036,-3.626205897251771,1.3404627657239665,0.6241463981860079,2
-2.4790199644633524,2.365723186109472,4.918883609071032,6.253715093790414,-1.7372097771262685,-0.1450739101075953,1.4063872138371285,1
-2.254440169031796,0.4527082507240473,6.7803322825375005,0.6001001619351436,nan,0.1299648708850332,-2.789127766630492,0
-2.4852068979351336,1.9107613582035339,5.869590997012114,2.6701960325184215,-2.0701481714050205,0.20514087811309842,0.03178581376113388,1
-2.029391512228466,2.493826120087695,4.149988954743478,4.119092008914174,-1.7762310078007217,-0.25327655370487967,0.25638174084451726,1
-3.494837968293127,-2.3568919359581613,-2.1537423570094805,0.5263496063606901,-3.0042032975131736,-1.735440697865513,0.7474391176099593,2
-4.498164799411772,-3.19138777632074,-2.213733565504449,2.0572812269501983,-4.013923596329402,-0.5411301823945894,-0.8639435909925242,2
-5.30257896021747,-2.1976780240062173,-3.4411827011592218,2.60652476514728,-4.542745316384797,-0.39581846708555546,-1.7819014797399293,2
-4.4904296256158585,-2.0486285705264895,-0.7004049454685248,0.13518955475908967,-3.4930060180518483,-0.025294384304536385,-0.20981545892028902,2
-2.7161434864377605,-0.19529701280165612,8.45247931073665,-1.039382589357326,-2.205651374622337,-0.8967938202958603,-1.0056929279748406,0
-3.9954676882911104,3.445188320951388,4.98719964554574,3.5729838711209942,-2.9439324200105075,-0.4004353751849367,0.32103258048379024,1
-4.878791423601419,-2.8817062016121477,-1.8981840009506972,1.4233490532550381,-3.885195015913451,-0.2768547885620183,-1.046804399999289,2
-0.8744921988533468,3.7352359781949005,6.06847117129303,3.4020570986335117,-0.8525166450669736,-0.7881536661103795,-1.7604248099432511,1
-3.0678711137214756,1.0671357284256557,6.343203542145862,0.32400438999671605,-2.6134700134926003,-0.5033715169837153,-1.0755447349253933,0
-1.208456230064705,1.716691922509883,4.868199065855132,2.1915289411907217,-0.8222465913073692,nan,0.13844391916143825,1
-2.28531697398345,2.7243969282049143,nan,2.427543136887514,-1.6465844369030656,-2.1480233652279317,0.7704004992910408,1
-4.670848102174259,-1.6136965265674705,-1.610988103065515,-0.5705374587113555,-3.554967201244934,1.1520657123075149,1.0662232495136534,2
-1.8512008558695512,3.548172622286495,6.422813496041884,4.021647934866575,-1.418047322166648,1.2663598030332603,0.9402664029648198,1
-2.2670852937237878,2.439083519536001,4.4655484831614,2.4808671350673226,-1.4892018807423173,-0.9205010103423066,nan,1
-4.069917238661601,-2.2113676403904856,-2.6502944358430915,2.9207167664356803,-3.5658644368576247,-0.8278597078161992,-0.5083192971680006,2
-3.774126828246935,-2.7574474042040444,-2.440717069383815,-1.1776533401450004,-3.028130908838876,-0.05876668428966003,-0.580665581229008,2
-2.0826277962794992,1.1062020292089851,4.247728414380395,1.3509646964516506,-2.452932538483082,-1.0667224692321087,0.3987506041946253,0
-5.0291962821104095,-3.4697208433572833,-1.8499139084440903,-0.3496809717180024,-4.346075476784536,1.3952789997624302,-0.1994642400755065,2
-1.985074648878408,1.7898633929835985,6.302504670219417,0.3462331561777022,-1.1092523743340623,-1.5116968174990857,2.1322725237904576,0
-2.1808659840035487,-2.7100098214548822,-1.7113156665512756,3.5568964549036064,-1.5019277222689493,-0.0012922802624378124,0.07888905217457612,2
-3.0864384559014346,2.651530009438795,6.5153670296634125,2.765544583451936,-2.5646080221290575,0.7935952287110407,-0.3844249940009525,1
-5.287293049168631,1.4896573661479446,5.654020358396667,4.318865328546231,-4.172863850356871,-0.41617169383631836,-0.8573498569989251,1
-1.9509659188474657,2.336010536699108,6.205830461839537,3.2430095635316194,-2.0819952688040693,-1.099476468181896,-0.007064594965426673,1
-1.2969420346430993,2.263342065892096,4.7081843085820045,4.038565480924074,-1.060882511052963,1.2497438536167413,-0.2730923419517028,1
-0.8301810082109555,1.1668038954523805,5.313173869357282,-0.1366845364086749,-0.8950143454181255,2.378352963879964,-0.8733917598069291,0
-3.565210386683679,2.032489102923262,5.2959123347332575,2.9536056797117234,-2.7722100810204697,-0.8057248981780465,-0.4527041585392884,1
-3.840716230322029,0.6112229594543088,6.017104947141923,1.7170522280089744,-3.024664413838328,1.2498948338436988,-0.4323508898279589,0
-3.485423448131515,-1.1966880587944382,4.815182364943679,1.64668113869524,-3.112556053504641,0.6166020946629285,0.007985162249765242,0
-3.303562230510753,2.4969949635761877,4.845959264352975,2.4269786034067846,-2.6421684534108554,1.4681923701335997,-2.6502345121808295,1
-1.6442927872352238,1.5935745566846287,nan,3.377104179441718,-1.27654889608536,1.4578275145872053,0.9745234836260793,1
-3.712649367745767,1.334537417036272,6.276458325033799,4.283126091303413,-2.931377999049834,-0.17379517806244132,-1.2142018048540502,1
-2.9243500150301265,4.006723809749572,5.7027214061240885,1.143749048004393,-2.4307642531701803,-0.10714210407172974,-2.3840965760230883,1
-1.6803735080044602,1.9491968088689373,4.209167580571652,3.0941126749800643,-2.052686222216783,-0.545995887109529,0.8022504315913538,1
-2.530640852709024,1.7255025888495634,8.368841876777719,0.4230339096484444,-1.5270859842541364,0.718447087926623,-1.0409470452658385,0
-2.8788551167549654,-2.576522709253233,-2.024864491004859,1.249753520168119,-1.8458646099654796,-0.606291009746562,-0.6926972513454344,2
-3.0239183432115273,2.6061356275599765,5.141592275588863,2.6900741463298687,-2.6989821856228335,1.914724176890095,-1.1650388539931127,1
-1.5110037334766746,0.167499304592441,5.715828524165821,1.8587617765703148,-1.2835340183055934,2.055863928211381,0.3927310229396847,0
-4.932660444891744,-3.57906194857894,-2.8306810067820742,2.70243751821249,-3.9919204916758217,1.1183739193988937,nan,2
-5.085641578736935,nan,-2.4832950353883727,-0.13228668235543772,-3.9297315040966647,nan,-0.07692293623938608,2
-3.3911680890822735,-2.9952357622433112,-0.2902539558565236,0.6752217191786982,-3.192375306830472,-0.26583754538041077,-0.3255578589001121,2
-1.1954510074988405,2.1954473441746662,4.450998514960588,2.542288198311092,-0.3575214741957289,0.3686667848919878,-0.39327718035759596,1
-5.116831933161026,-1.969222233365342,-2.363919938018781,-0.6715616919374153,-4.74917364861661,0.28862821045019665,-1.1896394497089413,2
nan,2.0681592511230025,5.370576309980416,2.4935067730953087,-1.8659095178551153,3.1576289311064367,-0.7982709052237456,1
0.23779074219382068,3.37905877318221,2.7813853812433686,4.412261345555022,0.11902951363911529,-1.065912075193342,-0.21726994137179156,1
-2.7555663899754195,1.0189293386844285,4.777552001833277,-1.6414858257912746,-2.2303203037796586,-0.18719269035048017,1.4519675041736972,0
-4.393229082962067,-4.0158605863044015,-0.4375344733829445,1.1443787096221882,-3.346068196532531,-0.7114078960321201,0.530013047190176,2
-2.240092835023828,0.9159412581722297,6.655845363815841,-0.12871915899744663,-1.9916534376426176,0.7461349055425125,-0.7985027928388142,0
-4.030085372263238,-0.09662837118918655,5.771668085638201,nan,-3.4025311857375513,-1.6814987323683577,0.5977257719204231,0
-5.0157242845789245,-0.25419269044048465,6.460559157665227,-0.058212745338556804,-4.2346004208883,-0.41668930908822766,-0.1246483570403501,0
-2.3220192021184682,3.349573107566543,5.830204378872018,nan,-2.2099378888745647,0.12164391068843262,0.8122056334985511,1
-3.3101433486292073,1.3004068132407007,5.932455152007826,0.03828023681278586,-2.597923603000018,-0.4721750838093042,-1.064295270397211,0
-3.6679757916913713,1.5566135715590868,nan,-0.7844563433994434,-3.2773198843344216,-0.43649151054206015,0.1775287022139369,0
-1.041469998679085,1.4956815583283745,6.73986939554787,-1.6950265906959687,-0.5883853244400336,-2.8191773963625044,0.058048153083765326,0
-3.1476656110308046,-2.030024000969921,-2.220875181591433,2.883655848069676,-2.461132524037092,-0.13676469250109557,1.387454073914906,2
-2.095940258568975,4.022226347572454,6.146521527363126,4.334780077252263,-1.8613923063370605,0.4405785671106578,-0.3357760671031827,1
-5.457670029406553,-2.589494978328804,-3.175010652357152,-0.424479340070811,-3.9023379867536097,0.029474633859340287,-0.5095257707123044,2
-5.492287606844117,0.5609230412945586,3.837608648658053,0.4831054854123121,-4.939646639072258,1.0180786635322772,0.5563887165347271,0
-1.3428182446148407,-0.7984890807199568,7.827348362820982,0.9912794240062996,-0.7873837725031737,-0.6314814899324604,0.8888467222760071,0
-3.458617186615648,1.12010367208187,5.906406879135747,2.5571904615115377,-2.883002240222263,-0.48619226972636126,-0.6004387190397582,1
-3.1114872987796316,-2.506584872405144,-2.7760478779277804,0.7568692925155505,-2.5244664172995175,1.212937576621329,-0.48636580838285026,2
-4.33249469282642,-2.3810220255788765,-0.46297879506517403,-0.011299858144764308,-3.118458660250653,1.4615627769425934,-1.3994416296139989,2
-3.5340202769818636,2.8761608904244262,4.836029679785804,1.4483325878366753,-2.932025745711048,-0.2619970358222531,-0.8731056363847689,1
-1.9286165036071972,1.733848531662239,4.1958415145432655,2.054702373160528,-0.9602099328290988,-0.5270302030201078,0.67774121473293,1
-3.9263140378413492,-4.228579186448595,-3.3331527804441996,0.5684511705922255,-3.237512105713808,0.6659527119584888,-0.13221794855030927,2
-2.6328629304047144,-2.8121621351835815,-2.5166726573779035,1.818796401875809,-1.8656150752294742,-1.5021423235261222,-0.8546842700038815,2
-2.5651438052238067,-4.447069018026267,-1.9087922219295608,1.910307482778948,-1.6721056160356187,0.2046543222758425,-0.1322516943482788,2
-4.861895093577862,1.0026811838859142,6.2830872278288545,0.472072114424179,-3.7824494143253267,1.2288011292247916,1.4050888602615164,0
-3.784500225401984,1.2637141069341442,5.364349617085067,0.08218508499999902,-2.7899941314729144,-0.05496904322695317,-0.46363356470293493,1
-2.0849347656229154,1.0026791712827872,5.021751562876933,1.4402898397051798,-1.7513113378630925,1.3549810272256513,-1.4824687132812013,0
-4.354636681359517,-3.813279187642668,-4.693553913262182,1.3632351521406787,-3.9673630865999927,0.5501441802914679,0.4829931623646952,2
-4.274824349168801,2.0126968426915575,4.835035065169891,5.4078470917492725,-3.1260979275724923,0.42954783615481695,-1.1385997629191336,1
-4.32449839948455,-2.7584594267708056,-0.6077994195770322,0.8863850462903562,-3.6829199943525284,0.6392013003730506,1.2553304206231728,2
-3.018253403333979,-0.08227970437542365,4.04727397273118,-0.7646913434906495,-2.4930415188908537,-0.01248988521390969,-0.8885965594867866,0
-3.1187659312695444,-2.5962199386942655,-2.885387835191098,0.4468549693708608,-2.467918994201242,-1.2495607252815366,0.9769341096614038,2
-4.034668341285286,3.7165374833456943,5.0998058868345115,4.2625273530010155,-3.471479727184998,0.48740517038494346,-0.5691297179014612,1
-1.2364174621533683,2.011384849109388,7.779882453415216,0.3211680018935423,-0.9500268255749664,-0.42318691786220375,-1.075778561942225,0
-5.468943079470797,-2.5831424501511906,-0.897764059929526,-0.6156974863312864,-4.197946559251095,0.2029603456924894,-1.155777745740796,2
-4.049338742329669,-3.4963266202136776,-1.933410532235775,1.1169915368589716,nan,-1.2935165332956589,-0.6299944143168631,2
-4.909000030589318,-1.717640754989576,-1.6263154998732061,0.3464404167092858,-4.077042377832458,-1.2747390766386697,2.829654150220098,2
-3.75298617723667,2.238291906894212,3.8928750038869078,3.6224178057557075,-3.2912807732127964,0.926586727556919,1.3589434174764177,1
-5.314985402636606,-4.051775571432652,-1.866075709155205,1.4680962732534588,-4.489029819302564,1.2391996473568325,-0.323476057402958,2
-2.052339361697624,1.6489421769370467,5.586760765895085,0.32144253369219106,-1.3421115779169026,-1.583466530454235,0.7874506240455749,0
-1.472469024966164,1.3043832573779746,5.482783245035497,0.42624046810341004,-1.1164426857074712,0.636980975149228,0.639882042324239,0
-0.22938785529769357,0.7874596951358179,6.353190871172525,-0.223110262408916,0.25040081451286084,0.8987702582422524,-0.509001345111949,0
nan,-0.0006369069865187482,5.0086830622233425,0.8662085060723499,-2.8356535747594935,0.5189484062296186,nan,0
-2.855875884637456,0.14744058930170334,4.090890468985213,-1.230698465790032,-2.493080686738259,2.4921928154144317,1.6733237023416054,0
-2.873350354367779,-1.8390592075086554,-4.478719131922849,1.8986663863411728,-2.9120054105871978,1.151842908374919,-0.8493897562769787,2
-3.9254662066961226,-4.877145607463479,-1.426549929269873,1.0885528236273747,-3.021158540891786,-1.716178646416776,1.288060313116767,2
-4.345229399702369,-3.83842014505971,-1.1354320999186995,-1.643247358068245,-3.07053437735579,1.5103705834466254,0.3980993712450354,2
-3.4616843231923435,4.814837139953355,4.490928303142839,2.395156875687188,-3.5140741672309326,-1.0973474911378032,-0.08796432363753322,1
-2.564028609996136,2.3524559833943486,6.268510146790641,1.8841541182052324,nan,-0.0508376769173588,0.48477753092609077,1
-3.5206053450212584,-0.4178177831895237,7.962109694286667,0.857694536634731,-3.4921471453796906,-0.1154029106620124,1.641825317773969,0
-1.0126967576889538,0.5012937499550238,4.381146219464598,4.200611855001623,-0.39949678937143157,-0.7883095846562559,0.7432081483854986,1
nan,2.016560083536981,5.119045189572664,3.4417632575279153,-2.498721505417101,-1.1439124709824646,-0.5404578934232955,1
-5.482306313397271,-3.3784724724593262,-3.416964707287329,1.3491234222232622,-4.84447566166896,2.0885196261758523,-0.21491157529875574,2
-1.5504144807163507,1.8324045465042351,7.997391195006348,-0.42352535086481824,-1.353936286268299,0.46707998905812836,0.7331136962000401,0
-2.4344384280062155,2.226845918018287,3.2267049054741004,0.14190513929539467,-1.567183862574685,1.5513239783319008,-0.9074657298138668,0
-3.4307823188721183,2.619485830335014,nan,3.2173503358818203,-2.4491420492912797,-1.2377140273343976,0.511524723467854,1
-2.922822757720988,1.244082776013861,5.939699283057634,0.6623806036557565,-2.5099530058943,-0.277907563183638,0.37657212027954023,0
-2.33915082390957,2.096408878065556,5.9036733915591,4.026407098374292,-1.7379447640660772,1.4608421618501042,0.38700938962770576,1
-3.3129327396819566,0.9317300546281941,6.784581643397698,0.22503689437766045,-2.194727253341535,-0.8588234025925241,0.6156063100687913,0
-4.833166159667149,-4.590417945093894,-1.266828769948058,0.4041487326304398,-3.7428844144088553,0.7380113709124495,0.1633187153805198,2
-2.6438195154297883,2.0362322361491145,3.826880995332788,3.560296697331841,-1.7278316768719981,0.8042786923711069,-0.0805890896139315,1
-2.5739554124230732,4.42745418751837,5.368565727712329,2.98106543720385,-1.6559940627274106,0.6368445670611014,0.18688043234156274,1
-2.465358159750114,-0.3792075586285629,5.7219975441140285,-0.49178191553717826,-1.6667936316741985,-1.189791107852036,-0.7696659223305913,0
-2.8027881235139263,-4.127895017060826,-1.2293581559827316,3.4779925972681034,-2.1747602431865065,1.1935719004564238,0.23658207379608942,2
-4.264355806506468,-3.0181777972742694,-2.782591287163099,1.3534310302015733,-3.542332280627862,-1.4599211419500082,0.07658681756448288,2
-1.8192701102620523,1.824883028089133,5.931434883774079,3.8808286107374386,-1.6059166021542286,2.4022444590069125,-0.9462007647178982,1
-2.602474723743525,3.0280140277367735,5.197611720651726,3.878559248393131,-2.08418794915706,1.13324006679827,1.5865782256518222,1
-2.7325391510911325,2.4541087956169214,5.159866876140541,3.4994657851017203,-2.2810794343642056,-0.6906699316499151,0.4562307999304161,1
-3.64986543874311,-0.25577491452368617,5.683346435769194,2.7916772303682524,-3.210323159164975,1.3467325603758522,0.5822281649774751,0
nan,0.5267990837001402,6.708544832446985,-0.7479900872891709,-1.4399309444217177,1.035092878034415,-0.2658109531883014,0
-4.0165959953929145,-4.572854078686388,-3.1250519613302017,0.8271513755384973,-3.2017271170623314,-0.7012499809884993,0.05009865674812338,2
-4.424357776697945,-2.9166912929140683,-1.8596877523875548,-0.1126037791896396,-3.712722097841171,0.5534057999294606,0.003803107447232731,2
-3.9428772287111444,-2.5267388109746496,-1.4430227479830362,-0.783815750781507,-3.8151622546176065,-0.21479608267924674,-1.3803816426746076,2
-3.071398351751043,-3.6258803166421254,-0.9818980847685685,2.2739262726373397,-2.695166237291503,0.44350080626570276,0.7369080410138442,2
-3.339836778959292,1.3614713357850088,nan,0.04091368621957664,-2.952754025353313,-1.665509087179322,1.738060381029272,0
-4.028299036181537,0.16590653107486208,5.717205353106065,-0.734350678941154,-3.5636326538800818,-0.5629859519635206,-0.40097426145657933,0
-2.346136732559575,3.4543285561285213,6.1393939148907934,2.131743366957834,-1.5605879305012949,-0.32879410560282707,0.7464283933172645,1
-2.860988999489573,2.1179443760800405,5.187395623346069,0.6506041388639843,-2.2769956664188955,0.668017415999261,0.20832941505956512,1
-0.3603119007557719,2.2595687176133668,5.220195553555492,4.833632384232374,-0.07911005333367016,-0.21493510365059243,1.8164207278858904,1
-1.9194232057622536,0.9718346052470979,3.4373623176195967,5.624456319776,-1.7536597044557436,-1.1225832727732832,-0.9041897558100342,1
-3.5426774437219786,0.2466419391873056,5.878416235185209,1.665603598441516,-2.5536735067407164,-0.9935407856732446,-0.038102776643582685,0
-3.181672632417394,-2.9808489607292996,-1.0633757791565577,1.5722776943499541,-2.7375405915562343,-0.3978400863323359,0.9395450506074723,2
-4.768817923841439,-3.624664295546463,-1.092855531567547,2.3383680432156826,-3.9535959978987636,-0.3392322842572209,-0.22409284727624687,2
-0.4507747452845067,2.8403854167782665,6.092129292594239,2.783206118431128,-0.5515031587040067,0.11942479655544751,0.03769644878949766,1
-1.712627976411591,2.802418360051818,5.377032984042191,3.386073604150961,-1.5618532713603028,0.45373294225939054,-0.6324476695783193,1
-2.1807570750460994,2.9459835587031717,nan,3.7360529950572134,-1.9877941343998733,nan,1.176268450793002,1
-2.9897787638428452,4.37842461111112,5.250646954667757,3.8612343209263735,-2.3663344039035947,-0.3802021685989835,-0.3971119369116018,1
-2.5547024714132442,2.6579531570761312,5.556940243646039,-1.793577168737855,-1.9037906894926042,-0.8451603203854829,-0.34282375799851567,0
-2.9128802752575504,2.5966134127517897,5.462757250612187,1.2223094161299817,-2.4029420617991177,1.4703233439883723,-0.6531735672101538,1
-1.2722815417071418,1.5734116511859129,4.593586029131429,3.712725376650789,nan,-0.26609199632912106,-0.17995673764651915,1
-3.3349525832148386,-3.3822578642857968,-2.3826417936163398,-0.09992241111414601,-2.756026915736923,2.20850945601486,2.1062952948687474,2
-5.431511573652953,-3.796579201182549,-0.21754628744762547,0.7643454893048407,-4.636766402286968,0.06074580485348768,1.073638359048956,2
-1.9386140689275542,0.08160898552785778,5.863425512752908,-1.4702167205556786,-1.8298481741289858,-2.203259449510893,-0.6017951347912003,0
-2.5307092321386344,0.025939577143015757,4.624086327778591,0.8153922761245738,-1.845973322204959,0.0959003169531685,-0.5887297443326558,0
-4.473304939538915,-4.241026831144235,-3.2043858021765717,1.3471276517071715,-3.747181446259148,-1.6837752486171973,0.035832094777344385,2
-4.856048099711467,-5.338496326986116,-0.5793506853081327,-0.6386925413186041,-3.636656489263367,0.5071373761050485,0.09806845511168281,2
-1.7530741061780133,3.0088679268547702,6.664672695300851,2.810502090123703,-1.1108640679963528,0.4865778995123971,1.3369199118868553,1
-3.159195621185252,1.6244820343248292,7.127626628098068,1.0866211805084622,-3.187213335018374,-2.6396690153563225,1.638239595584982,0
-2.026990634296274,2.5296698066246597,5.501680042025719,4.827494955581228,-1.598574403090189,0.004412508312092682,0.4055122398859402,1
-5.044740279379883,-4.064234371947389,-1.1739498739167888,1.0135627355023789,-4.252639891400811,-0.7741866830317243,0.4501780860862171,2
-2.7649780204085848,2.7587581027753734,5.690610013077985,4.3341412550500795,-2.2245065956126964,-0.059921381292491575,-0.2621644454614616,1
-1.8771784641240221,2.700238804264578,8.308888155584588,3.2040459707211277,-1.4464485341881985,-1.1817448341847128,1.8480333757519944,1
-5.835063989526866,-3.2306958922028572,-2.2220791333930614,nan,-4.942311017463851,-0.47688844366241323,-1.588691204953621,2
-2.1098296743532026,3.2404727715610147,5.652718170104691,3.970639037529854,-1.939988457221682,-0.043788078388429165,0.47547352173577045,1
-3.149878674114158,1.025963643837302,6.388644256720856,-0.3879584311025714,-2.7092847850946473,0.8869560460059501,0.21218125205950367,0
-2.444055514679958,3.8973038087323975,5.713148701248206,3.15746274046895,-1.9419544265759043,0.5801622207464265,0.10764493512438543,1
-4.826417070090952,-2.9891758924133427,-3.664695300832643,1.5159553379712927,-3.541624723421279,-0.3002452622728065,-0.9063995600968867,2
-3.7927447285708182,1.6083449418886246,3.6363233493194373,4.444050590102057,-3.3797075672593224,0.43460808639047693,0.7720436283743751,1
nan,-5.020036611242664,-2.427038501591382,1.0272810780817403,-5.853125616287475,-1.0428958577628946,1.3272193673855412,2
-3.2830899165671106,1.436430418053444,6.799114960813512,0.5753782279878399,-2.6043975146973155,0.1651158059152672,-1.1277761804379558,0
-2.027796773700098,0.13048890911893085,6.067357729237769,1.4743506428092952,nan,1.2033035995154844,2.251816224015375,0
-2.991538285828215,-2.5013207754762066,-2.7642602929340314,2.0608899293328826,-1.7488278634684176,-0.2410175916068505,1.8114891326452747,2
-3.021930198165008,-0.6629749624966444,6.421963146247702,2.180994901079943,-2.767972712584302,-0.835346250927912,-0.498978814408592,0
-0.07341439539601824,0.35778952956134147,6.722633919676918,-1.2843467840763978,0.20966874118633652,1.0943909586413496,0.44539396304420314,0
-1.523430499836202,1.4129969055487956,4.655941238338448,0.026783514238966688,-1.1152043423890774,-1.9030242427788042,-0.014862469908297909,0
-1.7087880517422542,3.070330783276473,5.115560232723054,3.409918980088522,-1.4183900022745584,-0.1907622188586334,-0.22287807928665135,1
-2.1740345722561907,-3.243838803949127,-1.4267949067721182,1.5582697994234191,-1.8225334995637612,-0.31242749754924054,1.9496791616407327,2
-4.566421808137699,-3.5702563825034117,-2.977879012963916,0.9713557854648238,-3.7618686377502812,-0.915977967661384,-0.43560327222859774,2
-0.7670346011784731,1.882421360576844,4.606183962662231,3.2802626719619288,-0.8111599912714011,1.3102712271443622,-0.9238480872231586,1
-3.0960657087332066,0.012852312495725937,7.711536136398577,1.3264776851226399,-2.990499682276071,-0.8678485966303624,0.5252242593373266,0
-3.4873594685867504,2.2208506652480353,7.938316138858775,-1.4002760668421,-2.076021403340328,-0.5191053693787678,0.010655118767870845,0
-1.6590369736766597,0.939468738039658,6.667570558041701,-0.4655465084882643,-1.1263893647490257,-0.8466060499700474,-1.9508147581360722,0
-5.448818598084279,-3.1130055814246846,-1.0999316729699413,-0.3764336978996611,-4.737565816192288,-1.1199290489183755,-0.025328065352534596,2
-2.298400995327294,0.655749984588524,4.181618497717035,0.8385622643920694,-1.628514688026242,1.7326764271806883,0.3402365775928757,0
-3.269406146310347,0.1868530009502376,6.682182243318351,3.484216744955909,-2.144646467511043,-1.4923461905196018,-0.6360549375915403,1
-0.9572408943232174,-0.5791461943505588,5.3536711157181776,-1.1581363139499143,-0.6080347903449854,-0.38135834109305755,0.5195667616174297,0
-5.618464568427093,-2.87604014239648,-2.6599757325702744,1.8153261466593014,-4.192060203429016,nan,-1.303893203401146,2
-1.9911946576319428,3.4414773720550285,6.812949548377943,4.019508258618721,-1.6786263017558247,1.4934207610832975,0.2454100080417081,1
-3.5459881543012775,-3.0804768233376514,-2.70287099268932,0.09459725960112464,-2.759540684228326,1.2458178790865342,2.050266350150464,2
-1.3258813502012319,3.62415404903636,4.752200238647562,4.968387668891689,-0.6483811143566671,0.02291460323154968,-0.2716800425473094,1
-2.1493049410386478,-0.7951608682577659,7.1810369513406656,-0.4484856229466799,-1.5422926851388945,-0.43960015675953656,-0.6302650929244988,0
-0.8526957931824759,0.7920850240105275,6.384622426771516,-1.6658509549742633,-0.4238194127045535,0.2987469765965829,-1.1098956831234457,0
-2.9223953993858522,-1.3925477095006,-3.008771801432129,1.4465200591876977,-1.8432545946137084,nan,-1.445679848689007,2
-3.4708097968727936,-3.4641359022424254,-2.7177382697075907,0.27723219663426824,-3.257179200285027,0.4324865420322593,-0.10218355625617132,2
-2.4891553647427225,0.4502552623274482,7.021149143459676,1.006874809972426,-1.3639961852714038,1.0575260532182962,0.41928010016516964,0
-4.77781824483451,0.1203322070079913,5.916220253816015,0.8675489543672819,-3.476403826444288,-0.5572023585574891,-1.6604653902085589,0
-2.3846319313831983,3.4763568331408026,4.7205858310624205,2.5625581340076002,-1.9612971975046858,0.6990782508480305,-0.21376804687790282,1
-2.320807791047084,-0.9173174031833805,6.2093262620356775,-0.24549558659834672,-1.8394437659987966,-0.87440610944725,0.40704351451984044,0
-3.205638283094689,2.038587151437851,6.318185866782492,2.0675467634414346,-2.799223866202548,-1.0616227910659917,0.577657366196683,1
0.28405567459859205,0.13280548370632272,6.053054434668828,nan,-0.43801490165236906,-0.23756175089859746,0.15734735492360247,0
-1.0750151669881278,1.5929030961994295,7.081140243949946,4.195432538769245,-1.0821610998791313,0.018236369163250766,0.6264761887873581,1
-2.452978504758441,-1.055259867819597,5.282069508187769,-0.056415726858451254,-2.4039158534180727,1.7198762160229768,0.7386073759971449,0
-3.481634103030265,-0.18272895615208007,6.555242141083843,-1.7237441697972333,-2.482171973621917,-0.0484617349993261,0.70012945318737,0
-2.1761556718387753,2.6585533181361,4.816656018984521,2.9197151572714213,-1.5993356523929054,1.7328933569366982,0.6587465230761251,1
-3.769892010787825,1.1418015078328492,6.159601680843712,-0.7759735348705159,-3.1736039419009088,0.9373549784821055,-1.041697468757575,0
-3.2807609801727002,0.23610568108740626,6.6651963057689745,-1.2564701151911333,-2.7672267271250015,0.25227551410417187,-0.9675938912759134,0
-1.4263590147600214,3.386255445009863,5.559418128436347,4.117323025894694,-0.8588599933060315,0.9989437405493611,-1.2265502221512232,1
nan,1.7085171273904276,4.32664195416824,1.9196591491069108,-1.8271271904928263,-0.5107887714679464,1.424555234969173,1
-2.0696453080538646,0.9881984767500451,5.98147445691014,-0.8928272503117103,-1.8077756952501634,-1.0386061465096492,-1.5086094021527938,0
-2.4159545025542246,1.7358233688294484,4.252344713373678,3.3186526518733426,-1.636678970687947,0.10439051544149987,-0.9385792062894305,1
-2.6501789245810468,-0.7255426173905432,7.320882770203963,1.1933363658198173,-2.509924093338122,-0.10116273729286182,-0.0008803974811189274,0
-3.760293935007658,-1.1222284346890437,4.163511708080575,1.0443693748822678,-3.2456396570774833,-1.8974710761799933,-0.45964159368317414,0
-2.740314977855141,2.6297195307930816,5.799995560313204,2.2282357745793644,-2.256999587888759,0.4906515302417927,1.6061039591218411,1
-2.4070633967331743,1.1058485983391788,6.979506619148208,0.23459973681700025,-1.542447400200551,0.5957203940481478,-0.354662612156317,0
-2.779154211691268,-2.556319304125127,-2.45195075427926,0.9468708476328702,nan,-1.2723011217272715,-0.14759852312226956,2
-2.658398648706587,0.31171399988006687,4.933637790716187,0.19271824969466061,-2.260725881242653,1.5838152000322283,-1.3161450526400182,0
-3.8200056983356663,2.8064243375394042,4.513772999667484,2.9474807391373314,-3.079272561235301,-0.051140079234860344,0.29374721521332353,1
-3.2445061142632805,2.8403906219908714,4.676310693457773,3.3309532881942365,-2.4038390951979673,0.38648081001645157,-0.7728220134444893,1
-2.6717333415090923,-0.026788122586333563,5.6274400270233045,3.4584469313981883,-2.062073053697594,-1.2286740736661719,0.24132137916513047,1
-3.280713999651329,2.1124532765258968,4.8710883326358125,3.53070029639995,-2.9173449132057026,0.2623051442582944,-0.37287579770801904,1
-2.3215804006982337,-2.2202265792246454,-3.4588159081579457,0.23581843329778696,-1.9514998781655333,0.5846638997373501,-0.6781857487373498,2
-4.164419342211834,-1.7399066371523206,6.631836452341323,-0.147252447478798,-3.726557474971024,-0.13111274534486844,-0.03227676708366232,0
-0.6739824456783977,3.516666171426959,5.961622805389955,4.097858995460779,-0.5118577984411452,0.45649225700386437,-1.5107855771875058,1
-1.524683921672024,-0.6904297676468759,6.7262344386064115,-0.3762963989174031,-0.9076459045152117,-1.1677912192266124,1.4635598420368319,0
-4.82809321801486,0.5272828237821539,6.140630330745507,-0.3925415100720267,-3.2112277732661125,nan,-0.731407272977778,0
-3.311392935279282,-2.3741918420003163,-1.825284915825666,-0.242539689148645,-2.841582352593692,-0.5187839743361022,1.9842815528105642,2
-0.8436136148581769,2.3143262866720895,1.742728095790264,1.8645821623284444,-0.10852039858991691,-0.7281057522149993,-1.456707142675923,1
-2.339465892232827,1.1987594835315694,6.270046664255656,-0.13789768939172758,-2.2431471838510237,-1.5805317927343356,1.9200501803947936,0
-2.9653630921244103,-2.72950468678554,-2.839830964644553,2.65254942336947,-2.5288887468752703,-1.7395714470025783,-0.18078907600237254,2
-0.9534244384493483,2.842560130196265,5.527254768199556,3.3811796279072093,-0.9008443291648481,0.47000392188421886,-0.02155237280562373,1
-1.7385263418312302,1.7142035807228888,2.5691627144228155,3.8204309386206785,-1.5457170235292579,-2.269011047148254,1.190057017160475,1
-2.815425092275513,0.509671309740659,6.689241858373118,-0.4909508732008855,-2.0203805794740037,-0.8749366160074877,0.7643230659062418,0
-4.184098686056559,-2.34503599890134,-3.3923773809803466,-1.3306291028268045,-3.4021747901870816,-0.25246428728884385,-0.1997810521066228,2
-3.309561420759391,-0.23292585316420344,4.544970530742437,-0.9012958828073316,-3.098243857894335,-0.410546375259945,2.408057339306468,0
nan,-0.47140043030456746,4.975687795671673,0.6730604302417558,-1.7099531872137113,0.9330987570420572,1.089479328829463,0
-2.8031231183271066,-2.162788433491537,-3.591022586674224,1.88139501495289,-2.0254757955512215,-0.07408400857140836,-0.42916531769127997,2
-5.284534423486662,-2.89538945628978,-3.105107997064905,2.0695638330715447,-4.224800698983533,-0.39465186621358384,-0.5923093542403051,2
-0.05676450063823246,0.09851760411519106,6.552925741399647,-0.9570440769590047,-0.03287209352151711,1.3332608053204538,-1.3814561929997942,0
-4.774966556028386,-4.689861621813481,-2.0913668137117956,1.8555692677960862,-4.011414627309422,0.3857276396475136,nan,2
-1.7840754688133362,3.4804802494896627,5.738286113484776,2.5818387287241644,-1.3750578926874923,-1.2627206948986585,-1.1798962725922644,1
-3.6578404577438524,-0.475076808289563,5.457506201791862,-1.2161131925911242,-2.6986374932384183,-1.1579367738436126,0.16563969440404938,0
-2.223809635258952,2.677009502032959,6.269031834965833,1.2224327292920294,-1.6132185598829123,-0.5304852327390321,0.12448005711740903,1
-3.886192644351503,1.7731996791011415,6.269755921252251,2.7409248171452525,-3.209245715602921,0.022041769117019983,1.346837314455608,1
-3.604524155937741,3.4169002329458413,nan,4.74834798394578,-2.6651174699862583,0.1290963152763068,0.6274920448485048,1
-0.9822380663643507,2.6311679498417426,6.364384736891772,4.325803118072242,-0.40567826255279893,-1.5987184441759212,-1.2290250527475424,1
-3.717067723153056,-3.0076538112190736,-1.7522002115507693,2.163332702596876,-3.164930694780915,0.22915338820439077,-1.0054784193709008,2
-4.91384781068342,-1.9324078963274793,-3.726201844763263,0.3931702521275944,-3.656855366708353,-0.7255060306993425,-0.24034391122114743,2
-1.2834323013442908,2.130034581041791,5.278373638720905,2.243852987079757,-1.4398520102787888,-0.7667381207180513,1.0776138777236304,1
-4.234174819937601,2.769351233974274,5.811706634640564,nan,-3.1896695869993166,1.1497758650075482,0.0045496637085331556,1
-2.526831529210571,-2.2957897340288635,-2.298237376178955,0.914212509178431,-2.0648884738550675,1.6847645932491295,-1.4251491499749593,2
-3.7411140185966034,-0.9154345258759043,7.062565842855121,-1.1118379914651608,-3.480762128350254,2.720613143059491,-0.44329456545019713,0
-0.9667664250786999,4.564042676464652,4.664770488621604,4.331266611590539,-1.2683303787382592,0.43461583754026367,-0.3308460766829314,1
-3.02823615761414,0.8630001742509608,4.276221888671092,nan,-2.3066969076315864,-1.7782596297213589,0.8891221518752369,0
-3.6598378689085704,-2.6664402074309805,-3.703486585597718,0.004903975511907466,-2.8169225219200875,0.47086780133938344,-1.7570552863626485,2
-2.3665018482398246,0.12234044327175286,5.138179098543809,-0.628818316422004,-2.191018134140012,0.24026169397490155,-0.2651363962148196,0
-3.062068447535448,2.869612101391878,5.456827047976952,3.8959881850114115,-2.6613145406953995,-1.1355805174185247,1.605300282151326,1
-2.3331313730345604,1.9436532339766477,6.391735681189063,-0.4964038460972415,-1.3969312810409513,-1.1140835631063473,-0.8777962313674108,0
-0.16939860630744386,2.578957774911204,6.243093040604947,1.1345215153949737,0.0859385504310761,1.0014724877068628,-0.08555151262425291,1
-4.0219264530535375,-2.524599189371397,-4.090679672560214,0.9675608868729579,-3.207142568690821,-0.6165482693283876,-0.4071741133410725,2
-3.6281617362190985,-2.7354926093898815,-4.629675848407647,1.1112882266322226,-2.977858004824222,-0.5317680744056699,-0.36100682606917983,2
-2.1008426179329573,1.5444405414910447,5.3386936485769105,0.09568753449518913,-1.9751637987247175,-0.724439941591864,0.14958785256830442,0
-1.4311955766813966,nan,6.588609898931322,3.6606109916454574,-1.4711174100252842,-0.12932304701233796,0.4146670980118855,1
-3.545169969128448,-3.999784177063405,-1.9893466429051654,0.24097319931505656,-2.50457583777623,-0.21630441300197964,-0.10331340099444629,2
-3.4193005110733425,-3.014018320315177,-2.302165423554743,1.1330760113966063,-2.340559919384068,0.4571150122248449,-0.9027764012933664,2
-3.2472683610187536,0.8075061460348387,7.474880894008226,-0.22045056071152883,-2.4585475307218316,-1.1877409503565461,0.14985191471029088,0
-1.6002903951590466,0.12592318451850248,5.234063883666939,-0.1866022224207492,-2.2745137699974682,-0.5951721049920351,-0.9083783434009097,0
-0.47722426749131575,1.2584377236780144,4.8708490147570105,5.481982026311698,-0.3995736574253058,-0.8660185169001046,-0.45846873355946727,1
-4.370707809339523,nan,6.034989912734166,0.8617524306460134,-3.362128410768724,1.0701272186348523,-0.7969594609720196,0
-3.379709472447656,4.14199628007203,4.690991061200939,0.7556596805887801,-2.6847601592938433,-0.9199500911929782,0.983902219676851,1
-4.405803632804115,-2.968310718486248,-2.4540120129844687,2.362206171756617,-3.6094389618272333,nan,0.020441186412891107,2
-2.3214231004725066,2.4431342005899563,3.1821882551615337,3.063602669547101,-1.7134068154509507,0.702087794856818,0.5476416257752807,1
-2.5570233639378,0.2656939677072475,5.094828743844876,-0.9249429438406331,-2.2525891168131973,-1.0467381973908763,-0.22523541145376474,0
-2.01148588575913,4.204729702911021,5.3278919773300135,3.681857932058701,-1.4929416850712085,-0.4302342131442412,-1.4199268079016145,1
-2.3176900307961645,0.33797007787706945,6.129655018135889,-0.8614311463912063,-1.7585934537013546,1.4371179393908315,0.5443388011402644,0
-3.5647163729717297,0.9989604291489842,5.752670765441526,0.034212958454281406,-2.6572348702566044,1.2914850002004399,-1.103039032435501,0
-4.044502784720332,2.4488220526462454,6.670228782977598,4.295237774698377,-3.4350322282758405,0.12595758976252192,0.15263485552171577,1
nan,3.0934411238739985,5.628900358499919,4.15911435202599,-2.199070859270388,0.929717605190643,0.8091216222808582,1
-5.028515377982119,-4.123703695828766,-1.8195762702950462,1.9031265835158453,-4.151234384651211,-0.1628767718876159,0.46347820835008124,2
-3.796910247969631,-4.795011288008856,-1.1621950188042174,2.4010938161628945,-2.846012627168456,0.22706191140485002,0.1726937574413693,2
-1.5730947488776286,-0.8119128086069959,5.312629826175648,-1.3750254937667032,-1.7954246721851002,0.42828093998305605,0.19094850105432745,0
-1.742295343813998,2.453417075078839,5.391815121968,3.9258332111101386,-1.500868870275619,-0.10371385675616793,0.20683885050597547,1
-2.3895073774708617,0.7412460990784773,7.504518289521946,0.3931729240346567,-2.145261203953593,1.3239595120484415,0.5204109129396879,0
-2.93273167714137,-3.2277283421970155,-1.8225892502060173,0.636279407790671,-2.487853754155597,0.8313502310431601,0.12417266653930983,2
-1.5349471874848408,3.4410535427200957,nan,3.954054290600151,-1.2727250804011656,1.9740214792271737,-2.3402830142027207,1
-3.34045995174917,0.8306903088679451,7.582206242911836,-1.3149240088960665,-2.6995131963010057,0.7537413456430339,-0.051360126736600176,0
-3.5075879709407767,-2.9722759136198347,-1.1045617688644476,1.4052772263995328,-2.734186060642126,-0.40157882746817875,-0.5789012915671672,2
-1.8930124397984307,3.106950561020501,5.263788159021697,3.2496379104301525,-1.4310146848795866,-1.6489032008942206,-0.19577420838237622,1
-1.834746021326112,1.2811095227109273,5.509823321357123,2.2210576236304833,-1.631773076217239,0.28854439218424627,0.039474798625480145,0
-3.5533260764548,-4.641138353925152,-3.364719296917714,0.6126479256450537,-2.4878362099578095,-1.4318226266127374,-0.8510320568514551,2
-2.2651090984271653,3.965978465461513,5.070732858583283,5.408493672755414,-2.11440935494062,0.5801276094513695,0.05992843908374778,1
-4.0229982008035465,-0.9747377224737068,-2.6059123368151504,1.553631112697756,-2.864791228843255,-0.8038032913637422,0.3126110175921499,2
-6.759299775548913,-4.171809889181925,-2.9790195656403995,1.2323182310602219,-5.879599742972625,1.6573227650482403,-0.9931444995887059,2
-2.1934215720610886,0.5977797725391635,7.1483158213670155,-0.16979229443791233,-1.6492510443846988,-1.898305553132065,-1.04824313338832,0
-2.4635532033068803,4.259511715273612,4.989567004804066,3.5951504709796214,-2.3019360226021295,-0.9281460304572312,-1.5961819941471882,1
-5.080300856694235,-3.4575519714155867,-3.4784572082284675,1.455794017725419,-3.956454202697738,-0.58037320409326,1.8919758916187572,2
-5.938463140598294,-4.561178716562588,-2.3981780630161564,2.2347669873638876,-4.617352874360387,1.4793341322664557,0.24675349603551297,2
-4.575489715857014,-3.372001340183406,-1.5118151822309078,-0.35080415754037764,-4.059536716155026,0.2940992115545707,1.8499214123928602,2
-1.0483875606533495,2.9023152403002523,3.861401816124551,2.700555149439098,-0.8185116574526478,-1.1437639767276202,-0.5540575361403656,1
-2.6666505805861913,2.822411346036025,5.294733236655892,0.2643309456594611,-2.425112402216634,0.04153981006402783,0.11559491970254665,0
-5.049919307789502,-4.131531094964117,-2.890012956805686,0.5886401517306628,-4.172416388604848,1.6910772438178996,-1.190382620155705,2
-3.5436046680861493,2.514124449859046,6.1713150550154925,4.134680728887039,-3.092552643365203,0.5125750741535962,0.6107039746432512,1
-2.2728202728965,3.351783113951678,7.246513091977965,1.0926835161277049,-1.5019656147373597,0.35097463857542005,-1.4782506518067922,0
-1.8913837951783865,1.2702786641962214,5.437614226711142,0.5725056295395983,-1.6355645392933833,-0.35522602801477554,-1.4992976292210818,1
-1.1418120270845464,1.4985758177775224,5.326311945589845,1.6098888685965351,-0.4304165334136675,0.7513765284794778,-0.6278178818694505,0
-2.6907264039824064,-0.4037778093465395,6.228751400347663,-0.2634045013248914,-2.094300920491452,-1.0072677221379667,0.5690705288925946,0
-3.294800333464734,3.735716150268934,7.621032347618222,1.568369460590277,-2.4032180371972762,-2.2822869320087067,0.0952644956826822,1
-2.0523696317900693,3.8116779332124926,4.957948081363012,2.9515484371426792,-1.608937437205671,1.2106346053854955,1.1429248262518337,1
-2.4178275387545205,0.6124943833515188,3.5928130251950092,5.008461322944182,-2.0348231836495145,1.1505163853115323,-1.1015425533798133,1
-4.948861540905831,-1.6536038715779742,-4.228258165818572,1.4464385914285711,-4.10838392372296,1.969732201740442,1.2087773767621999,2
-2.614264951478673,2.428578463812541,5.403699361458922,3.5741234792501326,-1.7902460732161756,-0.3240224001522074,-0.4499863092686732,1
-2.375499550379944,0.28393980494940585,5.579597804672391,-0.021202222330239995,-1.8932238402334056,-0.03658451232359705,0.23068341131141376,0
-1.9364915166300132,1.2670712223909237,4.246550484985815,3.1337842205312,-1.5175318004401301,-1.0015598409845727,0.2757074480180202,1
-3.580833865780839,-1.5358301045419651,0.14902824481159474,1.0845275184663863,-3.116583692389165,0.905850629716664,-1.408221717612734,2
-3.6744439104464295,-1.3868963617502126,6.146784655243672,0.43248097557448345,-2.833267410768872,1.0299939661159876,-0.5987701232215236,0
-5.696435347648939,-3.5814196891231864,-3.1419155421396185,1.0031362135900235,-3.917162357314737,1.174204581223098,-0.17349195957946095,2
-3.245540547819139,3.5152345615184615,4.313752669591081,3.296629813438355,-2.659159254409535,-2.161038478592299,-0.6295311739367033,1
-4.578008709722466,-1.9511804924048954,-2.96909199720738,1.86898965097367,-3.886264776497601,0.9860070453707794,0.5084367982934782,2
-3.4943403130609223,-3.312004167519561,-1.8759489759578778,1.2256826831201009,-2.4467516490971004,-1.0652319310583644,-0.7887596543934264,2
-2.921670191861688,-3.5674758912503934,-2.602118194183532,1.0558319115419712,-1.5926366573749737,0.5640939441936337,-0.6227140729793491,2
-3.452086762758258,0.5177568987384864,4.9846583933124595,0.6329519577106746,-2.279501548788191,-1.395518287866649,-0.832328990031978,0
-4.702613952493141,-1.4434972749321076,-2.2999643156390293,1.0379714184084488,-3.9868452390722187,-0.048177582033533436,0.9851550806237335,2
-2.053790129996476,1.2421960846801596,4.485977506279679,2.82857859636899,-1.663523385937533,-0.3533508110430257,0.1421691842572943,1
-2.4843816209342227,0.6057021661366226,6.4465374163443165,-0.8445001408550117,-2.1367562648439327,nan,1.3261311362480097,0
-5.0771987608121005,-3.3050022690194227,-1.2949990556606992,1.0427258803331112,-4.122766146079334,1.3618138605461996,1.3219908246113632,2
-1.8836520482137873,2.3006580976043782,5.296612155056145,nan,-1.559369958103503,-0.007447754328806984,1.4291667149838667,1
-2.1787436756084997,-0.12831664234205242,6.372355256627605,0.8342589901337425,-1.5950880808852155,-0.21353378741108323,0.47293302716320407,0
-3.7765897837212092,nan,-1.8282871510776535,1.2541780997832404,-3.063985499673024,0.9857094287399714,2.6008959642860505,2
-3.1658117957736267,-3.4335667548562734,-3.4797777667216994,1.4939677173732357,-2.5170751561225755,-1.2835289522376774,-1.0649651458253189,2
-6.559524647993442,-1.8002314936890165,-3.729159695889977,-0.2656542145954538,-5.327787522154431,2.4203226948654346,0.4894060641413735,2
-1.5168342096232528,1.241879601249631,5.5923279918053215,0.6107524705989851,-1.2084427546833922,1.0342161212048206,1.4466634141059362,0
-1.4454367915299775,3.0346383313869527,6.755870284344608,3.2467330278161257,-1.1531691550384033,-1.0275465070012504,-0.13379594060920072,1
-4.01351880840355,1.4313161477482454,4.347919405020429,1.6401209364947074,-3.208783862838485,2.209673639314171,0.35968324051756834,0
-5.015541161065998,-2.3363469749629173,-1.8995841669291809,0.6639935533234622,-4.257336120347051,0.18332727687377046,1.2700651127300324,2
-2.6173669630028877,2.4352041202598778,5.245887444023047,-0.1824854317613307,-1.9712471579620117,0.2345086259578413,-0.13023727068466642,0
-3.5295548596348736,-0.6401585078656483,6.357222337779738,-0.2945992269674278,-2.991983539925392,0.45441894187446485,-0.3172018543220953,0
-2.899764515109293,3.1681378901701756,2.9807686934354667,3.6148897825276376,-2.65383495265328,1.5660488330472613,-1.6763242994849321,1
-2.43621044488187,-0.7342560135011588,5.959965131774553,-0.975261557439892,-1.9373729328322364,-0.4616748389193237,-0.7252202636130096,0
-5.418200635020578,-3.6600009963227365,-0.5856096152706436,2.5106722594273885,-3.9621715074319646,-1.3749718927129675,0.6977207834202405,2
-1.9365072274101842,2.9494898734015345,5.498747679054082,3.4918526008842057,-1.89242678476751,-0.630832848800543,-0.16595465516201796,1
-1.3804979077468054,0.8435146953821238,6.815596283531546,0.31623857674691275,-0.4152303487300867,-1.0772628790815002,0.7023900947321491,0
-3.543414655246968,1.5340626687018335,5.698404463181728,-2.3699989823120085,-2.3056993621269997,-1.318539796396486,0.2500957719313705,0
-4.500752779270751,-2.3315806892567443,-2.9087884501265946,2.405388267608614,-3.690695536002852,-0.14611611758835413,0.7527031037399746,2
-1.0167685719381883,3.7278110925670234,3.4539138260722524,5.26350707078631,-0.8662829721913837,0.9090384637654729,-0.29805914072096285,1
-1.884153981343808,0.8199288579247326,5.419104989029021,5.132577283494617,nan,0.6082715868092066,-1.440274211706043,1
-3.400419950439362,-2.3328411980059265,-2.586370838901327,-1.140963023388891,-2.694922690935931,2.8824486027720395,-0.5741237064821247,2
-0.8624822685519477,1.7650099672218174,4.134573025822328,2.5604638295092594,-0.5945390191573903,0.24342783684060998,0.8588532655416983,1
-1.7150779952838153,nan,5.2616718899487,2.9004364731765704,-1.2933373251296572,-0.43776538282058974,0.21268714601859806,1
-2.4138377458696816,-0.07638653104564608,7.335092871442211,-1.0021735065795523,-1.5878190841372641,0.16351248690873826,-0.4634280150277139,0
-4.889612438991168,-3.750941449480634,-2.9911077705798412,2.0389530764102775,-3.7372842904088714,-0.4908691795028763,-0.81622877681635,2
-4.699586455847264,-2.674361529841681,-1.892596197936391,1.5494322896393826,-3.8573341258983094,-0.848032472551311,1.4014397294605692,2
-2.465845955825647,-0.4539741978166777,6.647096169779173,0.9538068253525867,-2.2102512572203667,nan,-0.5338573086793222,0
-1.9325596439505042,-0.41386951951781403,7.664850045655866,-0.24632902446087976,-1.4120612558585621,1.4482775332768179,1.4063262615093812,0
-3.01922499451802,2.298325391486407,5.487583787472092,3.348402324372092,-2.7783294032157024,-0.26717904250796964,-0.8931618657604948,1
-3.819694984138085,-2.7995074759211986,-0.43200702699454285,0.5072415985354609,-2.4809777931129613,-0.2389395389789984,nan,2
-5.15771328334978,-2.615139513862196,-3.390146570077146,-1.7383718426900758,-4.142618693989948,0.31575376768833485,0.5694942509197355,2
-0.9983355195231768,0.26594312206373716,4.948924617870813,3.763495123897439,-0.7262395349213884,0.1470656547471416,0.029316871158306182,1
-2.6909541273075543,1.8670553224086515,6.12648870432479,2.0145408006974845,-2.3534994545758563,1.7624915872822187,2.6780749053414294,1
-2.7665077721143376,-0.2381775284730766,7.040104125880294,-0.18031275612216985,nan,-0.959668725120359,-2.113685477244899,0
-1.5013779789945274,0.4316641853918493,7.722934063469427,0.9304085759610594,-0.8933018208440964,-1.0221462573195805,-0.4081155612168428,0
-4.907511121728585,-3.9926628644443865,-2.7383496296592638,2.9271534935436025,-4.140631278083683,1.7171156501970297,0.12019621591680021,2
-1.9903241364335145,1.7709151117802144,4.212888191102037,3.310998925291964,-0.8129393424432836,-0.48915529174273376,1.244526685092492,1
-2.5221035416489466,-3.5027893722481185,-1.9793609366561682,0.5066671700754346,-1.84445393318527,-2.3765729976941565,0.10999316206744511,2
-1.0106375700179968,-0.11064328822266034,6.552538812992921,-0.527584515780801,-0.46637682644060446,0.12761523319000695,-1.0159721308326923,0
-5.375833558804973,-3.05121174332164,-3.541912051598954,2.957547939035645,-4.459040007143971,-0.3193765334118504,-2.0009976148544206,2
-3.999153398424604,-3.832120962712109,-2.3883350820321807,0.5804833243035006,-3.5456379249157237,1.0150875552898946,0.08891362022767385,2
-1.61881989064422,-0.6609122497046954,7.772243110260712,-2.2085838146903662,-0.9362853107935054,0.8800247263850903,-1.3256482120409816,0
-3.8205461963787943,2.7712840431458226,6.877170976412863,0.5495213592765702,nan,-1.0096890674015422,1.184934978218523,0
-2.0473226383742604,-0.21223300662102573,7.023981294221764,0.0735012701946795,-1.5607581467978058,-0.0806542739741707,2.172388821743676,0
-1.8884536519608504,1.7407512777984322,8.371382278286855,-0.6415859787815772,-1.0482904672601112,0.8710074466827759,-0.9078340846679442,0
-2.5698907797086123,1.0703970378222711,6.430490152702115,-0.7764935439509932,-1.9790708121806289,-0.08925395775005913,nan,0
-3.4548149381259226,0.7567041404087123,5.163660279040267,-0.7466659632950925,-2.9022217533090346,0.8146999836684533,1.664777641641862,0
-2.760363701491644,2.630437947283166,7.1925910179539745,-0.50452208097167,-2.1599796412733476,-0.3080608735921622,0.888791349016537,0
-1.9439292947632507,-2.1319107774412807,-2.701806336215502,1.6753434432415535,-1.4865085039006656,-0.04792649720525104,0.03984284846977424,2
-4.01317252147804,0.6833997347750236,6.5920752550426585,0.15339190672909803,-3.440789801284581,0.2416911509495392,-1.8936891468355017,0
-2.8462028908034367,1.9311186067660886,5.470988744352706,1.1637717930282714,-2.338730683511863,0.48609374993916094,-1.0961287663360098,0
-2.964078034648599,1.0697449868383981,5.876858623021832,0.5166407454524145,-2.294903194509628,0.3451737402085589,2.513243720480165,0
-3.853077890703746,-3.327357214329025,-2.827542491087597,0.4736032391306696,-3.302940864782232,-1.3036690518285898,-0.9968947998016827,2
-2.204989347925433,0.6109297038311565,6.825442830163294,-0.8219537945290312,-1.5377181492969945,-0.3999821719211779,0.19037723473731397,0
-1.1561837573106568,-0.0832484161907211,4.750485900397312,0.9090570994483831,-1.0633771391068092,-0.7108175684396083,-1.697034033836494,0
-3.390320985316817,-3.242221328571821,-1.3849292105896476,-0.6246992790431044,-2.9201434237765067,-0.23913090132432788,0.09519408321462196,2
-2.9025183515595234,0.09108978253301603,4.778577493735163,1.1455854079229215,-2.3372932232988353,0.03432569923388735,2.0945151149109655,0
-2.5622841104791716,1.1728442058674577,4.994392497323954,4.138012243082319,-2.685904829828007,-0.6952370331622969,-1.4233074249845916,1
-3.4297148556658614,-2.809353509495886,-3.5204782484882062,-0.558222820796055,-2.9615044849888585,1.335049275571221,0.4729040240416736,2
-1.0093371864186276,2.0270713912995757,4.924942418150555,3.349464983883941,-0.3031919314197282,0.5731892932625152,0.7168141832758207,1
-2.3000757399355938,-0.4637403787518629,5.758338479908251,-0.11591693972175704,-2.5038841434686856,-0.7174741299731092,1.5627053913867959,0
-0.06905948765894132,2.2147992994833405,3.469492440900444,3.4618250418529697,-0.3612011932073726,0.8390213245395552,-2.552024548334616,1
-0.7239229607538298,1.6694286656819428,6.306475288084746,-1.06793283139674,-0.5720579122390835,0.1389039065880036,0.3346245313552066,0
-4.486017471016624,-3.386687142352705,-3.7757068886964125,-0.37488287286197874,-3.9079147386996547,0.2738437917313157,-1.6705644107482114,2
-2.6653620716996835,-5.006150958525955,-2.645574299831537,0.16613813016765422,-2.1030497534241546,0.32891562534687907,1.2653324765730587,2
-1.8188177539713468,3.7484370683334927,4.817726950143083,4.448328036064717,-1.661844418948262,-0.520638078183155,0.9512057509055931,1
-2.392797737714104,0.8963765954848186,5.278386965429722,3.9882706521053244,-2.0322193291246045,0.7524293671372891,1.510614231301151,1
-4.219759513909994,-2.9658846263213796,-1.5816882631000708,-0.670182952858546,-3.7160544260884274,0.09867938442636837,0.3536205570325144,2
-3.2211472063326925,-2.9427179632831466,-2.3834510441610095,-0.14645499571786413,-2.7543448902769465,0.22096797317160555,0.818304894811371,2
-2.8930974213429432,2.190592259380779,5.832772191130987,3.888570622084497,-2.0859437913246706,nan,-0.36917175523062823,1
-2.878510780663999,1.1922265231580824,5.220356349332088,1.9171205996895924,-2.558942360280696,-0.2956823135056222,0.9778739400867845,1
-3.8934327355311575,1.23189801525188,5.332127315579921,0.6427687421105561,-2.7815191019384846,0.016360326995713145,0.22930640477445866,0
-3.3087013180788207,0.25310467644693657,3.9694964082204436,-0.3948252364880326,-2.5743815069815597,0.19160475222334092,-3.08130284009483,0
-1.5071366807868913,3.3725411309600823,3.8831319090013094,5.004021696379988,-1.2500660350450277,0.4293304733665712,1.2647155772195338,1
-4.119770190219628,-3.17977885765374,-1.9913097676978968,0.33673391239879324,-3.425219234743882,1.234056558072634,0.7873055093974064,2
-3.943689221492274,1.0983993389716593,5.577572604125789,-0.17399923290133673,-3.02422544637936,0.3924488016244539,-1.1876010806223174,0
-3.686046986221479,1.8849942675080875,4.584536895458337,-0.9468875003982982,-2.8287624592447145,1.4395259664338753,0.6139089978577361,0
-4.458590308404775,0.013465344807334412,5.621558597016647,-0.9042503847160956,-3.6517330406877484,0.01954898373293934,-0.30140729515937276,0
-3.05969161233041,2.161913073724909,5.665032511068409,0.30605679058802876,-2.591874685815987,1.1649027583905858,-1.1262312579656764,0
-3.2467068976839397,2.4269004998477772,7.7233820413270475,4.789142099638668,-2.7783880523520113,1.389224994333698,0.20716954685792222,1
-2.1105481668583725,2.1456042801952058,5.831738345198577,3.57371411764806,-2.156847975862086,0.4192322873551129,-0.1636922265904661,1
-2.759291258791396,-2.9713129139923726,-3.078355885291585,-0.05273579929111383,-2.1079694167377596,-1.44186496872438,1.0615779843770463,2
-2.8275604146379796,1.8679128335817379,3.8640726004643247,4.115944627029107,-1.8752280181179606,-1.1420227324628573,1.490438153177588,1
-4.461160968985944,-5.0158870726788995,-2.7833464120418756,0.45489027445797403,-3.200153284998444,1.0264398262314167,0.28458670573226097,2
-2.747059623174364,0.19691122970712638,5.5327985582492945,-1.2068183900974296,-2.253769935105252,-2.2744668580475986,-2.5129050850567145,0
-1.6157192654395187,0.714349269559555,5.851829843906668,-0.2475972451120791,-1.0070002469074648,0.5310067463821467,0.06301707676843847,0
-2.9203724346362177,-0.9098559060254677,6.739156871077769,-0.4338861523248642,-2.4093257212671095,0.035368287095713914,-0.6407416147629267,0
-1.9295019618183606,2.7558163639922664,7.094023297019,3.1276151904517806,-1.073746712296264,-0.1958594901451904,2.9732491379269192,1
-0.5745839933421838,1.6318699086568138,6.985247097656059,3.2337904533516064,-0.7362648717423721,0.9855085067551925,-0.7593573987477605,1
-1.1941995879652447,0.4505470164962127,6.209276854728438,1.366465326938248,-0.9244866954304394,-1.3691753751530447,-0.6148944685065885,0
-3.754039721675793,1.868880086192993,4.242055375036455,3.240565555252725,-2.5961219454083246,nan,1.7882653278116736,1
-2.4356159469356236,2.495064419618059,6.107174349978453,1.8414666973794782,-2.3116194230209737,0.24749488241865025,1.7857226350139321,1
-4.022638499433569,-3.8423941689202357,-3.280636221686167,0.6854649127620183,-3.506395646356521,0.06276187626520632,0.05227133574486747,2
-1.9933959766681268,2.3579154298860585,4.263402325720055,2.1110632486098617,-1.4754592447790094,0.31716405851418383,-0.6099134422344372,1
-1.8067884258512232,1.8531264321755316,6.251731452183712,2.6557927971135276,-0.9234717783991857,-0.10229327340143887,0.29905565401060435,1
-3.1917819006941617,-3.0573454852130695,-2.6843334163281307,0.6661660907224546,-2.136489244378468,-0.7482248076026734,0.17516461055111068,2
-2.8634435689150872,2.4388251223709263,6.219508244781389,-1.6397315400343853,-2.4272550778775437,0.5569194567401079,-0.10017261864328866,0
-4.50023332981246,-0.08602214115601392,6.502140021746603,0.49467163471266334,-3.885267712619204,-0.40653247865379105,0.43519699690722913,0
-0.9881907311666459,2.6372373706395593,5.129872445104055,3.854128512456718,-0.42333928150552247,0.0007827231972394039,-0.9808662424187475,1
-0.64894018338782,1.8065736303877387,7.040769763365024,0.96937137778467,-0.7989410023477058,0.9305830691647511,0.22946533251344725,1
-5.1971879410659145,1.9135034145643495,6.1035764849046625,0.6669799471587243,-4.32986573449034,0.41114119477567695,1.387860005604564,0
-4.678760156408182,-2.3191800054903355,-2.476504453342363,1.7834197968945902,-3.30512680044992,-0.39457453358547373,-1.1682822295507471,2
-4.18408772324581,1.3997639160990314,6.913589030546083,0.6453229091037798,-3.2419867240420945,-0.32081666766075045,-1.745853436751383,0
-2.401820007120841,3.696171991820368,5.868591683352095,3.5537325683451493,-2.1168084740286677,0.6999924255139045,-0.31981358472013033,1
-2.3244427865105886,-1.247917564556262,6.554120928520293,-0.19762070390779343,-1.7166876157844566,-1.8921810787491138,-0.9743482386124027,0
-3.5281800603012363,2.885640958918742,4.997464284022475,2.970640436792403,-2.5804509289629287,-1.273030441517083,0.7784401686437936,1
-5.036847208868446,-3.7224103509304323,-3.4457412983632527,1.2269753821236944,-4.06970511394368,nan,-0.06524666403730293,2
-5.4068244936411265,-1.1409924150858504,-2.0344759471800065,0.6976960571378659,-4.351824857974236,1.7799928590872802,-2.5195464453389453,2
-2.905545623057672,-0.7691494306239198,5.279655869946487,1.5837440537702185,-2.5461653467472,-1.0453295120327393,0.9362510542049217,0
-4.565006063080246,-5.380231344906854,-2.865454749086813,1.6308727523585702,-3.790199306333068,0.047253277010526805,-0.6686954091549525,2
-2.3334183433704445,3.1412924377470346,3.9788160295032906,nan,-1.554043317819537,0.2628893041063845,-1.8553635676389375,1
-3.6489775487251777,-2.5523690738643885,-0.6940681230165411,0.8360402778078263,-2.573265132488687,0.3427885621951665,1.3539691376632856,2
-1.5482663473899145,2.178539073826633,4.7681387610233,4.35950707084646,-1.3237539960511402,-0.39409900548524,1.0903257598434335,1
-3.618841478984841,-2.557355763029992,-1.6671357405172984,0.7101451100378595,-3.3445559442185675,0.05656088998809943,1.7354677369865452,2
-4.43306470955145,-3.77537766757679,-2.5648810308398398,0.9353688942818476,-3.6659897642216572,-1.144699400132152,0.18724532596644086,2
-3.0877378028726565,2.118817184991688,7.232562736600513,4.211435927602725,-2.7791178488082853,0.629166156087339,-1.003730082905203,1
-0.35231811057221485,-1.4037423594247618,5.389878983095635,0.8923380707495598,-0.5959221199720255,-0.8208962247049044,-1.918512290079648,0
-2.833700406148205,-0.8819637393079983,5.939227384208527,0.27337031641679527,-1.7970017526766846,1.4065340421593937,-0.43132232319588715,0
-3.6261221315546917,2.6170708466818624,6.020834263066813,3.694946428155023,-3.0881410179675743,-1.1261045598031652,1.1222038526947016,1
-3.1499866376407115,1.2337078981838756,6.176808188078796,-1.6090547413586893,-2.387962346601677,0.45674887141035025,0.4893512119139508,0
-4.429642565677074,-0.09158466238879803,nan,0.9119427949255312,-3.151432899526213,0.09253631745162647,-0.9377975400247273,0
-3.9794574574606916,-2.365802337913454,-2.326339793315956,0.7631549648243215,-3.006742685145495,-0.17776942062869966,-0.10493283518436879,2
-1.4953634417811448,0.9342463268461114,4.551553611153564,1.4696186375447067,-1.6013393531416906,-0.9194182198463121,-0.9879230831632335,0
nan,1.2267786408099202,5.983132666440575,-0.018602771280552488,-1.8533803647014717,0.3557550949594986,3.039846865901212,0
-4.633611276389336,-3.9710968458463753,-1.2824423363239257,-0.27188205534696663,-3.6901296777452472,-0.9351413934294548,-0.8880588522586513,2
-5.188664274746854,-3.1949094268354408,-2.4506429043159836,-0.30084065643430613,-4.3725078718493,-1.1039292937255687,1.9122189083662577,2
-3.5717336041460674,0.037050771497756596,6.3430911026353085,0.34731194031806295,-2.8215937640078677,-1.6428405562740098,0.5706686411458218,0
-2.4022747788951366,3.481414712727335,5.556073028450118,3.9829112841636163,-1.5352505379314447,1.5877493118066124,0.17506691897063317,1
-4.449464130688405,-2.488881100501733,-2.572250441327564,2.158285602275116,-3.4048830563490298,-0.6836159303443313,0.10360085583032298,2
-0.7706898635375025,1.6944456915711614,4.771079920262159,4.848498915559046,-0.9478901124264976,0.616970418923841,0.24787013523394463,1
-2.7445120359639392,0.6264733604721715,5.640715338416676,-0.33052069711761656,-2.736069896436594,-0.7567486165106297,0.839828519357385,0
nan,0.2986904405513332,5.739401409477644,0.29381261108203877,-1.1460838803070095,nan,-1.1767565963116882,0
-4.811830397135212,0.34374819670581525,7.130894396646887,0.26274541143026403,-4.2199209177780315,0.46839004419227215,0.9577332514952539,0
-2.8935768802562434,1.9404445092577247,5.37148549816879,-1.993896254215094,-2.042384165059057,0.26781803174184476,0.17162047769301808,0
-3.1323363498007954,2.583001925226389,5.593298861938185,3.770029821915482,-2.387886173813519,1.2289701764105305,0.4567901120201537,1
-4.026503505122562,-3.361161650567614,-4.339788063169431,0.9376499252620909,-3.713262584804177,0.10063439585096508,0.661350486434126,2
-4.255493021003617,-0.10739508931694453,6.398979982800247,-0.3186455510599024,-3.4078643463438776,0.3171124915250566,-0.05008379722833,0
-2.905738580774761,-0.130274699409201,6.183890864946116,3.9845569250783694,-2.4201873935644813,-0.93576020299561,0.8130968903815186,1
-4.656196111108813,-2.8350559207261066,-2.6801406168116024,-0.16540849108789246,-3.414574335782982,-1.1123206398882994,-1.0321339850053723,2
-3.9917180300968225,-4.091451900238165,-1.3742704439723517,2.074888720562838,-3.454481502268809,-0.4340446192252314,0.7620090391000134,2
-4.749607828028936,2.9391245718479855,3.149166909424559,3.2498528817516616,-3.883290033608348,1.7532348686571004,-0.4665982246066526,1
-2.971464272066176,2.1909338818922524,4.621841658839125,3.85249271249421,-1.9136816432317596,-2.4524580839072003,0.14242638409993566,1
-4.0519217741957485,-1.8623502645569996,-1.7272085568096955,0.8183854262246462,-3.0646825678647853,0.276094005394088,0.9176775962301967,2
-4.981214930791631,-2.6135471469061313,-2.4563939445778,0.13461713137943543,-4.385158396610938,1.9964405935170875,0.8292708005751265,2
-3.111234444621307,0.6718986149817883,6.309876392448425,4.119365757477528,-1.8890183155147304,-0.6297640866223887,0.44473219543435744,1
-1.963030846295886,-0.2694771866450715,5.100416273159842,-1.1785292926175077,-2.1241787979177573,1.7259035761429087,0.2703994094611515,0
-3.9905370056610003,0.041704565843598274,5.09410816898513,1.3455493583791995,-3.4006619581705966,-0.25419661927568,-1.9240650220141107,0
-2.4309397058849926,-2.4781605925195986,-3.3262692647790626,1.1119396264991999,-1.6414857354784467,0.9931992624631095,-0.125739386234765,2
-2.0081320618058176,-0.1271140519913153,5.871484130876275,2.1658989416736603,-1.5129368367997043,0.4978725696765524,0.692557862637635,0
-4.858712349529885,-3.5116305164368784,nan,0.036781340953557895,-4.189878253906178,-0.24412148337435383,-1.6146062264062835,2
-2.1899439486437204,-2.6363826061460527,-2.6632346547405272,0.9100525951939089,-2.007639051389683,-0.6305390760650158,4.083823030413918,2
-2.906130598775351,2.5236314529860655,6.74670957743,3.4114091153931985,-2.307969320627138,-0.9201164761366338,0.7829637842395015,1
-3.646343141095968,1.2062688168712505,4.981246476171181,-0.26523302147752115,-3.2518201899236017,-0.14143581461584234,-0.5748144811732161,0
-1.704237410329592,-0.042504541828491615,5.08778357025201,1.5007098037198945,-1.559771260001423,1.356503762725631,-0.8732770313592902,0
-1.3461331266544183,2.873197175635364,5.383313096211364,3.6210839093734766,-1.275921089000068,-0.6423649411364094,0.1825048385211418,1
-1.4857997079065712,2.3829330177079138,4.106170411375385,4.241559662453615,-1.700580123250274,0.8499015655060757,0.6522359272118535,1
-2.3607700603030493,-0.4625908511965352,6.865001494489867,nan,-1.6636019975516199,1.3054756179114,1.0509916746882624,0
-2.817768786873004,-0.1036808435335862,5.3747439485747694,-0.7313162059715543,-2.6629244001092376,-0.3523733918652415,-0.0706833609453985,0
-2.641739055982153,-3.6025401214747346,-0.03559272708763503,0.7748254312836103,-2.130804726506586,-0.3802557048528153,0.2034184621681822,2
-3.6172826608522675,-4.001176510355278,-3.022038880805744,0.9697237036857906,-3.1741608621804698,1.3817532939284427,-2.2267018245299126,2
-3.5775961113784254,-0.5883939453860666,6.899946471097788,-1.3261355169828088,-2.969968578807173,0.38429565608907656,-0.8310843138291155,0
-4.151964088689152,-1.9441291082444208,-3.5439670719200467,0.8261868992258263,-3.4006679954199455,0.6174082616044279,0.4118483994687353,2
-3.179231599034838,3.561894695037936,5.130617127734633,2.6671591455486223,-2.8100954270372154,2.024496538323966,-0.48196633152436685,1
-4.414099872216125,-2.8059238204153836,-1.3959542651387138,2.187460748775238,-3.755318518636236,0.6033203228131929,0.9407123209419742,2
-1.534636340444699,0.6427068656337624,7.8523669509436695,-0.36461040826581675,-1.0901104994671857,-0.06816312875038404,0.5375958983705534,0
-2.681890025162448,0.7960440782680636,6.758354524742898,1.9001763136794958,-2.8639293115488655,-1.1428774302819227,0.5373112612780014,1
-3.7093061718724316,1.8027570675316253,5.345407003439718,1.523839012828715,-2.5153845230594483,-1.2752886951167242,-0.3625233180269972,0
-4.892909387543217,-3.3069786292942407,-3.06218292254956,1.615304971284067,-3.9907306472121316,-0.29876955987807574,0.09590425972248659,2
-3.8473872485840994,-4.841831950241277,-2.661929037327442,1.3797775732959443,-3.2683611125996026,0.5414111522049831,-0.4634329901850104,2
-1.6555415671376807,nan,6.849713891674909,-0.8575980891003001,-1.3275663076670998,0.6969034574983399,-0.17547439268209383,0
-3.298439451294754,0.6078022017797431,6.017191651346133,2.2615393920311124,-3.110964514453299,2.039512077599284,0.06919410913796482,1
-2.5137123157586023,2.380860949592549,6.189135285684679,4.177036154978211,-1.6399950478448786,-0.552782609363954,1.9709599153351238,1
nan,3.299536281408062,4.807072842071686,3.2647618035660964,-0.41866290864807326,0.9829007877026428,0.2778442475420322,1
-3.0918145486463016,3.272009153744591,5.441560249929789,2.1726047356125875,-2.3569174873970975,1.2356632100435305,-1.2668939330838875,1
-0.7815975846595064,1.7244056938526495,5.551970880802474,3.811865892891383,-0.4703310876597038,0.008037256180171993,0.24825105348893892,1
-4.012023944419318,-2.3797268085762826,-2.208212175155005,2.1777764270633204,-3.8355091002098622,-0.1733503600626375,0.2870783401630856,2
-4.405430055734983,-2.820618034611714,-2.270466996482417,0.4466212884760167,-3.555345698729266,-0.5418173851182345,0.9898446303953524,2
-3.164647999516596,2.8853141648020237,4.771349354826001,2.4485168665647494,-3.1583562348644563,0.32219899310212863,-0.949766337670092,1
-4.3148940939159965,-4.439558374731467,-4.671432649564914,-0.11873623107788067,-3.3193239146808318,-1.8932171527690416,0.954190791851629,2
-4.376143169625522,1.1077904617278924,6.553528210263133,3.775047979483241,-3.329677782412726,0.21928640482758605,-0.7241091609130877,1
-5.627667451371329,-3.8989981687561635,-3.8303117374728832,nan,-4.986185810597367,-0.30922605785598767,-1.1550736200251126,2
-2.3580629971953515,-4.143377034115471,-1.8709926643992656,2.0718025061976615,nan,0.025512707618971397,-1.2463328088396453,2
-2.121051988210845,0.656354953719316,5.846741293026186,0.8376985982651521,-1.5217930959183623,-0.11194475012405665,-1.2650772835373487,0
-3.4027925244094934,-5.380227805665437,-3.8282794971205703,1.500218040507983,-2.161370460261583,0.9579379923212029,-0.053602183966641605,2
-4.006218897262223,-2.7688296253699587,-0.9146547289353062,0.6551730668741889,-3.2493209030939965,-1.6775881186106827,-0.5032381991900523,2
-2.975714313652678,-2.9468528005706887,-0.3821305164538522,-0.011978242854622012,-2.1218988933115344,0.9661701379526776,-1.650457461424438,2
-1.2767211879613856,2.5839372384024255,4.577701122281319,1.9406343706792544,-0.9807079326215489,0.8979449494755951,0.6809466383840673,1
1.3570431191211867,2.1494607556827976,5.513056532799047,3.4195799607412534,1.0661717776130566,1.5549152169329175,0.2874478599959626,1
-1.1984570334478182,2.2793588755617025,6.013345638890491,2.996818432253847,nan,0.13642076153182323,-0.160139223769249,1
-4.504947365401808,-4.593436957772511,-2.8867856405756487,0.5521818792013384,-3.4937897349222657,-0.9941033453193737,-2.1617572095394624,2
-1.5661614449433872,0.30383691415590564,6.2870585079618095,2.0110496350942344,-1.2910452454597476,0.44886471632725555,1.3179344689988712,0
-3.7338482922809075,3.2533883865168463,4.103801035012938,2.900481442868703,-3.066727829076584,-0.43451524128336483,0.530668192004215,1
-1.0623114232064998,4.701636712920127,4.803454099038252,3.3362006414619123,-1.0741261333312706,-0.7580814737597651,0.6548353697745505,1
-2.7276998927874576,-0.020403177251498983,7.26235998137795,3.7661005082836376,-2.1932788144127096,-0.8951115473005016,-0.13317539431751196,1
-1.2960686461816477,0.21240188689035266,6.148275901829946,-0.6023693072058565,-1.3936171091767173,-0.7787586999774474,0.08478552493340685,0
-4.0309561371508105,-3.761937185307703,nan,0.4463503565997118,-2.888437697907852,1.5106925381776364,-0.39900732002715417,2
-3.595857927138334,1.0164757536060194,4.368746741903466,2.698400805750422,-3.1509868840911333,0.7825436101246043,0.4528104360718925,1
-1.298407345858433,-0.6457946618955009,6.694781679863405,-0.3047596147197053,-1.4912645619544656,-0.4504307325802985,0.6022170620357993,0
-1.9898868747431182,3.185988277660514,4.285342713024789,3.743006534366889,-1.4488813105870455,0.2801497438517745,-0.6879330082989163,1
-3.0107704018470014,-3.2154483315666225,-1.4442059584840108,1.217425602273627,-2.368751552460613,-0.34376579770080135,-0.022246032356732528,2
-3.0409658715488552,1.0923035497979288,3.485032686450461,-0.8382384203151625,-2.689211532612675,-0.5351991076262631,-1.709339814455054,0
-4.728994886565416,-4.341483276838325,-3.2249509344251455,0.48224984606192123,-4.0439865186176585,0.9568052203034597,0.47781674133628865,2
-3.1221404521735607,0.45059792046261743,6.556203585645303,-0.08460809096384347,-2.4790401097261423,-1.5668626420562706,-0.04076338780095983,0
-4.740778467451496,-1.3937625826549258,nan,1.2096025153675862,-3.9543456117959117,-0.6778798661184481,0.6029188686005171,2
-3.295955118548326,0.10209305317961548,7.081485660693556,2.145035254043608,-2.3845544916727155,1.6734237036128803,0.8228443295119783,0
-1.5403977058456655,0.38517668541271566,5.82763459095829,0.2855571078813836,-0.7777753780854694,1.4343001652534413,-1.070919319296476,0
-3.896684841069165,0.19860013752643313,5.454685809270412,0.30872388326155725,-2.906048442761394,-0.6969135931179644,0.03496114398358797,0
-2.6629895431743003,2.782891150764155,5.569604633988961,2.675349567743025,-2.2353888336881664,0.6755898894552012,-2.0699487140171455,1
-1.964217758942581,0.6384849672960524,6.152793248689463,-2.495560013965936,-1.517803584685024,-0.8860192665060701,1.2446039176886075,0
-3.799882653918101,-1.7631171056268937,-1.7246610808377878,0.7138779001032838,-2.714872347808149,-0.4276838483490201,1.527711825232307,2
-2.134280819044748,3.459642447859913,5.301254842866633,2.88084737282432,-2.0458604250382733,-1.5195738536420271,-2.1797075728032755,1
-2.1123905313821036,-0.7529225366889979,6.623441539274747,0.12575355117890147,-1.4556791421206823,-1.364320729158135,-0.5733252630881834,0
-4.495472872349258,-2.599849825917028,-0.8513255997105686,0.17988808904616038,-3.4133042454609055,-0.7357104334811342,-0.297206951510905,2
-4.616350815219927,-2.397244387307517,0.21915499570348,0.9929314311679129,-3.6563804752947147,0.8047376229082083,-1.8686281975872026,2
-3.624380814605063,-1.23173456001369,-3.051395275607943,-0.8597299222790767,-3.455358578642639,-0.6996909960695757,-0.027950198612614083,2
-4.230235830210719,-3.5330343198743943,-3.705445232172569,-1.2846634202677625,-3.5569621714796433,0.36618416788566305,0.684815177816268,2
-3.129548173396506,0.9041016380712261,4.541435099755251,0.06809381628427863,-2.581785790440043,-1.5255173325742672,-0.11038849992062354,0
-1.6932645737909615,1.2070591041620822,4.45562617444873,4.188726696759346,-1.395621798675852,-1.6639281217374782,0.7648187365739683,1
-2.7726681869621412,1.221017079501659,5.200086596588794,3.1673358180503253,-2.6778798698091615,-1.696288503321652,0.2594053655049413,1
-1.7627306227525397,1.6900217553262027,5.668446969835903,2.301196638007334,-1.6990995029786813,-1.1433028021568354,-1.550934649463367,1
-0.8864625033243501,-0.18591687965627746,3.7131513334453734,-0.44003287355962134,-1.051876671820148,-0.1677508399900014,-1.4704860236516282,0
-5.0094561372687245,-2.5463105605614924,-2.641434277137659,0.2688787426339426,-4.259569952592183,0.45598108747328,0.40228879915379395,2
-2.90874145904794,1.1714251185938156,5.905845376582311,-0.7138692636604329,-2.1542318623307075,-0.3013271502858909,-0.6141792175811801,0
-1.684133774710161,1.3697985594245288,4.051237955993198,2.159082675715104,-1.640360331479469,1.0776864329064082,1.704563021014132,1
-3.326632331824409,-3.704935059280457,-3.294329684132427,1.7653428227558634,-2.682275247318198,-0.6414034966882052,0.9832199437796397,2
-1.6214997769300807,1.919441629835858,5.83564638687415,3.736023212763576,-1.73497424180474,0.2718501912324096,0.3766474129189158,1
-1.7614249699901379,1.758326455490671,6.317696992108289,3.408501947821722,-1.1936827423535659,-2.1439346436022872,-0.2361029294942974,1
-3.329317080056008,2.23980959932542,4.667328586628606,4.0838334567901295,-2.5846020011796007,-0.8593002365713305,-0.3869309820835951,1
-2.449195167762648,2.1038934306773993,4.650483012688419,4.5274804501119235,-1.9932444647302225,1.1635521380934826,0.3631963457233724,1
-2.633895000260807,2.482987519079069,nan,3.38504159295235,-2.3666693835094605,-1.6584400383558218,0.47989472696965085,1
-2.6295660649834254,1.016434715762115,6.7917219557289465,-2.042422938734978,-2.422874125086188,-0.1150917471760134,-0.43647580840642536,0
-4.695844296210474,-3.7838070807567767,-2.032596949129318,1.1359008251581328,-3.3190578254632124,0.9596465551159183,-1.5390512006605448,2
-3.878066190588882,-4.929403261863922,-1.932985616083428,0.5207058504271447,-3.3222007931748534,-0.6035530146142997,-0.8352061299383873,2
-2.6517707244533155,2.992176077412493,4.199279175688309,2.4624805637010367,-1.659079573226299,-0.9690925477048339,1.7956376886130216,1
-6.207700456676272,-1.0591421541637054,-3.0425156953761823,1.1481698409724803,-4.679552046987842,0.10725287490573472,1.2187591192603047,2
-2.928563807959787,0.9882155956895191,5.532647297628008,2.3049346857624027,-2.282575134354689,0.27984365837957703,-1.6023510903336173,1
-5.5890865562016385,nan,-3.1124660640447446,-0.539718146039129,-4.540506083966196,-1.481390086728317,1.105732028418132,2
-2.519679233197624,-0.7498037410551067,6.337692929324831,-0.689524185822235,-2.1357561215649983,0.24441930417240193,1.4713554296878835,0
-1.936412019270949,2.7760591655144715,5.55704719308212,0.3899386045577818,-2.1194975420347117,0.4278643331062614,0.09873810837433472,0
-3.277624097040023,3.4716053438329917,3.3180126918719264,2.5864007951324544,-2.8934943465121217,-0.19528589874171096,1.8179786908848181,1
-2.7080049000084645,3.214816290510433,6.094576948809908,3.6793668743404098,-2.097214284306509,2.8135836481314933,1.3055226165914657,1
-4.482769328100325,-0.10746257019584882,4.5059210862570405,-1.4462592033810517,-3.804813723344397,1.941215024565678,0.6207957511476296,0
-1.5560019234676905,1.0815540178966287,4.292750582492873,3.193951208450427,-1.4413677515929384,0.3623548214904731,-0.14448168329657002,1
-1.2619351319317822,3.3851681826356352,5.931553795549343,3.30158473158514,-0.9490698488360874,-2.140129491410385,1.2122391958323944,1
-2.724278831282988,3.1895613419928255,7.924619282125136,1.7381901916355182,-1.7570090283110829,0.8912640865165115,0.651596179307329,0
-4.836326810861693,-2.2977459290953366,0.5904363415797038,1.0346757030418399,-3.4446887751616053,-1.9582951607573318,-1.1351259166041734,2
-2.4675835605588077,0.6340040495750734,5.952830283992121,-1.5653748841654618,-2.3478506407520716,0.9944828441075806,0.6132544524618456,0
-3.8834931875838286,3.963451531913378,5.213799510374761,1.501125172438,-3.0186917208527713,-0.7486888561474309,-0.4117300280587025,1
-4.6393557066866755,-3.2684810510279334,-1.8676433866637074,0.4155797000847975,-3.881624842255922,1.158616734325264,-0.35309447319334897,2
-1.7248585067997708,nan,5.5216817343804045,0.1966753983425718,-1.6361890052937094,-1.314469872761771,-0.16870777815575264,0
-4.746646154447866,-3.2851500341704165,-2.7102666745827886,-2.007269029377734,-3.687544193298896,-0.7903339051588397,0.6510478014700084,2
-5.286221832292786,-2.3108664037135203,-4.663634727100046,0.03936431585843836,-3.6305989407210513,2.362420852441559,0.20315097803649382,2
-2.087689901733074,-2.6105912972730363,-2.281171237735159,0.9337106634100627,-1.6115245894773889,0.22135357579273887,0.8008452891346275,2
-3.2593077969926467,2.3013595405968306,5.438072354040259,3.5241495901440634,-2.4602047720529465,0.48165098299682796,0.9028396213208998,1
-3.5602032845371347,-3.709388926308174,-1.6508645592115039,1.5184926031161057,-3.1559034196430003,-1.5223051942418913,nan,2
-3.8595227007748556,3.5852349474242207,7.492984579599211,3.7237656218179866,-3.233419451088341,1.0415585199472002,0.23089785227613543,1
-2.473861969070319,-0.20095432835497518,7.218129400032623,0.3553045374591985,-2.158837232647274,-0.764498776584314,0.4821474680166609,0
-5.494386381263512,-3.7756624095552125,-2.1743695271866623,1.6665940415879192,-4.7822973856704785,0.07989546721785014,-1.8498829156547312,2
-2.712921166519976,1.8256990044811952,7.515348260059765,0.21237472688202513,-2.575704635228037,0.598222514482171,-0.0785033178579113,0
-4.128205032766409,nan,-1.9482426614799124,-0.58824183122232,-3.645137815533027,0.7770899591052415,-2.1923939977647318,2
-3.2169499923562186,2.8655536659718255,6.171178876489181,2.394472618707193,-2.730094855701923,0.9875283618026081,1.1793889844455914,1
-2.8107274497057837,1.2585478445788574,4.613228212111464,4.277421123512564,-2.558823909495875,-1.130044636268168,-0.8826113679411467,1
-3.406727310283526,0.7363987340971501,5.354787947671285,-2.0177933141268847,-2.4755060250567054,1.2148455327452692,0.8036560045774207,0
-3.1757219653658186,-4.281813111094657,-2.8094757161686648,1.1804679681724823,-2.6748895833473187,-0.33928499585013183,-0.0057504736279017565,2
-3.004876151411429,3.164224569808095,5.705174679619489,2.824919757570503,-2.354034056647452,-0.0668653244374364,-1.0201841305737605,1
-2.9008375290669988,-0.25953162293039644,6.380490421879159,-1.0212815523594059,-2.8151299185623073,0.13413970024056748,-1.3541473676128686,0
-0.541375592744183,2.934110529955927,8.109196042081631,-1.4863421761285347,-1.1672057276546393,-0.3217419163332619,1.5300649762286804,0
-2.692361603511144,0.48531924534858784,7.061339265640601,0.05953689592157957,-2.2740578610197,-0.3468733394046822,-0.812441597058948,0
-0.8969939643690843,0.2905706828825255,6.658641849242157,0.4739963381971633,-0.9499818784674635,0.18975607169076866,0.45937984498581796,0
-2.0476597786075534,0.8225582102580158,6.007845921579282,2.977835258261887,-2.1071106897040295,-1.0698629351702489,2.0796710117104644,1
-3.35895388471397,3.5500545350614257,5.345291360141055,5.77797736279066,-2.949840498071465,0.8693608286134384,-1.0824237532935541,1
-2.133281671976202,2.4393392697629417,5.260548755484298,5.001370854996139,-1.8938681825877752,-1.5351852857381647,-2.2136078699251365,1
-3.8885645592710754,1.4650916060242913,2.759951482474201,3.2843544608242987,-2.6496490512977915,-1.255500302500983,-0.4656380799038172,1
-3.312628590909241,2.1518241790271997,5.76048449078098,2.533743120442012,-2.562722568463858,0.3275580258745652,-0.5753879158671947,1
-3.062201160933298,-0.2521525458107795,6.199907647618785,-0.6870433344637872,-2.5127739154673443,0.6695323338696103,-0.3331435041970796,0
-2.3310676060187716,-3.7247402168890353,-2.493146148041514,1.1074961798868719,-1.9232781881863936,-1.8419214395516188,0.24215015353400654,2
-4.584029145792708,-3.2551999788402535,-0.9863288965569537,-0.09697722510355888,-3.672980531334442,0.7200304008425252,-0.12225051381729478,2
-2.89136827220301,5.076684720319284,5.761832587484382,2.413156127700449,-2.4416096171946884,-1.8050569300931802,-0.3376451151214084,1
-3.5670494056706783,-4.605871990778802,-3.576058842053437,1.2801695138188212,-2.600305673020083,0.14238998329396144,-1.0992351444172543,2
-4.659545610087804,-2.186964980747919,nan,1.4947816409515775,-3.5499582397102736,2.584569121024655,-2.5402339224773223,2
-3.2498635241714062,-3.174154870777718,-2.137480829494987,0.3405797653191862,-2.3736606544384298,0.20947364296866788,0.8645116054600755,2
-2.031556497802374,0.36336587383642427,6.081915941280956,0.15237452453159367,-1.2605493690307832,1.0268258673063664,0.5141469754472746,0
-1.3637543415290563,0.7692569267094822,7.7820218400152745,-1.782554310348244,-1.0061229178536928,-1.1944742958684165,1.7702656246182082,0
-2.2715847583761994,-4.031371783226558,-2.887717308696518,0.26004094957397206,-1.8973417244242206,0.6522346210231973,0.8498032945678459,2
-3.1289451799336327,1.762422224347163,4.043199324730272,1.9157192153940386,-1.857565698618651,0.37504520994952123,1.7302375613124152,1
-4.141511930650166,-3.4553741785288103,-2.2253816576973398,0.9094621627555461,-3.6789139802820965,-0.7450532209374746,-0.26287971946861993,2
-3.1699225968338607,-4.043275803803578,-3.5151148601132127,-1.5883376169360117,-2.742417742325137,-0.585492445686528,0.1634508946416845,2
-3.518373494332244,0.015422618010240696,7.784768558994449,-0.2969160971340409,-3.0444294106411527,0.6735230966596693,0.12328051034938238,0
-1.8037453001563097,3.7590967698473188,6.268519208615834,3.6862264934620845,-0.9601999590358515,-0.2999804164176584,-0.8381951456678625,1
-0.7307388816984043,2.5353032175899752,7.423367634224633,3.3977785664010938,-0.17805585132706342,-1.1645739801844928,-1.4288648480340982,1
-5.2017819640374015,-2.3586748980671497,-3.264939797398591,0.25048292694060326,-4.186641361243323,0.20524739841275794,-1.7366829160245647,2
-4.505165747560248,-2.574202774845813,-0.43815037522270717,0.26850050416974613,-3.4026723667990857,0.04684801219643488,-0.6443929011220071,2
-3.3303536881420515,nan,-0.9088524907161528,0.280405844707331,-3.1762672055945105,-0.8260601178690921,1.4425741821686962,2
-1.7207549477634836,3.937945189268654,4.637849775611598,nan,-0.9064582968402313,1.2276168646262116,-1.4209540233925462,1
-3.635337964529903,1.9210261978824983,3.60650048663119,2.7769375295161494,-3.368071414227866,-0.6360827146156989,1.1623284042227886,1
-1.7844667915958516,2.180316074339043,6.228692827318068,1.8030498090708953,-1.164933687553798,nan,-0.7106088595186797,1
-2.0598208285660577,-1.300563220468614,4.915690802138652,1.0600751189050508,-1.2649165016736679,0.5861132609477362,-0.3211849737669077,0
-3.6908366290633308,-4.621240880731205,-3.657660536509469,0.700606099120141,-3.07897659574711,1.3094772989449124,-0.8480737269004957,2
-2.446260477071075,2.3315336762719885,nan,-2.4054958758412064,-1.9272120897537695,-2.0834858606862197,-0.7180011905214401,0
-4.197779864259687,-3.40440792136405,-3.334074251583531,-0.010635628478368409,-3.366458811051776,-1.6639057644506503,-0.12928258311469196,2
-4.213321089226198,-2.3313647937316624,-2.296334589688,1.0714601073183756,-2.8493774115887875,0.9040585252597279,-0.5800772912226738,2
-2.1183138368132957,1.3586466017984802,5.462327888369381,2.544507839658877,nan,0.15815799998061383,-0.6467844973292413,1
-1.3604369021033673,-1.5872199468692862,-1.8534259272464952,0.6394572229259945,-1.8292431143696297,0.3192938813599321,-0.06965895145294994,2
-2.121312633876774,-2.481081681157664,-0.800384467382929,1.3923005607716674,-1.650532071558192,0.4318731472893818,-0.02210587609186847,2
-2.2424980525354226,0.81727465315633,5.22270472998205,-1.0660308103101224,-2.170728304408478,0.8533906998040641,-1.5398822096348406,0
-4.50676573269939,nan,-3.5516188707402345,1.6259450703130072,-3.4131363846676437,0.37735138522918,1.0649892118377082,2
-1.8271165509837988,1.929684088632602,6.459184520526379,4.486311810234356,-1.4436660828709218,0.20419298530470348,0.8693946164246595,1
-2.620377300543,-0.6158235824179531,6.028589622951776,0.11421726323420839,-2.140079393574687,nan,-0.48709540845423294,0
-3.1093305912180234,1.862470928732391,4.391502291111863,4.1039859481599255,-2.648943434186827,-1.0177579791739104,0.7415934560966005,1
-4.783708349824499,-3.1690782553867702,-3.678776442026677,0.4549171880178009,-3.9895918479129366,-1.6517139898772784,-0.4316095321187603,2
0.49689968331983503,1.3378710806154681,7.010955566135056,3.380153542540961,0.17673783278184502,0.3465284542151375,0.7262878809043506,1
-2.799197531167681,-1.8303171438178225,-2.6945575523156915,0.29502786384522073,-2.1367079009078176,-0.6544312969626144,1.0658317023585695,2
-2.1255857767218878,1.6546249286224635,5.233691492269232,0.6064693528235807,-2.264737177214403,-0.025972555281954395,-0.7391184539221116,0
-4.287099997808925,-1.6789986552968577,-2.1832338066300983,1.9979387816541254,-3.9419259666309503,-1.6403602577736873,-0.22123746599294528,2
-2.884364106032535,-0.6311543147436481,6.702400343277002,-0.19520242473437024,-2.3475275189010136,-0.6055984845958897,-0.7445297736640002,0
-3.335713060261508,2.1505614627286276,3.5892846353211816,5.403031047265788,-2.755497136881678,0.5306001673414333,0.9279999419592868,1
-5.9166519049731345,-3.9326369644650994,-1.2082908858669494,0.6032562899042786,-4.623291196544464,nan,-0.9728488189011602,2
-2.3600659984354557,-0.9711635450513479,7.721100680213662,1.0145277799307346,-2.1187782189832642,0.19974832418071578,0.26171743703483624,0
-2.352303279083281,-2.7241736062956585,-3.3288399530675963,0.14957292758643814,-2.395036378803407,-0.46360418526232705,-0.7209316230141893,2
-3.4043857591715967,0.9846618311438882,5.659251210370602,-0.6518289612178738,-3.018470551001319,2.075205090258508,0.10646212221289525,0
-1.9350542395066705,-0.684617477474803,5.708164700022938,-0.4341165505283217,-1.9173551215467823,-1.3017648543893257,0.4054955342400567,0
-4.78322989960689,-4.070882511518729,nan,0.980732479135427,-4.099810551150833,0.28021239012109495,-0.49268637545340865,2
-4.377301801044905,nan,-2.359986503688412,1.0066357604484808,-3.7856110141191097,-0.19283410839351034,-0.9788596098101244,2
-2.9845338510203887,1.8695834947349959,6.294082561350557,4.059912746832046,-2.841192869684905,-0.3648087920916334,2.534607294568445,1
-4.477990467841002,-4.648463203646186,-1.6284990984232677,0.956118861738656,-3.794313548851832,0.42059542447438564,-0.047770547467284354,2
-6.4762505063297375,-3.2274875629065036,-1.4210803429710193,2.901329709605247,-5.182456650182427,0.7913264085260348,0.4190945534984009,2
-2.4078407570474973,2.39603327707246,4.621333758299556,3.957474601630877,-1.4327520083752654,1.156684816361389,0.2556536953260734,1
-1.6982393936462659,1.0314838875774,4.829116907038172,2.8133887666063773,-1.3483492329163087,-0.28195093113356795,-0.6687632486800595,1
-0.9647535774064729,3.1866469956870045,4.89834883318886,3.7767612397171293,-0.5521054972488127,0.02914187841028646,-1.0272423409142437,1
-1.7152455910926467,-0.2817572713459321,5.533315865156149,0.8589381346289935,-1.3282610453585186,1.7778393038280216,-2.1349531896997123,0
-3.3619177493165195,-3.4251981668968465,-2.1610717250555562,0.5623050680292365,-2.4810904634962943,1.1762362884771016,0.8072949629243333,2
-2.8949872900493743,3.3166155401836557,4.2349126951960825,4.842065062013099,-2.386023668731166,0.2329545531820048,-0.05322375669496334,1
-2.5519904532141537,0.6860270215151136,nan,-0.21480908897398826,-2.135683169239795,0.6320027682927402,-1.5228294588916975,0
-5.474396861000101,-3.974908555601554,-1.9114338942534912,2.102516576836607,-4.241826248028403,-1.541943896609793,-0.5898233249078061,2
-4.30514876373281,-3.70128003256829,-2.5355666272080395,1.3427772703130394,-3.3631337668301073,0.14846280196571213,-1.569840912508959,2
-4.699766858526657,-2.2524267517204013,-1.6821834923695482,0.7823485130918126,-3.6881201865268416,0.542178307782063,-1.9133225808799887,2
-1.354260477734901,1.749312286516187,2.753106061646867,2.767443579032287,-1.1354030072191046,0.8043602615257515,-0.7207934380775827,1
-1.948446061131718,1.6873890366372766,3.9540058893330583,3.6489968325882187,-1.2790286438178624,-2.351103586300194,2.4437373183195095,1
-3.6003099604403257,2.7594447775077082,5.868553425017151,3.8795569436181703,-2.986129616035305,-0.8310915039652559,-1.2462196841118172,1
-4.462241769488309,-3.3883345641928964,-3.175801501418798,0.20006536020758547,-3.6892514562358207,1.6092564779125231,-1.906322509971463,2
-4.528013785188457,-2.7970279914928,nan,1.6274056857743044,-3.367457175281631,-1.4944678649281378,0.8704398072120317,2
-1.1351667389632216,-0.05188635896080174,7.17108535827637,-0.1371380603163745,-1.0266056492637445,-2.270764917110383,-0.8221073318540993,0
-3.5358537673801926,-1.650627561475115,-2.9638115148922464,0.19443732148411064,-2.5283814192182312,1.4155966784156029,-0.448483109491946,2
-1.089852564679977,1.337115428305528,5.119498630522657,2.3345462722195296,-0.8922245093656356,0.7223228660252343,-0.4588120183501133,1
-6.684213665214999,-3.2498724925551263,-1.4618559772232302,1.377253209608519,-4.514706652479875,0.9494115398698908,-0.13177250077141936,2
-3.2470133131263896,0.7566572250986219,6.042584871314917,-1.5814689995196438,-2.870471536642022,1.9350064829711204,-0.06782479712669866,0
-5.829593276022241,-1.587125380954447,-3.3495012217953826,1.44034845884254,-4.688543412598672,0.8788555534387752,0.27861895462062575,2
-3.7541973590667723,-5.61051830134432,-1.9672867955167705,1.230679383419004,-3.5941141176618627,-0.8649315432892141,0.28847642285676095,2
-4.199956755430179,-2.0447246819915867,-3.37233121564566,1.7458145466805726,-2.9608355798044723,-1.4782480242456137,0.03017877582687363,2
-3.734787948836691,-2.963833902765881,-2.1263956272409232,1.9574546624289249,-2.459127803230894,3.6355893644517128,0.48823961329768595,2
-4.058108402995727,2.4937807693081937,3.9333681272247443,3.476969496949424,-3.014286343114749,-0.6199212176163733,-0.4004086208774788,1
-2.0039216350107223,3.150143305330677,5.29281126699495,2.3087428549176296,-1.5676210610349524,-1.5420068850182718,-1.8819010087182262,1
-4.5458550490264376,-2.2610077395283414,-1.8668275590306382,0.7341980076953155,-3.919394687306772,-0.2777716171938253,1.3390479882206885,2
-5.835679143435313,-3.9888796459516884,-1.8828174126868504,-0.07673429775647944,-4.392868361492868,0.8931617042409927,1.616062013124584,2
-1.9531123612780754,3.2630186200743685,nan,3.645116910645028,-1.885940926392626,-1.92225024754455,-1.6884915667655305,1
-2.3546026510220193,-0.830015943783487,5.184478111032751,-2.1149927863883624,-2.028843074105074,0.056963634763721537,-0.4371396871743913,0
-3.0561921579726077,3.359083513553847,3.9193902924755015,3.76522688316826,-2.92510863748244,-0.5561557521379831,-1.9221482761811042,1
-2.5713134043889947,4.267651593080208,4.9257715459088915,2.1059626209197426,-1.923555943638352,0.2248200892082945,1.5637880707018852,1
-2.670102439354946,-2.8119931135062908,-1.4705513718853667,0.7210310693362959,-2.086629458764679,0.5626747375186858,1.144012335155831,2
-3.7750948085080087,1.504106108097055,4.932696850401296,1.0635305400315052,-2.3883098170586976,0.2214021607980886,1.0719444286473279,0
-1.9405420136313625,4.20359412694559,5.028019885604897,2.6588017296798014,-1.532208247031822,0.23510365768925204,-0.5845617651667309,1
-4.831792774778527,-3.7115594875733713,-2.1597903810639654,nan,-3.7956372282028794,0.5014473454611794,-0.9788252609107434,2
-4.076472177324803,-0.20450687365451958,6.0037012130685525,-1.3657347540775422,-3.127459613743227,0.320446904543844,-0.5539561928014008,0
-4.158662528615835,0.7842916275825709,5.316012134687406,-0.03529256120126756,-3.470152561525256,0.4539609603623757,-0.5020593021388764,0
-3.4549276196308,0.5237816700084759,3.557064688165628,-0.6474884528577951,-2.673800302598952,0.9894659305596775,-0.2608241748753631,0
-1.4189698067445602,3.5156735345071546,5.228582842056242,2.884837026060265,-0.8770951783263394,2.6810807175153935,-1.3017346608260816,1
-4.370862360586294,-2.405032566738651,-4.054014937729706,0.8288358509256359,-3.5605411299905985,2.9663907659470814,-0.3688447092581295,2
-1.19787337174583,-1.3573460999112315,5.579865505471311,-0.2296862290620493,-1.2311384209866678,0.6175701994078429,0.824956460508524,0
-3.197440143199782,0.9729334944796515,4.853137547939588,0.38658909688353643,-2.5846890059427716,0.9459607855598134,-0.12053496815908223,0
-4.279223481783902,-3.3255038230279164,-3.3336361065429148,0.8462861741387253,-4.001481133760031,-0.8673955455299434,0.659815201120091,2
-4.301746819150834,-2.5214029995644767,-2.6317782082798287,-0.47743106703193006,-2.7001400769592117,0.6847191764217841,1.2048512416319435,2
-4.643174062517782,5.036122992833601,5.513170794082477,nan,-3.488704511145614,-0.14993273841151875,0.23180201870653158,1
-3.786525783418512,0.7240008268071445,5.562006555079871,0.38053085166618345,-2.9186860288289247,-0.06786192569626465,0.050825135834665545,0
-3.2441078917747275,-2.6354568272628347,-2.340053286039376,-0.2540852118793878,-2.8195405637749134,-0.09920274973229282,-0.2979274767613624,2
-3.89135592306194,3.442146913503428,4.098680504817102,0.9323722024989856,-3.6377135526624906,-1.1356927525521099,1.0738899479099426,1
-2.7152212351370517,-2.8928942770704973,-2.0526625651191166,1.6561035741585912,-1.8314137863892106,-1.0829106162659456,-1.3481457424059122,2
-3.0849556291489635,-1.722532304632594,-4.261696584276704,3.001529413142981,-2.267695946110391,-1.3080590212365528,-0.030964171905941935,2
-4.842716699041627,-3.499999268286854,-0.7423934385999229,1.279022034833186,-4.07373709479554,0.1772704702246074,nan,2
-2.276075442588613,1.9892626642954534,5.434807833535363,nan,-1.9030977470282429,-0.5271537416397782,-1.9305044251885113,0
-2.2092791878990643,1.9485381134944655,6.8568084978024775,0.15181475971226882,-1.7125363883481108,0.2398175388695832,0.8218299692329301,0
-2.3535647249950173,0.5270244894686897,5.717207877107185,0.7580322016626593,-2.2872696052470793,1.2153141411254607,0.1204575022492926,0
-3.988646925265703,0.31970052969205254,nan,-0.635235039939219,-3.289670276794132,0.11792506123255489,0.5795770396268207,0
-2.861318135063001,1.534236477334579,6.160135420868808,-0.5646611692375942,-2.0736529895639624,-1.0025934802136747,0.762259085253903,0
-0.8355926893331597,1.48149598844355,5.708007464493187,5.364316714379502,0.1747636783880595,nan,nan,1
-0.6034653159580193,3.2932099915680055,5.475279379782773,3.5732786047820055,-0.3257477103176336,-0.14832234516301981,0.798348947569033,1
-3.8730320022933507,1.5318884806234605,4.856417871503111,-0.9770021386325298,-3.2588312539389697,0.7449046425641218,-0.34091681884034414,0
-1.6863642931129394,0.05727765767805615,5.59148386376455,-1.0306017542402515,-1.8480786705511363,-0.9743900556810383,1.9345646531819554,0
-2.8246222332856936,1.335364712643947,6.9310222486336555,0.9680738406717582,-2.3794698995359136,-0.9305424979369835,1.9111210688353621,0
-2.4915607602059504,2.5370054736603147,2.741381406789448,3.91604435241101,-2.0994061780443296,-0.43084385038529255,-0.9894039823223035,1
-1.3254465599805036,1.132143591585888,5.324226600345204,4.282504927762977,-1.4390032228600795,-1.4469166020441355,0.587572877204411,1
-1.5730641338713305,-1.3749490003417613,7.544858111604499,0.06370710799065976,-1.3888297437609078,2.357619909676841,-0.8254596567034732,0
-2.902736431001247,1.2415725286835768,6.448115630509509,1.4446487974441167,-2.128492388612373,0.7813615357278506,1.7055419375819674,0
-2.980992886755481,1.9996028133289503,3.730469404076053,2.842878540826568,-2.498215436081659,1.691892566075971,2.0411693587112945,1
-3.110395279948759,1.5805024532427692,7.449859685280112,0.2155082128277473,-2.5848294339415396,0.6914272274893772,0.22160663093237315,0
nan,-2.525153048604479,-2.0620141573878663,-0.8109195885754171,-2.9120050125706323,-1.3100408104191643,-0.23481232596200902,2
-2.9366239647706216,3.3915725195228195,4.561634434000116,3.5442052597893756,-2.2266177793018342,0.6385089602874768,1.3777244787247724,1
-3.687379732980056,-3.0147920423458388,-3.832566832407293,1.0907868601160748,-2.630752638462412,1.3170378351313476,0.3673522260592368,2
-4.306019379593116,-2.1880842088676995,-3.4121705516340852,-0.16968603069965804,-3.0538067909452526,-0.21922108393244816,1.0397789311747798,2
-3.1733525009709274,0.8509464769785264,6.081885063652251,-0.3308188411304407,-2.7759424262623877,0.39554047598759884,1.1761202279035927,0
-1.0711005739106705,0.08245005342509859,6.234903092602606,-0.7788156416354359,-0.9551216841781577,0.6657708851665252,-0.05521475368266133,0
-4.1125818782705945,-2.206131983386517,5.928043353920881,0.45180898477033776,-2.621960473808404,0.6137425166481578,-0.6093183501644792,0
-5.634080209371334,-3.0511787934455903,-2.6654284819082847,1.7259973361174992,-4.926431750394828,0.34554345320862967,0.7276191466093552,2
-1.7520779424571562,-0.5594509911736739,5.499758574562317,1.1287670877823774,-1.2797234074779547,1.436413722246824,1.3322119464544353,0
-2.2049379383943237,1.7246233722255018,3.567044957703671,nan,-1.485554575634811,0.33441062804900806,-0.9861310006284835,1
-4.291749190469913,1.653292697530775,7.458814594684643,0.29054085843134864,-4.027960226102254,-0.16004670991418252,0.38625244181558316,0
-4.34226417197742,1.043076937947804,3.7843103536745852,3.737439557617453,-3.4198526585951816,0.10837169318241048,0.5359774444754327,1
-2.422794138664537,0.3265278246682044,nan,-0.25153951008649045,-1.8976288827234944,1.3836898457194067,-0.9876435462413214,0
-2.078296976839415,2.519713312694985,5.876859978096456,4.820034129447188,-1.7929728797071247,0.4954784249392345,-1.2442398044427099,1
nan,3.432130407006551,5.362599058394,2.5060810024405598,-0.5247121087081701,-1.0165183865245782,-1.9322977327047168,1
-1.2738287401711346,2.7908720220910013,5.190294949819543,2.928042885174575,-1.219790918824074,0.3604638153582946,0.8351684761624101,1
-4.174833705150511,-3.259022695042855,-4.356259508176448,0.7554621313896931,-3.4551538164610016,-1.0200969724426612,-0.9159193191744887,2
-3.7091049094062494,3.4926416904847026,4.063306683906814,3.3395084521131144,-3.0602060511759785,-0.10386245763303928,0.3575288922401285,1
-4.3154280851729725,-3.953704240612211,-4.238454112369607,1.5401843633469192,-3.331434064711237,nan,0.29634403957460287,2
-2.798169578027896,0.26754308323752396,6.384463088544461,-1.4658900452672514,-2.6402962822367226,0.9510212395868948,-0.29224735999191065,0
-1.0047008372362205,0.5869782613836944,6.585550416977211,-1.1587700852271414,-0.9452667756208183,-1.213459579285426,-1.821607577366413,0
-3.021018839624501,2.6743790962855027,4.376088332033993,3.9964508633816695,-2.6402419484372577,-0.7661349299896233,0.5458102320643002,1
-1.322888149318213,-0.12389370097777186,5.453472201288847,2.1512222051979935,-1.5391773839450082,0.5064256534923461,-0.11010578237971265,1
-3.232079285108925,-3.568802157969092,-2.3990579948084942,1.9091446125437344,-1.8016298820140508,0.8322478721077681,0.35264630077424225,2
-0.846307948900646,-0.4794730797384327,6.788173033126044,-0.9724277285814695,0.14462416100546527,0.006779135404508099,0.5472579007362174,0
-2.9795411552643745,-0.5268041120905841,5.925683312799343,nan,-2.5381053618180958,0.09924536265581224,0.27515312810190334,0
-2.9553403840442596,nan,5.280286828886397,2.358771450279608,-2.047185573915691,nan,0.8107526259846594,1
-3.11056395198667,-3.7475914761372087,-3.4000092781462756,nan,-2.4423885198526616,-0.005928590700081737,-1.8132162686658144,2
-4.251118069626075,1.2469806110222272,6.518164639049675,-2.6045791684555857,-3.779883405767672,-0.0027678932553657585,1.6929373954800733,0
-3.471566976391091,-1.2857666299913197,5.968174617252854,-1.5959283707667569,-2.5893920319108483,-0.6324020813567541,0.7889463174431398,0
-3.8142612407353296,-2.2389973832753416,-4.079747183608614,-2.1943030842979847,-2.7938425646213774,0.5473345009869349,-0.1342724556261398,2
-3.3797219387647486,-5.296115920683541,-3.622595011568196,0.5617171470195591,-2.5973152960496813,0.7852005100119068,-0.7693270656702516,2
-3.2217221844948623,3.391332869299822,7.073557757380722,4.532085954156889,-2.883220357310024,-0.7545386692560551,0.5278491725011091,1
-0.37333006188226514,3.027695884408286,4.626694997523962,2.4815948510384294,-0.22601635173810997,0.49913226736484934,-0.2643443528381105,1
-3.812349246955603,-2.743063328817102,-1.5662306158003518,-0.8893024711707084,-3.0148002466069497,0.7449483094400664,0.9571033526836081,2
-3.048545690687109,1.1184903346043744,7.20044501585023,-1.6511383323264817,-2.52597773906155,-1.003534630864519,-1.006398538228548,0
-3.680196789055227,-0.05852729957089742,4.594296954078935,0.29247279159882916,-3.1207431857215964,1.4228866988556272,-1.624780187851098,0
-4.39287455747908,-2.37120754434735,-2.3328268029199224,1.2173777179742906,-3.0888196674002315,-0.004184721635968535,0.9436988908291957,2
-4.2977952763616045,2.5586865363949096,5.8932371278281215,3.65837829853383,-3.764826763188675,-1.6627007605389719,0.5132642974304771,1
-4.73767768981527,-6.206864921497986,-1.6483001446683243,0.9591940399270787,-4.072864247093369,0.13425224159377475,0.19177169815733455,2
-2.028115033826113,nan,6.196299592774839,0.09430516222689583,-1.574987162295041,0.915638633286134,nan,0
-3.5171635864004704,1.34311830718875,4.542958353511297,3.8558669183075516,-3.458580365518703,-0.17728594035638845,0.8482223057321544,1
-5.014957102877601,-2.2588173790347654,-1.829701992675018,0.8893281198163923,-3.7207946224015336,1.5163498433149556,0.7369290704599132,2
-2.403055446746887,2.707326260261334,5.354376867476187,3.5474952716708312,-1.4649136312768412,0.7135131937909092,-0.8191652092217603,1
-1.9833639238983256,1.914245599601729,5.677059297578947,2.7484307640467533,-1.4153478821937808,-2.0443417474501873,-1.9441626237257907,1
-4.171269905543165,-3.9077237046910955,-1.7633074596206642,-0.9516341272887702,nan,nan,0.4478983168099363,2
nan,-2.5376084668826495,-1.7566170544911934,1.4939736091358942,-3.9304406714648286,1.3288479971966738,-1.9609678856494017,2
-3.4533700081432492,-0.4860234858810014,5.53222426028576,1.16600042153755,-2.11371139227029,-0.29219553951742855,-1.5914101096087023,0
-3.818111319783678,-1.2932766999182022,nan,1.9075318256197695,-2.9488901169252824,0.6051337202688073,-1.3397474239761236,2
-1.9257623993419042,3.456045299726514,4.045954627296412,2.1447008577019697,-1.0995390272838075,-0.11360651127954283,0.571024124269274,1
-3.3423155784593495,1.6826928450363015,5.781561826400179,3.202300188959666,-2.6793402374525126,1.457977912679308,1.5320546430124249,1
-2.1766495116637175,1.2477684438482457,3.7732894776504473,4.059569859022747,-1.50678221451225,-0.2714283998197085,-0.22642939413495616,1
-3.4647994346310664,-3.7876697638726364,-1.3726308475582631,1.0599699436751586,-2.7042996710136453,nan,-0.38037615301337663,2
-2.9484529930256747,0.9125405336527412,5.831878310409364,1.360543897177095,-2.3710452321679143,-1.5432045784329496,-1.9603527108625656,0
-3.4617528073891637,3.6194252322410403,4.568130945929815,nan,-3.204651996370766,-1.589313940958594,0.7110556991438306,1
-4.064123772628371,1.7437921947193713,5.415455732565471,2.8833699150063294,-3.3851663424699945,-0.9630725185954515,-0.47891531652311425,1
-6.124105943823087,-3.0506416873204953,-2.6121912552061946,2.600438511904303,-4.347835294310768,0.9611410174890476,nan,2
-3.6683653580759525,1.9599330347865602,4.9845422115631965,3.2965260424997926,-2.5056404662346705,-1.7495139682112926,0.5718967536447993,1
-3.6472189386534986,-3.6802309770641353,-2.6955877093970537,-0.05291847144918893,-2.738320777503203,-0.26103204569405897,-1.211293055646251,2
-2.7414847543706786,1.9979055828647687,5.779483053166909,-0.34481465220964724,-2.6448273881177293,0.8888500341634161,-0.7137103555526085,0
-1.657003094151266,1.447267208057832,6.904573212713574,4.449217059308205,-1.403085005704819,-0.23177395649274649,-0.3191824428003465,1
-1.5057905844854438,0.8390340550479829,7.569562359495471,0.48853231352365584,-1.3934793312444007,-0.4341647885159016,-0.9817690167877797,0
-3.2238113410025644,-3.098084102797947,-4.047337878457485,1.5252135381664136,-2.607557473687775,-1.7209946064244621,0.5915342752556378,2
-4.182053587109693,-2.9062006597310086,-1.6362946388620847,0.6986497814792568,-3.3067007119915193,-1.5294493183523916,0.43293062358174383,2
-0.9006016902439168,2.1633467832320594,4.4837707417353405,2.8831204129792436,-0.9123281833397975,1.4194653199235956,0.020095446508704425,1
-3.753647783829442,0.48269933533840903,8.118833542996281,-0.027792955613056558,-3.3665960090583797,0.09788771033779566,0.32962879764126285,0
-2.3950443488313273,1.054103905148477,6.728629845289767,-0.32795286974615084,-1.5049351109675704,1.057852980286104,1.0887002317589793,0
-0.6594986316875153,1.1080523293806948,4.4007048068419286,0.5628327983717416,-0.17246200704481418,1.9553940769517222,-0.3805209076666005,0
-4.056122344664004,-2.390841306214174,-1.543679233724023,0.2265940813655054,-3.447753865463955,-0.7289775070036132,-0.8376870407933887,2
nan,-2.1873639055476537,-2.641913800606889,0.7402414604381802,nan,-1.7629263663411667,-1.4180021774560687,2
-3.5319944047921865,-0.4192257721668339,6.8385465301809205,-0.0334386149699642,-3.152471371073032,0.35691929025552455,-0.47939417151670616,0
-4.001416763172475,-3.895093336295476,-1.2557290836412873,0.7450935353064905,-3.1696309390563133,-1.3032709150268513,1.179324210328379,2
-3.424665060314398,-5.254088199829151,-3.928581504482722,1.8571639424583921,-3.1062612989576297,2.429835533509688,-0.6783731892034653,2
-1.899295673433179,1.9106469717670405,4.176017325817447,5.439622606565763,-1.266299995527989,-1.0967822820213762,0.49359566131342414,1
-3.0964491961526592,2.752588462178338,4.1086235465247025,1.9915285470322954,-2.603068597866441,-1.0758195253804559,-1.6400053020394951,1
-4.506113818335483,0.49689671437264105,7.2750004689260885,-0.5789641238308629,-3.7909937646652625,0.46832457761752305,0.8465081978812264,0
-3.6500087781892243,-2.215778557966457,-1.2795611156246114,1.1713438893405361,-3.078107206416113,-0.6968350706562627,-2.340084503761109,2
-3.6436923635481726,1.5036908721353806,3.835935098600273,1.7503071946500037,-3.048488231418611,0.4936621446407731,1.3427549575564932,1
nan,-2.781105204372044,-1.3037157696704806,-0.9947252898635365,-3.5456656453253106,-0.16492650577676604,0.02952764700111696,2
0.9470633708389157,2.0710307145690297,5.494405421359693,4.252154002972736,0.7572507919204239,0.48509727825335336,-2.3343254188493505,1
-4.232584690162292,-4.443109190786623,-2.648862795257254,-0.10330653422277503,-3.597760700691985,2.491982868822881,1.3082355268926125,2
-3.8173240042481957,-3.3021529191377006,-1.1777010518194306,-0.7544279260935601,-2.9712336647673006,-0.9474420625606551,-0.5519520351298898,2
-3.974327655289466,-4.6694982665157125,-4.087780157642915,nan,-3.182541021079029,-0.6421081302204561,-0.19080704207438917,2
-1.7344271451925768,0.34115326629521203,5.2086611502431746,-1.0259865346836303,-1.4768297230239154,-0.1272221945058966,-0.17773815592516318,0
-3.781784872254587,-0.9172673628063267,3.843583201328408,-1.1589761639253555,-2.815470639738433,0.4070255388800284,-1.0602564091686022,0
-2.8692157278778962,-3.0739253746959845,-2.988818573832962,1.8131004042345094,-2.5273427550575156,0.2744941449519291,0.48823083135073414,2
-2.33882621574035,-0.7881310509322811,5.320109000511559,-1.1303138532869204,-2.179437110679867,-0.07166849114154028,1.3805650868286574,0
-3.481721767600664,0.41246159913507374,7.123140495089413,1.4919994634400642,-2.6725054170167244,0.6231663860117603,0.13578839063582668,0
-2.608778927438273,-0.6743646375441473,5.24388114983393,0.08902183121653445,-2.130902123758661,-0.3383965479213999,0.5988868219639398,0
-3.302465683339845,0.38072647975448837,5.435122534533744,1.6092651507469846,-3.0033144174674797,0.1944980459572838,1.6291865819375058,0
-1.6119201188669217,0.07197826905921934,4.404088291124054,0.0012765873562812224,-0.7976024918238145,0.2582635879811622,0.8428996862947518,0
-2.6050438037078116,-0.15870679282887623,5.479727086805738,0.8768348042761738,-1.499352955190494,1.3389437074288262,1.0669767353173842,0
-6.01834415972041,-2.795015142043659,-1.9855592637351025,0.34332709670922235,-4.742318621501715,1.3474288287690888,-0.07754550419771723,2
-1.5659627061896861,-0.5596359151543423,6.074286308455178,-0.5734767014594879,-0.6645328133005614,-1.776694848772596,0.6227614438930199,0
-3.7624795430540074,3.8114129441066185,5.953015533249014,3.7923317941490056,-3.082246936926578,-0.23374073018471073,-0.7451464017088146,1
-4.668312268887082,-3.322170353919513,-3.278908741614978,nan,-3.7386166108517798,nan,1.6861875951824812,2
-5.01446712468718,-4.015649551872325,-1.5391991616708722,1.473646865378912,-3.7558650746957163,-1.0485088953432382,0.4642239341596261,2
-3.4362291241458403,-0.00042821487049260476,5.110576897365441,0.12842074599642633,-2.5550163521277867,0.7856741392293933,-2.9135002211913155,0
-4.224633879880721,-2.8363034014411603,-3.5819613458589763,0.36227231212806255,-3.3195544424545735,0.799770563607932,-0.7764099567809484,2
-2.069672729739048,1.2500459002918962,4.715955256965905,4.398399450554574,-1.5402253873296199,-1.3189344254105426,-1.2863098049887247,1
-3.234121480056488,-1.036484758879217,8.01346960561251,-0.5298368907057556,-2.826929009524179,0.782831861958762,0.05650398117463773,0
-2.80202711798933,-0.8016816063806121,4.009067361733855,-0.08762192581372769,-2.622683774873236,-1.6828930474193895,-1.2927159522518874,0
-1.8799342096587197,1.0710499921089578,5.74298277320688,1.1180390703059897,-1.2174604828818818,1.551334963179746,-0.7156922011368109,0
-2.5650855025279284,-3.3381632313535867,-2.0930982094488098,0.5798993850258265,-1.6165832205830557,0.10673507013324164,-0.8416104738596257,2
-1.6369861138631223,1.7942786233066732,6.075430744122717,3.492702737272963,-0.991005951169674,-0.17031232338709218,0.496606847287364,1
-4.645672495970945,-4.896275366878232,-0.7663595335875835,1.5151098468128095,-3.246282226575463,nan,-0.7359932704560471,2
-4.9250123580212675,0.9870162097160691,3.4018730883168327,-0.6546505969407084,-4.0159582999500545,-0.21172423630946993,0.3251472766202393,0
-3.0215814596189654,1.4972500630734795,7.693897803252823,-1.6023394236762234,-2.5524324004374734,0.9775061909669228,-1.2218142770879845,0
-3.2386121352164414,-3.3324048243732314,-2.0880577819002797,2.37896502450738,-2.764501799270077,-1.2969621695281328,1.9846594156300732,2
-2.1083947936622844,0.938680659477025,5.084081761559727,-1.2347623674462684,-1.4844466102963485,-0.7941027084630907,0.5324414299100951,0
-3.1587044929221664,1.2072292636322268,7.395021350654998,-1.0930442863506242,-2.3231288570344084,0.4980909720544658,-1.197574413358395,0
-1.1113258973654738,2.2159611614668457,5.449548040712529,2.7047404469376595,-1.1654507918891912,0.9515551039800949,0.7744773832618956,1
-2.7812580925589265,-0.39555355152124594,6.76329083446167,-0.7048338450045772,-2.3468238155557604,0.01850279354154051,-0.13367131153424597,0
-2.7592978708244043,2.75131493498426,6.348398055741754,nan,-2.5610197722940735,1.3348210666138467,-1.3010893610578698,1
-1.723659807653053,1.3925624422409317,7.150710975749991,0.05873148590057198,-1.1206233114281874,0.28033631614782456,1.0593316269117476,0
-3.096968416199341,0.48298703932487375,5.776142041763274,1.8336125734178321,-2.8915301559319175,0.41999738339670795,0.7409431165720596,0
